0,1,2,3,4,5,6,7,8,9
0,1,2,3,4,5,6,7,8,28
0,1,2,3,4,5,6,7,27,28
0,1,2,3,4,5,6,7,8,29
0,1,2,3,4,5,6,7,28,29
0,1,2,3,4,5,6,7,8,30
0,1,2,3,4,5,6,7,29,30
0,1,2,3,4,5,6,7,8,31
0,1,2,3,4,5,6,7,30,31
0,1,2,3,4,5,6,7,8,32
0,1,2,3,4,5,6,7,31,32
0,1,2,3,7,16,17,18,27,31
0,1,2,3,6,7,16,17,27,31
0,1,2,3,4,5,7,18,29,31
0,1,2,3,5,6,7,16,27,31
0,1,2,3,4,5,6,8,18,30
0,1,2,3,4,8,16,28,29,30
0,1,2,3,7,8,15,28,29,35
0,1,2,3,8,15,16,18,28,30
0,1,2,3,4,5,6,7,8,33
0,1,2,3,5,8,15,18,28,30
0,1,2,3,7,8,15,28,29,30
0,1,2,3,5,7,8,15,28,30
0,1,2,3,4,8,16,29,30,31
0,1,2,3,4,5,6,8,18,31
0,1,2,3,4,5,6,7,32,33
0,1,2,3,4,5,7,18,30,32
0,1,2,3,4,6,7,17,29,32
0,1,2,3,5,6,7,16,28,32
0,1,2,3,6,7,16,17,28,32
0,1,2,3,7,16,17,18,28,32
0,1,2,3,4,5,6,7,8,34
0,1,2,3,5,7,8,15,31,36
0,1,2,3,5,8,15,18,29,31
0,1,2,3,4,8,16,24,30,31
0,1,2,3,5,6,7,8,29,36
0,1,2,3,7,8,15,29,30,31
0,1,2,3,5,7,8,15,29,31
0,1,2,3,4,8,16,30,31,32
0,1,2,3,4,5,6,8,18,32
0,1,2,3,7,8,15,23,29,30
0,1,2,3,4,6,8,16,18,30
0,1,2,4,6,7,8,14,28,30
0,1,2,3,7,8,15,29,35,36
0,1,2,4,6,7,8,14,34,36
0,1,2,3,7,8,15,29,30,36
0,1,2,3,8,15,16,18,29,31
0,1,2,3,5,6,7,16,32,36
0,1,2,4,6,11,15,17,27,31
0,1,2,4,11,15,17,18,27,31
0,1,2,4,5,6,11,15,27,31
0,1,2,4,5,11,15,18,27,31
0,1,2,5,6,7,11,16,27,32
0,1,2,5,11,15,16,18,27,31
0,1,2,4,5,6,11,15,31,36
0,1,2,5,6,7,11,16,31,36
0,1,2,4,6,7,11,17,27,31
0,1,2,4,7,11,17,18,27,31
0,1,2,3,7,16,17,18,23,27
0,1,2,4,5,6,11,15,26,31
0,1,2,3,4,5,6,7,27,36
0,1,2,4,5,7,11,18,27,31
0,1,2,5,7,11,16,18,27,31
0,1,2,3,4,5,6,7,36,37
0,1,2,3,6,7,16,17,27,37
0,1,2,5,6,7,11,16,22,27
0,1,2,3,6,7,16,17,23,27
0,1,2,3,6,7,16,17,27,33
0,1,3,4,6,7,10,17,27,37
0,1,3,6,7,10,16,17,27,37
0,1,4,5,10,11,14,15,21,31
0,1,2,4,5,11,15,18,31,35
0,1,3,4,6,7,10,17,30,37
0,1,3,4,7,10,14,17,27,30
0,1,3,5,7,10,14,16,27,36
0,1,2,4,6,7,11,17,33,37
0,1,3,6,7,10,16,17,23,33
0,1,3,4,6,7,10,17,33,37
0,1,2,3,4,5,6,7,33,34
0,1,2,3,4,6,7,17,30,33
0,1,2,3,6,7,16,17,29,33
0,1,2,3,7,16,17,18,29,33
0,1,2,5,6,7,11,16,28,33
0,1,2,4,5,6,11,15,32,37
0,1,2,5,11,15,16,18,28,32
0,1,2,3,5,6,7,16,33,37
0,1,2,3,4,5,7,18,31,33
0,1,2,3,4,7,18,24,30,31
0,1,2,3,5,7,16,18,29,31
0,1,2,3,4,7,24,30,31,37
0,1,2,3,4,7,17,30,31,37
0,1,3,4,6,7,27,30,34,37
0,1,2,4,6,7,8,14,35,37
0,1,3,4,7,17,24,31,34,37
0,1,2,3,4,7,8,24,31,37
0,1,2,3,6,7,8,23,30,37
0,1,2,3,7,8,15,30,31,37
0,1,2,3,8,15,16,18,30,32
0,1,2,3,6,7,8,23,36,37
0,1,2,3,7,8,15,30,36,37
0,1,2,3,5,6,7,16,29,33
0,1,2,4,6,11,15,17,28,32
0,1,2,4,5,11,15,18,28,32
0,1,2,4,11,15,17,18,28,32
0,1,3,4,6,7,10,17,27,34
0,1,3,4,7,10,14,17,31,34
0,1,3,5,7,10,14,16,27,31
0,1,2,4,7,11,17,18,24,28
0,1,2,4,11,15,17,18,24,28
0,1,3,4,6,7,10,17,30,34
0,1,2,4,5,7,11,18,31,35
0,1,2,3,7,8,15,35,36,37
0,1,2,3,7,8,15,23,24,30
0,1,2,7,8,14,15,24,30,37
0,1,3,5,7,8,13,15,35,37
0,1,2,3,5,7,8,15,35,37
0,1,3,4,7,17,24,27,30,37
0,1,2,3,5,6,8,18,30,35
0,1,2,3,5,8,15,18,30,35
0,1,2,3,6,7,8,23,28,29
0,1,2,5,7,15,17,22,30,37
0,1,2,7,8,14,15,23,30,37
0,1,3,5,6,8,13,18,28,33
0,1,3,5,7,8,13,15,28,30
0,1,2,3,4,5,6,7,8,35
0,1,2,3,4,6,8,16,18,31
0,1,2,3,5,8,15,18,30,32
0,1,2,3,5,7,8,15,32,37
0,1,3,5,6,8,13,18,30,35
0,1,2,3,5,7,8,15,30,32
0,1,2,3,8,15,16,18,23,25
0,1,2,3,5,8,15,18,25,30
0,1,2,3,4,8,16,31,32,33
0,1,2,4,5,6,8,29,33,37
0,1,2,3,4,5,7,8,29,37
0,1,2,4,5,6,18,26,30,34
0,1,2,5,6,18,22,30,34,35
0,1,2,4,8,16,24,25,29,37
0,1,2,3,5,6,7,28,32,37
0,1,2,3,4,6,7,28,31,37
0,1,2,3,4,6,17,30,31,37
0,1,2,5,11,15,16,18,22,26
0,1,3,6,7,10,16,17,27,31
0,1,3,4,6,7,10,17,27,31
0,1,2,4,5,7,11,18,28,32
0,1,2,4,7,11,17,18,28,32
0,1,2,5,7,11,16,18,28,32
0,1,2,4,5,6,11,15,32,36
0,1,2,4,6,7,8,14,29,31
0,1,2,5,6,7,11,16,32,37
0,1,2,4,5,6,11,15,27,32
0,1,2,4,6,7,11,17,28,32
0,1,2,3,7,16,17,18,24,28
0,1,2,3,4,5,6,7,28,37
0,1,2,3,4,5,6,7,37,38
0,1,2,3,4,6,7,24,30,33
0,1,2,3,4,6,17,24,32,33
0,1,2,3,5,6,7,23,29,33
0,1,2,3,5,6,7,29,33,38
0,1,2,3,4,7,18,25,31,32
0,1,2,3,4,5,7,18,25,32
0,1,2,3,5,7,16,18,30,34
0,1,2,3,4,5,6,7,34,35
0,1,2,3,4,5,6,7,34,36
0,1,2,3,5,7,16,18,30,32
0,1,2,3,6,7,30,31,37,38
0,1,2,4,5,7,18,25,32,36
0,1,2,3,4,7,25,31,32,38
0,1,2,3,4,6,7,17,31,38
0,1,2,4,5,7,11,18,32,36
0,1,2,3,4,7,17,18,25,32
0,1,2,4,5,11,15,18,29,32
0,1,2,4,7,11,17,18,25,32
0,1,3,4,6,7,10,17,31,35
0,1,3,4,6,7,10,17,31,38
0,1,2,4,11,15,17,18,25,29
0,1,3,4,7,10,14,17,28,31
0,1,3,6,7,10,16,17,24,34
0,1,2,3,6,7,16,17,30,34
0,1,2,3,5,6,7,16,30,34
0,1,2,3,4,5,7,18,32,35
0,1,3,4,6,7,10,17,34,38
0,1,2,3,4,5,7,18,35,38
0,1,2,3,5,6,7,16,23,34
0,1,2,3,7,16,17,18,30,34
0,1,2,4,5,11,15,18,32,38
0,1,2,4,6,7,11,17,34,38
0,1,3,5,7,10,14,16,28,37
0,1,2,4,5,11,15,18,32,36
0,1,2,3,4,6,7,17,24,37
0,1,2,3,4,6,7,17,24,31
0,1,2,3,4,6,7,17,31,37
0,1,2,4,5,11,15,18,29,35
0,1,2,4,7,11,17,18,31,35
0,1,2,3,5,7,16,18,36,38
0,1,2,3,16,17,23,24,30,31
0,1,2,4,5,7,18,22,28,31
0,1,2,3,4,7,24,31,37,38
0,1,2,3,5,7,16,18,27,31
0,1,2,4,5,7,18,22,29,35
0,1,2,3,4,7,24,25,31,38
0,1,2,3,5,7,16,18,23,25
0,1,2,4,6,15,17,22,31,35
0,1,3,5,7,14,16,18,25,34
0,1,2,4,6,7,11,17,31,35
0,1,2,4,5,11,15,18,25,29
0,1,3,6,7,10,16,17,21,31
0,1,2,5,11,15,16,18,25,29
0,1,3,4,6,7,10,17,34,37
0,1,3,6,7,10,16,17,30,34
0,1,2,4,5,6,22,26,28,32
0,1,2,4,5,7,22,25,27,32
0,1,2,4,5,7,22,25,28,32
0,1,3,4,6,7,21,28,31,38
0,1,2,4,5,6,22,26,32,36
0,1,2,3,4,7,17,24,25,38
0,1,3,4,6,7,21,24,28,31
0,1,2,3,5,8,15,18,23,25
0,1,2,3,6,7,8,23,24,38
0,1,3,5,6,8,13,18,23,28
0,1,3,4,6,8,16,18,28,38
0,1,2,3,4,5,6,8,18,28
0,1,2,3,4,6,8,16,18,28
0,1,2,4,5,7,8,25,32,35
0,1,2,3,5,8,15,18,33,35
0,1,3,4,6,7,21,31,34,38
0,1,3,5,6,8,13,18,33,38
0,1,2,3,4,7,17,27,28,34
0,1,3,4,7,17,21,28,31,34
0,1,2,3,4,6,8,16,18,34
0,1,2,4,6,7,8,14,32,34
0,1,2,3,8,15,16,18,26,28
0,1,2,3,5,7,8,15,28,33
0,1,2,3,5,8,15,18,26,28
0,1,3,4,6,8,16,18,21,31
0,1,2,3,4,7,17,27,28,37
0,1,2,3,4,5,7,28,35,37
0,1,2,3,4,5,7,28,35,38
0,1,2,3,5,18,26,28,36,38
0,1,2,3,5,6,7,23,28,33
0,1,3,4,6,21,24,26,28,31
0,1,2,3,5,7,23,25,28,38
0,1,2,3,5,7,28,33,35,38
0,1,3,4,6,21,31,34,36,38
0,1,2,3,5,6,23,33,36,38
0,1,2,3,5,7,8,15,23,28
0,1,2,3,5,8,15,18,23,28
0,1,2,7,8,14,15,22,28,35
0,1,3,5,7,8,13,15,33,35
0,1,2,3,5,7,8,15,33,35
0,1,2,3,5,8,15,18,28,33
0,1,3,5,6,8,13,18,26,31
0,1,3,5,6,8,13,18,21,36
0,1,2,3,4,6,8,16,18,36
0,1,2,3,8,15,16,18,36,38
0,1,2,4,6,7,8,14,22,24
0,1,3,4,7,17,21,24,31,38
0,1,2,3,4,6,8,16,18,24
0,1,2,4,5,6,8,18,28,32
0,1,2,4,5,6,8,18,32,36
0,1,2,3,4,6,8,16,18,38
0,1,2,4,6,7,8,14,22,28
0,1,2,4,6,8,14,16,18,28
0,1,3,4,6,8,16,18,24,34
0,1,2,3,6,7,23,24,33,34
0,1,2,4,5,6,22,28,32,38
0,1,2,4,5,6,22,32,36,38
0,1,2,4,6,8,14,16,18,22
0,1,2,4,6,8,14,16,18,32
0,1,2,3,5,7,8,15,23,25
0,1,2,7,8,14,15,25,32,38
0,1,2,3,4,6,8,16,18,26
0,1,3,5,6,8,13,18,31,36
0,1,3,5,7,8,13,15,31,33
0,1,2,3,5,8,15,18,33,38
0,1,3,5,6,8,13,18,23,38
0,1,3,4,6,8,16,18,26,36
0,1,2,3,5,8,15,18,23,38
0,1,3,5,7,8,13,15,21,23
0,1,3,5,6,8,13,18,21,26
0,1,2,4,6,8,14,16,18,24
0,1,2,4,6,8,14,16,18,34
0,1,2,4,6,8,14,16,18,38
0,2,4,6,8,10,12,14,16,18
0,1,2,4,5,6,26,30,32,36
0,1,2,3,4,6,7,24,31,38
0,1,2,3,4,5,6,7,27,29
0,1,2,3,4,7,17,31,32,38
0,1,2,3,4,6,7,24,31,37
0,1,2,3,4,6,7,24,30,37
0,1,2,3,5,6,26,29,31,36
0,1,2,3,4,5,6,7,29,31
0,1,3,4,6,26,29,31,33,36
0,1,2,3,5,7,23,28,30,33
0,1,2,3,5,6,28,31,33,38
0,1,2,4,5,6,28,32,34,38
0,1,2,3,4,5,6,7,30,32
0,1,3,4,6,24,27,29,31,34
0,1,2,3,4,5,6,7,31,33
0,1,2,3,5,7,25,30,32,35
0,1,3,4,6,28,31,33,35,38
0,1,2,3,4,7,17,25,31,32
0,1,3,4,6,7,28,31,35,38
0,1,2,3,4,5,7,8,30,38
0,1,2,3,5,6,7,8,28,36
0,1,2,3,4,6,7,8,24,30
0,1,2,3,4,6,8,24,30,32
0,1,2,4,5,6,8,28,32,36
0,1,2,3,5,6,7,8,30,38
0,1,2,3,5,6,8,23,28,31
0,1,2,4,5,6,18,27,31,35
0,1,2,5,6,18,23,27,28,35
0,1,2,3,5,6,7,8,28,35
0,1,2,3,8,15,16,28,29,30
0,1,2,4,8,16,22,29,30,34
0,1,2,3,5,6,18,27,30,35
0,1,2,3,4,6,8,30,36,38
0,1,2,4,6,7,8,22,28,34
0,1,2,4,6,7,8,22,28,30
0,1,2,3,5,6,7,8,23,35
0,1,2,3,5,6,8,30,35,38
0,1,2,3,5,6,7,8,23,30
0,1,2,3,7,8,15,23,24,25
0,1,2,5,6,18,22,23,30,38
0,1,2,3,4,5,7,8,25,33
0,1,2,3,5,6,8,23,26,38
0,1,2,3,5,6,7,8,23,31
0,1,2,3,4,8,16,24,25,26
0,1,2,3,7,8,15,24,25,31
0,1,2,3,7,8,15,31,32,33
0,1,2,5,6,18,26,30,31,38
0,1,2,4,8,16,25,32,33,37
0,1,2,3,5,6,7,8,31,38
0,1,2,3,5,6,8,26,31,34
0,1,2,3,4,5,8,26,33,34
0,1,2,3,4,8,16,32,33,34
0,1,2,4,5,6,8,30,34,38
0,1,2,3,5,6,18,23,26,31
0,1,2,4,8,16,25,26,30,38
0,1,2,3,4,7,8,25,37,38
0,1,2,4,5,6,8,22,26,30
0,1,2,4,5,6,8,22,34,38
0,1,2,3,4,8,16,36,37,38
0,1,2,3,4,5,6,7,8,36
0,1,2,4,8,16,22,30,37,38
0,1,2,5,6,18,23,31,35,36
0,1,2,3,5,6,7,8,23,36
0,1,2,4,6,7,8,22,24,30
0,1,2,3,4,6,7,8,32,38
0,1,2,4,6,7,8,24,30,32
0,1,2,4,6,7,8,24,30,36
0,1,2,3,4,6,7,24,27,38
0,1,2,3,4,6,17,26,27,38
0,1,2,3,4,7,18,24,25,38
0,1,2,3,6,7,27,32,37,38
0,1,2,3,6,17,26,27,32,38
0,1,2,4,6,7,27,31,36,38
0,1,2,5,7,16,18,25,32,36
0,1,2,4,7,18,25,27,36,38
0,1,2,3,4,5,6,7,36,38
0,1,2,3,4,5,7,18,34,36
0,1,3,5,6,21,26,30,32,35
0,1,3,4,6,7,21,24,27,30
0,1,2,3,6,7,16,17,37,38
0,1,2,3,7,16,17,18,32,38
0,1,2,4,6,7,11,17,31,38
0,1,2,4,6,7,11,17,22,31
0,1,2,5,7,11,16,18,32,36
0,1,2,5,7,11,16,18,25,32
0,1,3,5,7,14,16,18,21,30
0,1,2,3,5,7,16,18,32,34
0,1,2,4,5,7,11,18,34,38
0,1,3,4,7,10,14,17,34,37
0,1,3,5,7,10,14,16,30,34
0,1,3,4,7,10,14,17,21,24
0,1,3,5,7,10,14,16,21,30
0,1,4,5,10,11,14,15,25,35
0,1,2,4,6,11,15,17,31,35
0,1,2,4,7,11,17,18,31,38
0,1,2,4,11,15,17,18,31,35
0,1,2,3,4,6,7,24,27,33
0,1,2,3,5,7,16,18,25,27
0,1,2,3,4,6,17,26,27,33
0,1,2,3,5,6,7,23,27,32
0,1,2,3,5,6,7,27,32,38
0,1,2,6,7,22,27,31,32,33
0,1,3,5,6,21,27,30,32,36
0,1,3,5,7,14,16,18,25,27
0,1,2,3,6,17,23,24,32,38
0,1,2,3,6,7,23,24,33,38
0,1,2,4,6,7,22,24,33,37
0,1,2,5,6,7,22,23,37,38
0,1,3,4,6,7,24,27,30,33
0,1,3,5,6,21,27,32,36,38
0,1,3,5,7,14,16,18,27,36
0,1,2,4,5,6,11,15,22,38
0,1,2,4,6,11,15,17,22,38
0,1,3,5,7,10,14,16,21,37
0,1,2,5,11,15,16,18,32,36
0,1,2,4,7,11,17,18,34,38
0,1,3,4,6,7,10,17,21,37
0,1,2,4,7,11,17,18,22,38
0,1,2,4,11,15,17,18,22,38
0,1,3,4,6,7,10,17,24,28
0,1,3,4,6,7,10,17,21,28
0,1,3,4,7,10,14,17,21,38
0,1,2,4,5,11,15,18,22,38
0,1,2,4,5,7,11,18,22,38
0,1,2,3,4,5,6,7,27,38
0,1,2,5,7,11,16,18,22,38
0,1,2,5,11,15,16,18,22,38
0,1,2,4,6,7,11,17,24,28
0,1,3,5,7,10,14,16,27,38
0,1,2,4,5,11,15,18,22,26
0,1,2,3,5,6,7,16,23,27
0,1,2,3,6,7,16,17,24,28
0,1,3,6,7,10,16,17,24,28
0,1,2,3,4,6,7,17,28,38
0,1,2,3,6,7,16,17,34,38
0,1,2,5,6,7,11,16,33,38
0,1,2,3,6,7,16,17,28,38
0,1,3,6,7,10,16,17,28,38
0,1,4,5,10,11,14,15,22,32
0,1,2,4,5,6,11,15,22,37
0,1,2,5,6,7,11,16,23,38
0,1,2,3,7,16,17,18,34,38
0,1,2,4,5,6,11,15,22,27
0,1,2,4,6,7,11,17,22,38
0,1,4,5,10,11,14,15,28,38
0,1,3,5,7,10,14,16,34,38
0,1,2,5,11,15,16,18,29,33
0,1,2,4,5,6,11,15,33,38
0,1,2,3,5,6,7,16,34,38
0,1,3,5,7,10,14,16,23,34
0,1,2,5,7,11,16,18,34,38
0,1,2,5,7,11,16,18,29,33
0,1,2,4,6,11,15,17,24,28
0,1,2,4,5,6,11,15,28,33
0,1,3,5,7,10,14,16,23,27
0,1,4,5,10,11,14,15,27,37
0,1,2,4,6,11,15,17,33,37
0,1,2,4,5,6,11,15,29,33
0,1,2,5,7,11,16,18,25,29
0,1,3,5,7,10,14,16,25,34
0,1,2,3,7,16,17,18,25,29
0,1,2,4,5,11,15,18,29,33
0,1,2,4,5,7,11,18,29,33
0,1,3,4,6,7,10,17,28,35
0,1,3,4,7,10,14,17,25,28
0,1,2,4,11,15,17,18,22,26
0,1,3,4,6,7,10,17,28,32
0,1,2,4,5,7,11,18,25,29
0,1,2,4,7,11,17,18,25,29
0,1,3,5,7,10,14,16,23,32
0,1,3,5,7,10,14,16,21,32
0,1,2,4,6,11,15,17,29,33
0,1,3,5,7,10,14,16,28,32
0,1,2,4,6,7,11,17,29,33
0,1,2,5,11,15,16,18,23,27
0,1,2,5,7,11,16,18,23,27
0,1,2,4,6,11,15,17,22,26
0,1,2,4,7,11,17,18,29,33
0,1,3,6,7,10,16,17,28,32
0,1,2,4,6,7,11,17,22,33
0,1,4,5,10,11,14,15,26,36
0,1,3,5,7,10,14,16,32,36
0,1,2,3,5,7,16,18,34,36
0,1,2,4,11,15,17,18,29,33
0,1,3,4,7,10,14,17,32,35
0,1,3,5,7,10,14,16,21,25
0,1,2,4,6,15,17,24,28,35
0,1,3,5,7,14,16,18,27,29
0,1,2,3,4,6,7,24,35,38
0,1,2,3,4,6,17,24,37,38
0,1,2,3,5,7,16,18,23,34
0,1,3,5,7,14,16,18,23,32
0,1,2,3,4,7,18,29,35,36
0,1,2,3,5,6,7,23,34,38
0,1,2,3,6,7,27,28,34,35
0,1,2,4,5,7,18,22,29,33
0,1,2,3,6,7,24,29,34,35
0,1,2,3,6,17,23,24,29,35
0,1,2,3,4,5,7,18,24,31
0,1,2,3,6,7,22,23,29,30
0,1,2,4,5,7,18,24,28,37
0,1,2,3,4,6,7,17,23,30
0,1,2,3,4,7,23,24,30,37
0,1,2,3,4,6,17,23,24,30
0,1,2,3,5,6,7,20,24,29
0,1,2,3,4,5,6,7,22,23
0,1,2,3,4,5,6,7,23,24
0,1,2,3,4,7,18,20,31,37
0,1,2,3,4,7,18,31,37,38
0,1,2,3,4,5,6,7,20,39
0,1,2,3,6,7,20,29,30,39
0,1,3,4,6,7,20,23,30,33
0,1,2,3,6,7,29,30,36,37
0,1,2,4,5,7,18,24,31,35
0,1,2,3,5,7,16,18,29,33
0,1,2,3,11,12,20,21,24,30
0,1,2,3,11,12,20,21,30,35
0,1,2,3,11,23,24,29,37,38
0,1,2,10,11,12,24,28,34,38
0,1,2,3,11,12,24,29,35,38
0,1,2,3,11,12,20,21,24,29
0,1,2,3,11,12,20,21,24,31
0,1,2,3,11,12,20,21,22,23
0,1,2,3,11,12,20,21,29,30
0,1,3,9,11,12,21,24,27,33
0,1,3,9,11,12,21,27,29,35
0,1,2,3,11,12,23,24,29,38
0,1,2,3,11,12,20,21,35,39
0,1,2,3,11,12,20,22,29,31
0,1,2,3,11,12,20,22,30,32
0,1,2,3,11,12,23,29,32,34
0,1,3,9,11,12,21,24,35,38
0,1,3,9,11,12,21,23,29,32
0,1,2,3,11,12,20,23,29,31
0,1,2,3,11,12,20,29,32,38
0,1,3,9,11,12,21,27,29,33
0,1,3,9,11,12,21,27,29,38
0,1,2,3,11,12,20,24,29,35
0,1,2,3,11,12,20,24,29,38
0,1,2,3,11,12,23,29,34,38
0,1,3,9,11,12,21,24,27,30
0,1,2,10,11,12,20,28,30,38
0,1,2,3,11,12,20,21,22,38
0,1,2,3,11,12,29,32,33,34
0,1,2,3,11,12,20,21,38,39
0,1,2,3,22,29,30,35,36,37
0,1,2,3,11,23,31,32,37,38
0,1,2,3,11,12,23,29,32,38
0,1,2,3,11,12,20,31,32,39
0,1,2,3,11,12,20,21,30,31
0,1,2,10,11,12,22,28,32,38
0,1,3,9,11,12,21,29,32,35
0,1,2,3,11,12,20,21,29,32
0,1,2,3,11,12,20,21,29,33
0,1,2,3,11,12,20,21,22,39
0,1,2,3,11,12,20,21,22,34
0,1,2,3,11,12,20,21,34,39
0,1,2,3,11,12,20,21,24,32
0,1,2,3,11,12,20,29,31,38
0,1,2,3,11,29,31,32,34,35
0,1,2,3,11,31,32,34,35,38
0,1,3,9,11,12,20,24,29,32
0,1,3,9,11,12,20,29,32,38
0,1,2,3,11,12,21,22,30,33
0,1,2,3,11,12,23,24,32,35
0,1,2,3,11,12,21,22,23,30
0,1,2,3,11,12,21,22,23,31
0,1,2,3,11,12,21,22,30,34
0,1,2,3,11,12,21,22,30,31
0,1,2,3,11,12,21,23,30,32
0,1,2,3,11,12,21,23,31,33
0,1,2,10,12,20,22,24,28,36
0,1,2,3,11,21,23,29,30,35
0,1,3,9,11,12,21,27,33,35
0,1,2,3,11,23,24,29,30,35
0,1,2,10,11,12,20,24,30,34
0,1,2,3,21,22,29,30,35,36
0,1,2,10,12,20,22,28,30,34
0,1,3,9,11,12,21,27,33,39
0,1,2,10,11,12,20,22,30,32
0,1,2,3,11,12,21,22,23,24
0,1,2,3,11,12,21,23,32,34
0,1,3,9,11,12,21,24,30,32
0,1,2,3,11,20,21,23,24,37
0,1,2,3,11,20,21,23,24,38
0,1,2,3,11,12,21,23,33,38
0,1,2,10,12,21,31,33,36,39
0,1,3,9,11,12,24,30,32,38
0,1,2,3,11,20,21,34,37,38
0,1,2,3,11,20,21,35,37,38
0,1,2,3,11,12,21,23,25,33
0,1,2,3,11,12,21,23,33,36
0,1,2,3,11,12,22,24,32,34
0,1,2,10,11,12,21,23,31,33
0,1,2,3,20,25,32,33,38,39
0,1,2,3,11,20,22,24,33,38
0,1,2,3,11,12,21,22,23,32
0,1,2,3,11,24,25,32,33,38
0,1,2,3,24,25,32,33,38,39
0,1,2,10,12,23,25,31,33,37
0,1,3,9,11,12,22,24,30,36
0,1,2,3,11,12,24,25,33,34
0,1,2,3,11,12,24,25,33,36
0,1,2,3,11,12,22,23,24,25
0,1,2,3,11,12,22,23,26,27
0,1,2,3,11,12,22,23,26,33
0,1,2,3,11,12,22,23,27,33
0,1,2,3,11,12,22,23,27,34
0,1,2,3,11,12,22,23,24,35
0,1,2,3,11,12,22,23,24,36
0,1,2,3,11,12,22,23,24,38
0,1,2,3,11,12,22,24,26,34
0,1,2,3,11,12,24,25,26,27
0,1,2,3,11,12,23,24,25,34
0,1,2,3,11,12,23,24,25,38
0,1,2,3,11,12,23,25,27,35
0,1,2,3,11,12,24,25,26,34
0,1,2,3,11,12,24,25,26,33
0,1,2,3,11,12,24,25,33,37
0,1,2,10,11,12,23,27,33,37
0,1,2,3,11,12,24,27,33,38
0,1,2,3,11,12,24,26,33,35
0,1,2,3,11,12,24,26,34,36
0,1,2,3,11,12,24,26,35,37
0,1,2,3,11,12,24,26,35,38
0,1,3,9,11,12,24,27,30,33
0,1,2,3,11,12,24,25,36,37
0,1,2,3,11,12,21,22,26,33
0,1,2,3,11,20,22,24,26,34
0,1,2,10,11,12,23,25,33,35
0,1,2,3,11,12,23,24,25,26
0,1,2,3,20,21,22,27,34,35
0,1,2,3,11,20,22,24,26,35
0,1,2,10,12,21,24,27,33,35
0,1,2,3,11,12,21,24,26,36
0,1,2,10,12,22,25,27,37,39
0,1,3,9,11,12,24,30,36,38
0,1,2,3,11,20,21,23,24,27
0,1,2,3,11,12,26,27,35,36
0,1,2,3,11,12,26,27,35,38
0,1,2,10,12,21,25,27,33,36
0,1,2,10,12,21,27,33,36,39
0,1,2,3,11,20,26,34,36,38
0,1,2,10,11,12,25,27,35,37
0,1,2,3,11,12,35,36,37,38
0,1,2,3,20,21,26,27,34,39
0,1,2,3,11,20,27,34,36,38
0,1,2,3,11,12,21,26,27,32
0,1,2,3,11,20,21,26,27,32
0,1,2,10,11,12,21,27,31,37
0,1,2,3,11,20,21,26,34,35
0,1,2,10,11,12,21,25,31,35
0,1,2,3,20,21,26,27,34,35
0,1,2,10,12,21,25,27,33,35
0,1,3,9,11,12,24,26,32,38
0,1,2,3,11,12,24,25,26,32
0,1,2,3,11,12,22,23,31,35
0,1,2,3,11,12,23,24,27,28
0,1,2,3,11,22,23,24,28,35
0,1,2,3,11,22,23,28,34,35
0,1,2,3,22,27,28,29,34,35
0,1,2,3,24,25,30,31,32,37
0,1,2,3,11,12,33,34,35,36
0,1,2,3,11,12,24,27,33,35
0,1,3,9,11,12,22,24,28,33
0,1,3,9,11,12,22,24,33,36
0,1,2,3,11,12,22,24,31,33
0,1,2,3,11,12,22,24,33,35
0,1,2,3,11,22,24,26,28,35
0,1,2,10,12,21,23,27,29,35
0,1,3,9,11,12,20,23,26,32
0,1,3,9,11,12,20,26,32,34
0,1,2,10,12,21,23,29,32,35
0,1,2,3,11,23,30,32,34,36
0,1,2,3,11,22,23,30,31,36
0,1,2,3,22,23,30,35,36,37
0,1,2,3,11,12,31,32,33,34
0,1,2,3,11,22,23,28,36,37
0,1,2,3,11,12,20,23,24,34
0,1,2,3,11,12,24,25,34,35
0,1,2,3,11,26,27,29,30,33
0,1,2,3,11,24,26,27,29,30
0,1,2,3,11,12,23,25,29,34
0,1,3,9,11,12,23,26,29,32
0,1,2,3,11,12,30,33,36,39
0,1,3,9,11,12,22,25,28,39
0,1,3,9,11,12,22,25,36,39
0,1,2,3,11,12,20,23,37,38
0,1,2,3,11,23,24,26,27,30
0,1,2,3,11,12,21,25,26,27
0,1,2,3,11,12,21,25,27,36
0,1,2,3,11,12,20,24,27,29
0,1,2,3,11,12,20,24,25,26
0,1,2,3,11,12,20,25,26,27
0,1,2,3,11,12,24,25,26,38
0,1,2,10,11,12,24,26,34,36
0,1,2,3,12,22,27,28,35,36
0,1,2,3,21,22,23,28,35,36
0,1,3,9,11,12,24,27,33,35
0,1,3,9,11,12,22,30,33,36
0,1,2,10,11,12,23,29,33,39
0,1,2,3,11,22,23,28,29,34
0,1,2,3,11,12,23,27,28,29
0,1,2,3,11,12,23,27,29,38
0,1,2,3,11,12,20,21,22,27
0,1,2,3,11,12,20,21,26,27
0,1,2,3,11,12,20,27,29,38
0,1,2,3,11,12,20,21,26,30
0,1,2,3,11,23,25,26,28,29
0,1,2,3,11,23,25,26,28,31
0,1,2,3,11,25,26,28,29,32
0,1,3,9,11,12,21,23,29,35
0,1,2,3,11,12,20,23,27,39
0,1,2,3,11,12,20,23,28,38
0,1,2,3,11,22,23,25,26,29
0,1,2,3,11,20,22,23,25,28
0,1,3,9,11,12,20,26,32,38
0,1,2,3,11,12,20,37,38,39
0,1,2,3,11,12,26,27,28,29
0,1,2,3,11,12,27,28,36,37
0,1,2,3,11,12,22,27,33,38
0,1,2,3,20,21,22,27,28,35
0,1,2,3,11,21,28,35,37,39
0,1,2,3,11,21,27,35,37,39
0,1,2,10,12,20,22,26,28,34
0,1,3,9,11,12,25,27,33,39
0,1,2,3,11,12,21,22,27,31
0,1,2,3,11,12,21,27,31,36
0,1,2,3,11,12,21,27,32,36
0,1,2,3,11,21,22,27,35,36
0,1,2,10,11,12,22,26,32,36
0,1,2,10,11,12,20,26,30,36
0,1,2,3,11,12,20,21,29,37
0,1,2,3,11,12,21,27,30,38
0,1,2,3,11,12,20,21,28,29
0,1,2,3,11,12,21,22,31,32
0,1,3,9,11,12,21,27,30,33
0,1,3,9,11,12,27,30,33,36
0,1,2,3,11,12,27,28,36,39
0,1,2,3,11,12,27,29,36,38
0,1,2,10,12,29,31,34,37,39
0,1,3,9,11,12,22,28,30,36
0,1,2,3,11,32,33,35,36,39
0,1,2,3,11,30,32,33,35,36
0,1,2,3,11,12,27,28,29,30
0,1,2,3,11,12,27,29,37,39
0,1,2,3,11,29,30,32,33,36
0,1,2,3,11,12,22,36,37,38
0,1,2,3,11,21,22,35,38,39
0,1,2,3,11,21,22,36,38,39
0,1,3,9,11,12,25,31,33,39
0,1,2,3,11,12,20,22,31,33
0,1,2,3,11,12,20,32,38,39
0,1,2,3,11,12,20,26,27,35
0,1,2,3,11,12,20,26,29,37
0,1,2,3,11,12,20,27,28,39
0,1,2,3,11,12,26,27,32,37
0,1,2,3,11,12,27,28,37,38
0,1,2,3,11,12,26,29,37,38
0,1,3,9,11,12,21,26,32,35
0,1,3,9,11,12,21,32,35,38
0,1,3,9,11,12,26,29,32,35
0,1,2,10,11,12,25,29,35,39
0,1,2,3,11,12,20,21,26,35
0,1,2,3,11,12,20,26,31,35
0,1,2,10,11,12,21,29,31,39
0,1,2,3,11,28,29,31,32,35
0,1,2,3,11,12,20,22,31,34
0,1,2,3,11,12,20,21,22,28
0,1,2,3,11,12,22,24,28,33
0,1,2,3,11,12,21,22,23,29
0,1,2,3,11,12,22,23,24,30
0,1,2,3,11,12,22,25,28,33
0,1,3,9,11,12,22,25,28,31
0,1,3,9,11,12,20,22,28,31
0,1,2,3,11,12,22,28,31,33
0,1,3,9,11,12,20,23,34,37
0,1,2,3,11,12,22,23,31,34
0,1,2,3,11,12,22,23,28,34
0,1,2,3,11,21,22,27,28,33
0,1,2,3,11,12,20,25,29,34
0,1,2,3,11,27,28,33,34,39
0,1,2,3,11,12,25,26,34,38
0,1,2,3,11,12,20,28,29,37
0,1,2,3,11,12,25,28,34,39
0,1,2,3,11,12,25,26,34,37
0,1,3,9,11,12,23,28,31,34
0,1,3,9,11,12,23,31,34,37
0,1,2,3,11,27,28,30,31,34
0,1,3,9,11,12,23,25,31,37
0,1,2,3,11,25,27,28,30,31
0,1,2,3,11,12,25,26,27,28
0,1,2,10,12,27,29,32,35,37
0,1,3,9,11,12,20,26,28,34
0,1,2,3,11,30,31,33,34,37
0,1,2,3,11,28,30,31,33,34
0,1,2,3,11,12,25,27,34,36
0,1,2,3,11,12,25,28,34,36
0,1,2,3,11,12,26,27,28,34
0,1,2,10,11,12,26,28,36,38
0,1,2,3,11,28,33,35,37,39
0,1,2,3,20,27,28,33,34,35
0,1,2,3,11,12,36,37,38,39
0,1,2,10,12,20,26,28,32,34
0,1,2,10,12,20,26,28,34,37
0,1,2,3,11,20,27,28,33,39
0,1,2,3,20,27,32,33,34,39
0,1,2,20,26,27,32,33,34,39
0,1,3,9,11,12,25,31,37,39
0,1,2,3,11,12,20,28,29,31
0,1,3,9,11,12,20,23,28,31
0,1,2,3,11,12,28,29,30,31
0,1,2,3,20,25,26,27,32,39
0,1,2,3,11,20,25,27,29,31
0,1,3,9,11,12,20,23,26,28
0,1,2,10,11,12,27,29,37,39
0,1,3,9,11,12,23,26,29,35
0,1,2,3,25,26,30,31,32,38
0,1,2,3,25,30,31,32,37,38
0,1,2,3,11,25,27,29,31,38
0,1,2,3,11,12,27,28,29,35
0,1,3,9,11,12,20,28,31,34
0,1,3,9,11,12,20,31,34,37
0,1,2,3,11,12,25,27,36,38
0,1,3,9,11,12,25,28,31,34
0,1,2,3,11,12,25,26,30,37
0,1,2,3,11,22,24,25,27,30
0,1,2,3,11,24,25,27,28,31
0,1,3,9,11,12,20,22,28,34
0,1,2,3,11,12,22,26,27,28
0,1,2,3,11,12,22,26,28,37
0,1,2,3,11,24,26,28,30,37
0,1,2,3,11,24,25,30,36,37
0,1,2,3,24,29,30,31,36,37
0,1,2,10,12,23,26,29,31,37
0,1,3,9,11,12,22,25,28,34
0,1,3,9,11,12,22,28,34,36
0,1,2,3,11,24,25,30,31,36
0,1,2,3,11,22,30,31,36,37
0,1,2,3,11,12,20,28,31,39
0,1,2,3,11,24,25,30,38,39
0,1,2,3,11,12,20,21,22,36
0,1,2,3,11,12,20,22,31,36
0,1,2,3,11,21,22,24,25,38
0,1,2,3,11,21,22,24,25,27
0,1,2,3,11,21,22,24,25,28
0,1,3,9,11,12,20,23,29,31
0,1,2,10,12,20,24,26,30,32
0,1,3,9,11,12,23,29,31,37
0,1,2,10,11,12,22,24,32,34
0,1,2,3,11,12,20,34,35,36
0,1,2,3,11,20,34,36,37,39
0,1,2,3,11,20,33,34,36,37
0,1,2,3,11,12,34,35,36,37
0,1,2,3,25,26,31,32,33,38
0,1,2,3,11,26,31,33,35,37
0,1,2,10,12,24,26,30,32,38
0,1,2,3,25,26,31,32,37,38
0,1,3,9,11,12,23,29,35,37
0,1,2,3,11,12,20,21,22,26
0,1,2,3,11,12,20,22,26,31
0,1,2,3,11,20,22,23,25,26
0,1,2,3,11,20,22,23,26,39
0,1,3,9,11,12,20,23,26,29
0,1,2,3,11,20,22,23,36,39
0,1,2,3,11,12,20,21,25,32
0,1,2,3,11,20,25,33,34,39
0,1,3,6,9,11,12,23,26,32
0,1,3,6,9,11,12,20,23,32
0,1,2,3,11,12,23,28,34,39
0,1,2,11,22,23,27,28,33,34
0,1,3,6,9,11,12,23,28,34
0,1,2,3,12,23,28,29,34,35
0,1,3,6,9,11,12,20,23,28
0,1,3,6,9,11,12,20,23,26
0,1,3,6,9,11,12,20,23,29
0,1,2,3,11,23,24,28,29,35
0,1,3,6,9,11,12,24,29,35
0,1,2,10,11,12,25,26,35,36
0,1,3,6,9,11,12,24,29,32
0,1,2,3,11,20,26,34,35,39
0,1,3,6,9,11,12,20,26,29
0,1,2,3,11,20,28,29,34,35
0,1,2,3,11,12,24,25,28,29
0,1,2,3,20,21,24,25,28,29
0,1,2,21,22,25,26,29,33,34
0,1,3,6,9,12,15,18,20,23
0,1,3,6,9,12,15,18,23,26
0,1,2,3,23,24,27,28,35,36
0,1,3,6,9,12,15,18,21,24
0,1,2,3,23,24,28,29,35,36
0,1,3,6,9,12,15,18,21,27
0,1,2,3,20,25,29,34,35,39
0,1,2,3,20,26,27,34,35,39
0,1,3,6,9,12,15,18,20,26
0,1,3,6,9,12,15,18,23,29
0,1,2,3,20,27,28,35,36,39
0,1,3,6,9,12,15,18,26,29
0,1,3,6,9,12,15,18,26,32
0,1,2,20,21,25,26,31,32,36
0,1,2,20,21,25,26,31,35,36
0,1,3,6,9,12,15,18,21,32
0,1,3,6,9,12,15,18,27,33
0,1,2,3,20,21,29,30,33,37
0,1,3,6,9,12,15,18,27,30
0,1,2,3,22,23,27,28,32,33
0,1,2,3,22,25,26,30,31,34
0,1,2,3,22,23,26,29,32,33
0,1,2,3,22,23,26,30,33,34
0,1,2,3,22,27,28,31,34,35
0,1,3,6,9,12,15,18,22,25
0,1,3,6,9,12,15,18,22,28
0,1,3,6,9,12,15,18,20,28
0,1,2,21,22,27,31,32,36,37
0,1,2,3,20,21,30,31,34,37
0,1,2,21,22,27,28,32,37,38
0,1,2,22,27,28,32,33,37,38
0,1,3,6,9,12,15,18,22,33
0,1,3,6,9,12,15,18,20,31
0,1,2,24,25,29,30,34,38,39
0,1,2,24,28,29,33,34,38,39
0,1,3,6,9,12,15,18,25,31
0,1,2,3,25,26,29,30,33,34
0,1,2,3,25,26,29,33,36,37
0,1,3,6,9,12,15,18,25,28
0,1,2,3,11,12,22,23,33,38
0,1,2,3,11,12,22,27,31,32
0,1,2,3,11,12,22,27,32,37
0,1,2,3,11,12,23,28,32,33
0,1,2,3,11,12,23,28,33,38
0,1,2,3,11,12,20,21,24,25
0,1,2,3,11,12,20,25,30,35
0,1,2,3,11,12,24,29,34,39
0,1,2,11,28,29,31,32,37,38
0,1,3,6,9,11,12,21,29,32
0,1,6,11,12,21,22,23,28,29
0,1,2,3,20,21,22,23,24,31
0,1,2,3,20,21,22,23,30,31
0,1,2,3,20,21,22,23,24,25
0,1,2,3,20,22,25,27,30,32
0,1,3,6,9,11,20,27,32,37
0,1,3,6,9,11,23,26,28,38
0,1,2,3,11,12,27,32,37,38
0,1,6,11,12,30,31,32,37,38
0,1,2,3,11,12,20,26,29,30
0,1,2,10,11,12,20,29,30,39
0,1,3,6,9,11,12,26,29,35
0,1,3,6,9,12,15,18,35,38
0,1,2,3,12,20,21,23,24,39
0,1,3,6,9,11,23,27,29,37
0,1,2,3,20,22,24,26,28,30
0,1,2,3,20,23,24,26,27,30
0,1,2,3,20,21,22,23,31,32
0,1,2,3,20,21,23,26,29,32
0,1,2,3,20,21,22,28,29,30
0,1,2,3,20,21,22,26,27,31
0,1,2,3,20,21,25,26,30,31
0,1,2,3,21,23,25,30,32,39
0,1,3,6,9,12,29,30,31,32
0,1,2,3,24,31,32,37,38,39
0,1,2,20,22,24,30,32,36,38
0,1,3,6,9,12,15,18,21,29
0,1,3,6,9,12,15,18,29,32
0,1,2,3,20,25,26,32,38,39
0,1,2,3,20,22,24,26,32,38
0,1,2,3,11,12,22,23,32,37
0,1,6,11,12,21,22,23,35,36
0,1,3,6,9,11,20,23,30,35
0,1,2,3,12,22,23,24,26,27
0,1,3,6,9,11,20,26,30,32
0,1,3,6,9,12,15,18,32,35
0,1,2,3,11,12,22,31,32,37
0,1,2,10,11,12,21,22,31,32
0,1,3,6,9,11,12,20,28,31
0,1,3,6,9,11,20,25,28,30
0,1,3,6,9,12,15,18,20,37
0,1,6,11,12,29,30,31,36,37
0,1,2,3,20,21,22,27,28,29
0,1,2,3,21,23,28,30,37,39
0,1,2,3,22,23,24,29,30,37
0,1,2,3,20,21,23,26,29,38
0,1,3,6,9,12,26,27,28,29
0,1,2,3,20,24,25,29,30,39
0,1,2,3,20,21,29,30,38,39
0,1,2,3,20,23,25,28,30,38
0,1,3,6,9,12,27,28,29,30
0,1,2,3,23,24,25,30,31,38
0,1,2,3,20,22,24,29,31,38
0,1,2,3,20,21,22,30,31,39
0,1,2,3,21,24,26,29,31,39
0,1,2,3,20,22,23,25,28,31
0,1,3,6,9,12,28,29,30,31
0,1,2,3,11,12,22,27,28,37
0,1,6,11,12,20,21,22,27,28
0,1,3,6,9,12,15,18,34,37
0,1,2,3,24,25,26,30,34,35
0,1,2,3,24,26,28,30,32,34
0,1,2,3,24,25,26,32,33,34
0,1,2,3,24,25,26,27,35,36
0,1,2,3,24,26,29,31,34,36
0,1,2,3,24,25,26,27,28,29
0,1,2,3,24,25,27,30,33,36
0,1,2,3,25,26,27,28,29,30
0,1,2,3,25,26,28,31,34,37
0,1,3,6,9,12,34,35,36,37
0,1,2,3,24,26,28,30,35,37
0,1,2,3,24,25,29,30,34,35
0,1,2,3,11,12,23,28,33,34
0,1,6,11,12,26,27,28,33,34
0,1,2,3,23,24,25,30,31,32
0,1,2,3,23,24,29,30,31,36
0,1,2,3,23,24,25,26,27,34
0,1,2,3,23,24,25,26,33,34
0,1,2,3,23,25,28,30,33,35
0,1,2,3,23,24,25,26,34,35
0,1,3,6,9,12,32,33,34,35
0,1,2,3,23,25,27,29,34,36
0,1,2,3,22,24,26,28,33,35
0,1,2,3,22,25,26,28,29,32
0,1,2,3,12,22,23,25,26,31
0,1,3,6,9,11,12,22,25,31
0,1,2,3,22,23,24,25,33,34
0,1,2,3,22,24,25,27,30,32
0,1,2,3,22,24,27,29,32,34
0,1,3,6,9,12,31,32,33,34
0,1,6,11,12,20,21,22,34,35
0,1,2,3,24,27,28,30,31,34
0,1,3,6,9,12,33,34,35,36
0,1,6,11,12,25,26,27,32,33
0,1,6,11,12,24,25,26,31,32
0,1,2,10,24,31,32,34,37,39
0,1,2,3,11,32,33,34,35,38
0,1,3,6,9,11,12,22,24,30
0,1,3,6,9,11,22,24,27,32
0,1,2,10,11,12,23,24,33,34
0,1,3,6,9,11,12,24,27,35
0,1,3,6,9,12,15,18,24,27
0,1,3,6,9,12,15,18,22,30
0,1,2,3,20,21,22,23,24,37
0,1,2,3,20,21,22,23,24,38
0,1,2,3,20,21,24,34,37,38
0,1,2,3,20,21,22,23,32,33
0,1,2,3,21,22,23,24,32,33
0,1,2,3,20,22,24,32,34,36
0,1,2,3,20,21,23,33,35,38
0,1,2,3,22,24,32,34,37,39
0,1,2,3,20,21,22,23,24,39
0,1,3,6,9,12,21,22,23,24
0,1,2,3,20,21,22,35,36,37
0,1,2,3,20,21,22,36,37,38
0,1,2,3,21,27,33,35,37,39
0,1,2,3,20,21,25,26,27,33
0,1,2,3,21,23,25,27,33,39
0,1,2,3,20,21,26,27,33,39
0,1,2,3,20,22,24,26,34,36
0,1,2,3,22,23,24,34,35,36
0,1,2,3,20,21,22,26,27,36
0,1,2,3,20,21,25,27,34,36
0,1,2,3,20,21,25,26,35,36
0,1,2,3,11,12,23,24,33,38
0,1,6,11,12,22,23,24,36,37
0,1,2,3,20,21,23,26,35,38
0,1,2,3,20,22,25,27,35,37
0,1,2,3,11,12,23,24,27,33
0,1,2,10,11,12,22,23,32,33
0,1,3,6,9,11,12,24,27,33
0,1,2,3,20,23,25,33,35,38
0,1,2,3,20,21,26,33,34,39
0,1,3,6,9,12,23,24,25,26
0,1,2,3,20,22,24,26,33,35
0,1,2,3,20,26,32,34,36,38
0,1,2,3,20,21,25,34,35,36
0,1,2,3,21,23,25,32,34,36
0,1,2,3,20,24,25,34,35,39
0,1,2,3,20,22,23,25,34,37
0,1,2,3,20,22,24,34,36,38
0,1,3,6,9,12,22,23,24,25
0,1,2,3,21,22,27,28,29,34
0,1,2,3,21,23,25,27,32,34
0,1,2,3,20,22,24,26,31,33
0,1,2,3,20,21,26,27,28,33
0,1,2,3,11,12,24,29,30,39
0,1,6,11,12,22,23,24,29,30
0,1,2,3,11,12,21,26,31,36
0,1,2,3,11,12,21,30,31,36
0,1,2,3,26,28,30,32,37,39
0,1,2,3,26,27,28,33,34,35
0,1,2,3,26,27,32,33,34,39
0,1,2,3,26,28,30,32,34,36
0,1,2,3,26,27,28,34,35,36
0,1,2,3,26,27,31,32,36,37
0,1,2,3,20,29,30,34,35,39
0,1,2,3,20,28,29,30,38,39
0,1,2,3,20,28,30,32,34,36
0,1,2,3,20,27,29,31,33,38
0,1,2,3,11,12,28,29,34,39
0,1,6,11,12,23,24,25,37,38
0,1,6,11,12,31,32,33,38,39
0,1,6,11,12,20,32,33,34,39
0,1,2,3,20,22,29,31,33,35
0,1,2,3,20,22,30,32,34,36
0,1,2,3,20,21,22,29,30,31
0,1,2,3,20,21,28,33,34,35
0,1,2,3,21,28,30,32,34,39
0,1,2,3,21,23,30,32,34,36
0,1,2,3,20,21,30,31,35,36
0,1,2,3,20,21,22,30,31,32
0,1,2,3,25,27,29,31,36,38
0,1,2,3,26,28,29,31,34,36
0,1,2,3,26,27,28,29,37,38
0,1,2,3,26,28,31,33,36,38
0,1,2,3,26,27,28,29,30,31
0,1,3,6,9,12,35,36,37,38
0,1,3,6,9,11,21,26,29,36
0,1,2,3,12,28,29,30,32,33
0,1,3,6,9,11,21,26,36,38
0,1,3,6,9,12,15,18,21,38
0,1,3,6,9,11,21,27,31,33
0,1,3,6,9,11,21,24,31,36
0,1,2,3,21,23,26,28,31,33
0,1,2,3,21,23,25,27,29,31
0,1,3,6,9,12,30,31,32,33
0,1,3,6,9,11,22,27,30,32
0,1,3,6,9,12,15,18,22,39
0,1,2,3,20,30,33,34,36,37
0,1,2,3,20,21,35,36,37,38
0,1,2,3,20,21,28,33,36,38
0,1,2,3,20,28,30,33,35,38
0,1,2,3,20,21,29,32,35,38
0,1,2,3,20,21,33,36,37,38
0,1,2,3,20,34,35,36,37,38
0,1,2,3,20,28,32,33,35,36
0,1,2,3,20,28,29,31,34,37
0,1,3,6,9,12,20,37,38,39
0,1,3,6,9,12,36,37,38,39
0,1,2,3,11,12,22,28,33,39
0,1,2,3,20,22,30,32,35,37
0,1,2,3,20,30,32,34,36,38
0,1,2,3,20,30,32,33,35,38
0,1,2,3,21,29,31,34,36,39
0,1,3,6,9,12,20,21,38,39
0,1,2,10,11,12,20,21,30,31
0,1,3,6,9,11,12,27,30,36
0,1,3,6,9,11,12,27,30,39
0,1,3,6,9,11,24,27,29,39
0,1,3,6,9,11,24,27,34,39
0,1,3,6,9,11,24,30,34,36
0,1,3,6,9,12,15,18,36,39
0,1,2,3,11,12,22,28,38,39
0,1,3,6,9,11,12,22,28,31
0,1,3,6,9,11,12,22,31,39
0,1,3,6,9,11,26,28,31,36
0,1,3,6,9,12,15,18,28,31
0,1,2,3,20,21,23,32,35,38
0,1,2,3,20,22,31,34,37,39
0,1,3,6,9,12,20,21,22,39
0,1,3,6,9,11,22,29,34,39
0,1,3,6,9,11,25,29,31,39
0,1,3,6,9,11,22,24,34,39
0,1,3,6,9,12,15,18,31,34
0,1,2,3,25,31,33,35,37,39
0,1,2,3,11,12,20,25,34,35
0,1,6,11,12,23,24,25,30,31
0,1,2,3,21,23,25,31,37,39
0,1,2,3,23,24,25,31,37,38
0,1,2,3,20,21,22,31,35,36
0,1,2,3,21,22,31,32,36,37
0,1,2,3,20,22,24,31,33,35
0,1,3,6,9,12,20,21,22,23
0,1,3,6,9,11,12,21,24,30
0,1,2,3,11,12,24,29,38,39
0,1,6,11,12,27,28,29,34,35
0,1,6,11,12,20,21,33,34,35
0,1,3,6,9,11,21,23,24,38
0,1,3,6,9,11,21,23,33,38
0,1,3,6,9,12,15,18,30,33
0,1,2,3,11,12,25,30,35,36
0,1,2,3,11,23,24,26,27,28
0,1,3,6,9,11,21,24,26,36
0,1,3,6,9,12,15,18,33,36
0,1,6,11,12,20,25,26,38,39
0,1,2,3,21,22,26,28,35,37
0,1,3,6,9,12,24,25,26,27
0,1,2,3,20,22,24,26,28,36
0,1,2,3,20,26,27,28,38,39
0,1,2,3,21,22,26,27,36,37
0,1,2,3,21,22,23,28,29,36
0,1,2,3,20,21,23,26,28,38
0,1,2,3,21,23,26,28,36,38
0,1,2,3,20,27,28,37,38,39
0,1,2,3,25,26,27,28,36,37
0,1,2,3,20,21,23,24,27,37
0,1,2,3,20,22,23,25,28,37
0,1,3,6,9,12,25,26,27,28
0,1,2,3,20,22,27,29,36,38
0,1,6,11,12,20,21,26,27,39
0,1,6,11,12,28,29,30,35,36
0,1,2,3,5,6,20,25,30,39
0,1,2,5,6,11,16,20,24,25
0,1,2,5,6,11,16,20,25,29
0,1,2,3,6,17,21,22,30,36
0,1,2,3,4,5,6,20,21,22
0,1,2,3,5,21,23,24,25,30
0,1,2,3,6,17,22,24,25,30
0,1,2,5,6,11,16,24,25,29
0,1,2,5,6,11,16,20,21,25
0,1,2,3,4,5,6,20,21,24
0,1,2,3,4,5,6,20,21,25
0,1,2,6,11,16,20,21,24,25
0,1,2,6,11,16,20,21,25,29
0,1,2,6,11,16,20,21,25,30
0,1,2,6,11,16,20,24,25,29
0,1,2,6,11,16,20,21,25,35
0,1,2,6,11,16,20,21,25,39
0,1,2,6,11,16,20,24,25,39
0,1,2,6,11,16,21,29,35,36
0,1,2,6,11,16,20,21,29,35
0,1,2,6,11,16,20,25,30,35
0,1,2,6,11,16,20,25,31,39
0,1,2,3,6,17,20,25,31,39
0,1,2,6,11,16,20,21,29,30
0,1,2,6,11,16,20,21,24,30
0,1,2,6,11,16,21,24,25,31
0,1,2,6,11,16,20,24,30,36
0,1,2,6,11,16,21,25,31,35
0,1,2,6,11,16,25,29,35,39
0,1,2,3,4,6,20,21,31,37
0,1,2,3,4,18,21,22,25,31
0,1,2,3,4,6,20,31,37,39
0,1,2,5,6,11,16,20,30,35
0,1,2,5,6,11,16,20,35,36
0,1,2,3,4,5,6,22,23,24
0,1,2,3,6,17,20,24,25,39
0,1,3,4,6,20,23,24,31,34
0,1,3,4,6,20,23,24,34,37
0,1,3,4,6,20,21,31,34,37
0,1,2,3,6,17,21,22,36,37
0,1,2,3,5,6,20,21,30,36
0,1,2,3,17,18,21,31,36,37
0,1,2,3,4,5,6,20,21,39
0,1,2,6,11,16,24,25,30,31
0,1,2,6,11,16,20,21,35,36
0,1,2,6,16,20,21,23,25,37
0,1,2,6,16,20,21,25,35,39
0,1,2,6,16,21,23,25,37,39
0,1,2,6,16,20,21,23,25,39
0,1,5,6,10,16,21,23,25,39
0,1,2,4,5,6,25,29,35,39
0,1,2,3,5,6,20,23,24,30
0,1,2,3,5,6,20,24,25,30
0,1,2,3,4,5,6,23,24,25
0,1,3,4,6,20,22,24,28,34
0,1,3,4,6,20,24,31,34,37
0,1,3,4,6,20,22,25,28,31
0,1,3,4,6,20,22,24,31,37
0,1,2,5,6,11,16,24,30,39
0,1,3,5,6,25,28,30,34,39
0,1,2,6,11,17,20,22,25,31
0,1,3,5,6,23,25,28,34,39
0,1,2,3,4,5,6,20,22,24
0,1,2,4,5,6,23,25,29,39
0,1,2,3,4,5,6,20,22,25
0,1,2,5,11,16,20,29,35,38
0,1,3,5,6,25,30,34,36,39
0,1,2,5,6,11,16,21,30,35
0,1,2,3,4,6,21,31,37,39
0,1,2,3,4,18,20,22,31,38
0,1,3,4,6,21,25,28,31,34
0,1,3,4,6,20,22,28,31,34
0,1,3,4,6,21,25,28,34,39
0,1,2,6,11,16,21,24,29,35
0,1,2,6,11,16,20,24,29,31
0,1,2,6,11,16,20,24,29,35
0,1,2,6,11,16,24,30,36,39
0,1,2,4,6,20,22,31,35,37
0,1,3,4,18,20,22,25,34,37
0,1,2,4,5,6,21,25,35,39
0,1,2,4,6,20,22,24,31,35
0,1,2,5,6,11,16,20,25,36
0,1,2,6,11,16,20,25,31,36
0,1,3,5,6,21,25,30,36,39
0,1,2,3,6,17,21,22,31,36
0,1,2,3,6,17,18,22,36,39
0,1,2,3,5,6,21,24,25,30
0,1,2,3,18,21,22,23,25,36
0,1,2,5,6,20,21,24,25,35
0,1,3,5,6,21,24,25,30,39
0,1,2,3,6,17,21,25,30,36
0,1,2,4,5,6,20,24,25,35
0,1,6,15,17,20,22,24,30,36
0,1,2,3,4,6,18,23,25,31
0,1,2,3,4,6,18,23,31,37
0,1,2,3,4,6,18,23,25,37
0,1,2,3,4,6,18,25,31,37
0,1,2,3,4,6,18,25,37,39
0,1,2,3,5,6,21,24,30,36
0,1,3,4,6,22,25,28,31,34
0,1,3,4,6,20,28,31,34,37
0,1,2,3,6,17,31,36,37,39
0,1,2,3,18,20,31,36,37,38
0,1,2,5,6,20,30,35,36,39
0,1,3,5,6,20,25,34,36,39
0,1,2,3,6,17,20,25,31,36
0,1,2,16,17,20,25,35,36,39
0,1,3,5,6,20,23,25,34,39
0,1,2,3,5,6,17,20,25,39
0,1,2,4,5,16,20,24,29,38
0,1,2,5,16,20,24,29,36,38
0,1,4,6,15,23,29,35,37,39
0,1,2,5,16,20,25,29,36,38
0,1,2,4,5,6,20,24,29,39
0,1,2,4,5,6,20,24,29,35
0,1,2,3,6,17,20,25,30,31
0,1,2,16,17,20,21,24,25,30
0,1,3,5,6,24,25,28,30,39
0,1,2,3,5,6,17,22,25,39
0,1,3,5,6,9,17,22,25,39
0,1,2,3,4,5,6,21,23,25
0,1,2,4,6,18,23,25,31,37
0,1,2,3,4,6,18,22,25,39
0,1,3,5,6,9,17,22,25,28
0,1,2,4,6,18,21,23,25,29
0,1,2,3,4,5,6,25,26,27
0,1,3,5,6,9,17,25,28,31
0,1,2,3,4,5,6,28,29,30
0,1,3,4,6,20,23,26,30,37
0,1,3,4,6,23,26,28,30,37
0,1,2,3,6,17,25,26,30,31
0,1,3,4,6,20,23,26,27,37
0,1,2,3,6,17,22,23,27,28
0,1,3,4,6,20,23,27,34,37
0,1,2,3,4,5,6,25,27,29
0,1,3,4,6,20,23,25,27,34
0,1,2,3,4,5,6,25,27,30
0,1,2,3,6,17,18,20,23,26
0,1,2,4,5,16,22,25,26,30
0,1,2,5,6,17,23,24,27,39
0,1,2,3,6,17,18,25,28,31
0,1,2,3,4,5,6,23,24,27
0,1,2,3,6,17,20,25,26,28
0,1,2,3,18,20,25,26,27,29
0,1,2,5,6,24,25,28,29,39
0,1,3,5,6,23,25,28,29,34
0,1,3,4,6,20,23,26,28,37
0,1,2,3,4,5,6,22,24,27
0,1,2,4,5,16,21,22,26,30
0,1,2,3,6,17,26,28,31,36
0,1,2,4,5,6,20,24,28,31
0,1,2,3,4,5,6,25,26,29
0,1,2,3,4,5,6,25,26,30
0,1,2,4,5,6,20,24,28,29
0,1,2,5,6,17,20,24,25,28
0,1,2,3,5,6,27,30,31,36
0,1,2,3,6,17,22,27,31,36
0,1,2,4,5,6,20,30,31,35
0,1,2,5,16,20,27,29,31,36
0,1,3,5,6,25,30,31,34,36
0,1,4,6,15,20,26,28,30,34
0,1,2,3,6,17,22,27,28,30
0,1,2,3,6,17,22,27,28,36
0,1,2,3,4,5,6,20,22,30
0,1,2,3,4,5,20,29,31,38
0,1,2,3,4,6,18,25,28,31
0,1,2,3,5,6,24,27,29,39
0,1,2,3,4,5,6,27,29,31
0,1,2,3,4,5,6,27,28,31
0,1,2,3,4,5,6,20,21,30
0,1,2,3,4,5,6,20,31,39
0,1,2,3,6,17,22,27,28,37
0,1,3,5,6,20,22,25,27,31
0,1,3,5,6,20,22,25,31,36
0,1,2,4,6,26,28,30,35,37
0,1,2,3,4,5,6,20,28,29
0,1,2,3,4,5,6,20,29,39
0,1,2,3,4,5,20,27,29,38
0,1,2,3,4,6,18,23,26,29
0,1,2,3,4,6,23,25,26,37
0,1,2,3,6,17,22,23,25,37
0,1,2,3,18,22,23,24,26,37
0,1,2,5,6,21,22,25,26,36
0,1,3,5,6,20,22,25,26,31
0,1,3,4,6,20,23,25,34,37
0,1,2,3,4,5,6,22,24,26
0,1,2,3,4,6,18,20,23,26
0,1,2,3,5,6,24,26,31,39
0,1,3,4,6,18,22,24,29,37
0,1,2,3,4,5,6,22,23,26
0,1,2,3,5,6,22,26,31,36
0,1,2,3,6,17,22,23,31,36
0,1,2,3,6,17,22,23,31,37
0,1,2,3,6,17,22,26,31,37
0,1,2,3,6,17,25,26,31,36
0,1,2,3,6,17,25,26,31,37
0,1,3,5,6,20,25,29,31,34
0,1,2,3,4,6,20,26,37,39
0,1,2,3,4,18,20,26,37,38
0,1,2,4,6,20,24,26,35,37
0,1,2,4,18,20,24,26,35,38
0,1,3,4,6,20,23,26,29,37
0,1,2,4,5,6,21,26,30,35
0,1,2,3,5,6,21,31,36,39
0,1,2,4,5,6,21,26,30,39
0,1,2,3,5,6,20,31,36,39
0,1,3,5,6,20,25,31,34,36
0,1,2,4,6,26,30,35,37,39
0,1,2,4,5,6,20,30,35,39
0,1,6,15,17,25,31,35,37,39
0,1,2,3,4,5,6,24,25,28
0,1,2,3,4,6,18,22,25,28
0,1,2,3,5,6,21,24,26,36
0,1,3,4,6,18,22,24,31,39
0,1,3,4,6,18,24,26,31,39
0,1,2,3,18,22,27,28,29,31
0,1,2,5,6,21,26,27,30,31
0,1,3,5,6,25,27,30,31,36
0,1,3,4,6,22,25,28,30,39
0,1,2,4,18,20,22,26,29,31
0,1,2,4,5,6,24,28,31,35
0,1,2,4,5,16,27,30,31,35
0,1,2,3,5,6,17,24,27,30
0,1,2,3,5,6,24,27,29,36
0,1,2,3,5,6,24,29,31,36
0,1,3,4,6,18,22,27,29,34
0,1,2,4,5,6,23,27,28,35
0,1,2,4,5,6,23,27,28,39
0,1,2,4,5,6,29,30,35,39
0,1,2,4,5,6,30,31,35,39
0,1,2,3,4,5,20,22,29,31
0,1,2,3,4,5,6,21,22,31
0,1,2,4,5,6,21,26,30,31
0,1,2,4,6,21,26,28,30,37
0,1,2,3,4,18,20,22,28,39
0,1,3,5,6,21,22,25,27,36
0,1,3,5,6,22,25,27,31,36
0,1,2,4,6,24,26,28,35,39
0,1,2,4,5,6,24,28,29,39
0,1,3,5,6,20,23,25,29,34
0,1,2,3,6,17,23,25,26,31
0,1,3,5,6,20,25,26,29,31
0,1,2,3,5,6,20,23,26,31
0,1,2,3,5,6,20,25,26,31
0,1,2,3,6,17,20,21,25,26
0,1,2,4,5,6,23,26,30,39
0,1,2,4,5,6,25,26,30,35
0,1,2,5,16,22,24,26,30,31
0,1,2,5,16,22,24,26,31,35
0,1,2,3,6,17,20,25,26,31
0,1,2,4,5,6,24,30,35,39
0,1,6,15,17,20,24,26,28,34
0,1,4,6,15,21,23,25,29,35
0,1,3,4,6,22,25,28,31,39
0,1,3,5,6,21,25,27,31,36
0,1,4,6,15,21,25,31,37,39
0,1,6,15,17,22,26,28,30,36
0,1,2,5,16,20,22,26,31,38
0,1,2,4,5,6,21,22,26,31
0,1,2,5,16,20,22,27,31,38
0,1,3,5,6,21,25,27,30,36
0,1,2,3,4,5,6,23,25,27
0,1,2,4,5,6,20,26,31,35
0,1,2,3,5,6,17,20,23,26
0,1,2,5,6,17,20,23,35,39
0,1,2,4,5,6,23,24,35,39
0,1,2,4,5,6,22,26,35,39
0,1,2,4,5,16,21,22,26,38
0,1,2,3,6,17,21,22,26,27
0,1,2,4,5,6,20,24,27,31
0,1,2,3,6,17,18,21,24,27
0,1,2,4,5,6,24,27,31,35
0,1,2,4,5,16,23,26,27,31
0,1,2,4,5,6,24,25,31,35
0,1,2,4,5,6,26,27,31,35
0,1,2,3,5,6,17,21,24,27
0,1,2,5,6,17,20,21,24,36
0,1,2,3,4,5,26,27,38,39
0,1,2,4,5,6,23,27,31,35
0,1,2,4,6,18,23,25,27,31
0,1,3,5,6,9,17,24,27,30
0,1,2,5,6,11,16,21,26,27
0,1,2,4,5,6,21,26,31,35
0,1,2,5,6,11,16,21,26,31
0,1,2,4,5,6,21,25,27,31
0,1,2,3,4,18,22,28,38,39
0,1,2,3,17,18,22,23,27,37
0,1,2,3,17,18,21,22,26,36
0,1,2,3,4,5,6,24,25,26
0,1,2,3,5,6,21,25,26,31
0,1,2,3,5,6,21,24,26,31
0,1,2,3,5,6,21,25,31,36
0,1,2,3,5,6,21,26,31,36
0,1,2,5,6,11,16,21,22,26
0,1,2,3,17,22,23,25,26,31
0,1,2,5,6,11,16,25,26,30
0,1,2,4,5,6,25,29,31,35
0,1,2,4,5,6,21,25,31,35
0,1,2,3,5,6,26,30,31,36
0,1,2,3,4,18,21,27,37,38
0,1,2,3,6,21,26,27,30,31
0,1,2,3,17,18,21,26,27,31
0,1,2,3,4,5,6,29,30,31
0,1,2,3,4,6,21,27,30,31
0,1,2,5,6,11,16,25,30,31
0,1,2,3,4,18,27,28,31,37
0,1,2,3,4,6,20,26,29,30
0,1,2,5,6,11,16,30,31,35
0,1,2,11,20,26,28,29,37,38
0,1,2,11,20,26,27,28,38,39
0,1,2,11,20,27,28,29,30,37
0,1,2,6,11,16,20,29,30,39
0,1,2,6,11,16,20,21,30,31
0,1,2,6,11,16,20,26,30,36
0,1,2,6,11,16,21,26,27,30
0,1,2,6,11,16,21,26,27,31
0,1,2,6,11,16,21,26,30,31
0,1,2,6,11,16,21,26,31,35
0,1,2,6,11,16,20,22,25,27
0,1,2,6,11,16,25,27,35,37
0,1,2,6,11,16,20,27,36,37
0,1,2,6,11,16,20,21,25,36
0,1,2,6,11,16,20,21,31,36
0,1,2,6,11,16,20,22,27,31
0,1,2,6,11,16,20,22,26,31
0,1,2,6,11,16,20,21,36,37
0,1,2,6,11,20,24,28,35,37
0,1,2,6,11,20,28,29,37,39
0,1,2,6,11,20,25,28,35,37
0,1,2,6,11,20,26,29,35,37
0,1,2,6,11,20,26,28,31,37
0,1,2,6,11,16,21,26,31,36
0,1,2,6,11,20,28,30,35,37
0,1,2,6,11,16,21,25,26,30
0,1,2,6,11,16,21,26,30,35
0,1,2,6,11,16,25,26,30,31
0,1,2,6,11,16,20,24,26,31
0,1,2,6,11,16,20,24,26,35
0,1,2,6,11,16,20,24,31,35
0,1,2,6,11,16,20,22,27,35
0,1,2,6,11,24,25,26,37,39
0,1,2,6,11,16,21,27,30,35
0,1,2,6,11,28,30,35,36,37
0,1,2,6,11,16,20,26,31,35
0,1,2,6,11,16,20,31,35,36
0,1,2,6,11,26,28,30,35,37
0,1,2,6,11,16,20,22,31,35
0,1,2,6,11,16,21,22,27,35
0,1,2,6,11,16,21,22,30,36
0,1,2,6,11,16,22,25,30,36
0,1,2,6,11,16,20,21,25,26
0,1,2,6,11,20,25,26,27,28
0,1,2,6,11,24,26,27,29,35
0,1,2,6,11,20,25,26,27,39
0,1,2,6,11,20,25,27,28,35
0,1,2,11,20,25,27,28,35,37
0,1,2,11,20,27,28,29,37,38
0,1,2,6,11,20,24,25,27,28
0,1,2,6,11,21,25,26,28,29
0,1,2,6,11,20,25,27,28,30
0,1,2,6,11,20,21,26,27,28
0,1,2,6,11,16,22,30,36,37
0,1,2,6,11,25,27,28,30,36
0,1,2,6,11,21,22,27,28,29
0,1,2,6,11,21,26,28,29,31
0,1,2,6,11,21,22,27,28,30
0,1,2,6,11,21,26,27,28,39
0,1,2,6,11,21,22,27,30,39
0,1,2,6,11,26,28,29,31,37
0,1,2,6,11,22,28,31,37,39
0,1,2,6,11,21,26,28,31,39
0,1,2,6,11,16,21,24,26,29
0,1,2,6,11,16,21,27,31,37
0,1,2,6,11,16,21,29,31,39
0,1,5,6,10,16,23,25,27,29
0,1,2,6,16,21,23,25,27,29
0,1,2,6,16,23,25,26,27,29
0,1,5,6,10,16,25,27,29,31
0,1,5,6,10,16,21,23,25,27
0,1,2,6,11,16,22,26,31,37
0,1,2,6,11,16,21,22,26,27
0,1,2,6,11,16,22,24,27,29
0,1,2,6,11,16,21,22,26,37
0,1,2,6,11,21,26,28,30,37
0,1,2,6,11,22,26,27,29,30
0,1,2,4,6,18,23,27,29,31
0,1,2,4,6,18,23,29,31,35
0,1,3,5,6,9,17,28,31,34
0,1,2,3,4,5,6,21,23,39
0,1,2,3,4,6,18,20,23,37
0,1,2,3,5,6,21,23,28,36
0,1,3,4,6,18,21,26,34,39
0,1,2,3,4,5,6,20,23,39
0,1,2,5,6,17,23,27,28,31
0,1,2,3,4,6,18,21,23,29
0,1,2,4,6,18,21,23,27,29
0,1,2,4,6,18,21,23,29,35
0,1,2,3,6,17,18,20,23,37
0,1,2,4,5,16,22,23,27,39
0,1,2,3,5,6,17,22,36,39
0,1,3,5,6,9,17,22,36,39
0,1,2,4,5,16,23,27,35,38
0,1,2,5,6,17,27,31,35,36
0,1,2,5,6,17,22,31,35,39
0,1,2,4,5,6,20,21,27,31
0,1,2,4,5,6,22,23,27,31
0,1,2,4,6,18,23,31,35,37
0,1,2,4,6,18,21,23,27,35
0,1,2,4,6,18,21,23,35,39
0,1,3,5,6,9,17,20,23,26
0,1,2,4,5,16,22,30,33,34
0,1,2,5,17,22,30,31,33,34
0,1,3,5,6,9,17,31,34,37
0,1,2,3,4,5,6,34,35,36
0,1,2,4,5,16,22,34,37,38
0,1,2,3,4,5,6,35,36,37
0,1,2,3,4,5,6,34,35,38
0,1,2,3,4,5,6,20,21,35
0,1,2,3,4,5,6,20,21,36
0,1,2,3,6,17,22,32,36,37
0,1,2,3,5,6,22,31,34,35
0,1,2,3,5,6,22,31,34,37
0,1,2,3,6,17,22,34,36,37
0,1,2,5,6,11,16,21,22,36
0,1,3,5,6,20,22,31,36,37
0,1,2,3,4,5,6,20,37,38
0,1,2,3,4,6,18,20,34,37
0,1,2,3,4,5,6,20,22,37
0,1,3,4,6,20,23,26,34,37
0,1,2,4,6,21,23,32,34,36
0,1,2,3,4,18,23,33,34,37
0,1,3,4,6,20,23,26,29,36
0,1,2,3,6,17,31,32,36,37
0,1,3,4,6,20,23,26,29,39
0,1,2,3,6,17,20,34,35,39
0,1,3,4,6,23,26,29,32,39
0,1,3,4,6,23,26,32,37,39
0,1,2,3,4,5,6,20,34,37
0,1,3,4,6,20,23,29,34,36
0,1,2,4,5,16,21,33,36,37
0,1,3,5,6,9,17,20,34,37
0,1,2,4,5,21,30,33,35,37
0,1,2,4,18,21,30,32,34,37
0,1,3,4,6,20,29,32,34,37
0,1,2,3,4,5,6,21,37,39
0,1,2,3,4,6,18,21,35,38
0,1,3,4,6,18,21,29,32,34
0,1,3,4,6,18,21,29,34,36
0,1,2,3,4,6,18,32,35,38
0,1,2,3,4,5,6,20,35,37
0,1,3,4,6,18,21,24,32,39
0,1,3,4,6,18,24,32,37,39
0,1,2,3,4,5,6,20,21,37
0,1,2,3,4,6,18,20,26,32
0,1,2,3,4,6,18,20,22,32
0,1,2,3,5,6,22,31,34,39
0,1,2,3,4,6,18,20,32,34
0,1,2,3,5,17,21,22,34,39
0,1,2,3,4,5,21,22,33,34
0,1,2,3,4,6,18,20,22,34
0,1,2,4,6,18,20,26,32,34
0,1,2,4,5,6,22,26,30,34
0,1,2,3,4,5,6,20,22,38
0,1,2,4,6,18,20,22,26,34
0,1,2,3,5,6,17,21,35,38
0,1,2,4,5,6,21,30,34,38
0,1,2,3,4,5,6,21,22,38
0,1,2,5,6,17,22,30,34,38
0,1,2,5,6,17,22,25,34,38
0,1,2,4,5,16,20,21,25,37
0,1,2,5,6,17,21,30,34,38
0,1,2,4,5,6,23,24,30,34
0,1,2,4,5,6,25,26,30,34
0,1,2,3,5,6,17,20,26,35
0,1,2,4,6,21,23,30,34,39
0,1,2,6,17,18,21,30,35,39
0,1,2,3,5,6,17,20,34,35
0,1,2,4,5,16,24,33,35,39
0,1,2,4,5,6,21,25,35,36
0,1,2,4,5,6,21,25,36,37
0,1,2,4,5,6,30,34,38,39
0,1,2,3,5,6,17,20,21,35
0,1,2,3,4,5,6,20,34,36
0,1,2,3,4,5,6,20,34,35
0,1,2,3,4,5,6,20,36,38
0,1,2,4,5,6,26,30,34,35
0,1,2,5,6,17,22,26,30,31
0,1,2,5,6,17,26,30,31,34
0,1,2,3,4,5,6,34,36,38
0,1,2,4,6,18,26,30,32,34
0,1,2,4,6,18,22,30,34,36
0,1,2,4,6,18,30,34,36,38
0,1,2,5,6,17,26,30,34,35
0,1,2,5,17,22,23,25,26,34
0,1,3,5,6,9,17,23,26,29
0,1,2,5,6,17,22,23,26,34
0,1,2,5,17,26,34,35,37,38
0,1,3,5,6,9,17,21,35,38
0,1,2,4,5,6,22,26,35,36
0,1,2,4,5,6,22,26,37,38
0,1,2,3,5,6,20,26,35,38
0,1,2,4,6,20,30,34,36,38
0,1,3,4,18,21,24,33,36,38
0,1,2,4,6,21,30,34,36,39
0,1,2,4,5,6,20,24,34,38
0,1,2,3,4,5,6,20,38,39
0,1,2,3,5,6,21,26,35,39
0,1,2,3,5,6,20,21,26,35
0,1,2,3,6,17,20,21,35,36
0,1,2,3,5,6,20,25,35,39
0,1,2,4,5,6,21,25,34,38
0,1,2,3,4,5,6,24,25,34
0,1,2,3,5,6,21,31,34,35
0,1,2,3,5,6,21,31,35,36
0,1,2,3,4,6,22,25,26,36
0,1,2,4,5,6,20,24,30,34
0,1,2,3,6,26,31,32,35,36
0,1,2,3,17,18,26,31,32,36
0,1,2,4,5,6,20,30,34,36
0,1,2,3,4,5,6,23,25,34
0,1,2,3,4,5,22,24,33,35
0,1,2,3,4,6,21,23,32,35
0,1,2,3,4,5,6,23,24,34
0,1,2,4,6,21,24,30,35,39
0,1,3,5,6,20,24,29,34,38
0,1,2,5,6,11,16,20,24,34
0,1,4,6,15,24,30,32,34,38
0,1,3,4,6,21,24,32,35,38
0,1,3,5,6,20,24,29,35,38
0,1,2,3,17,18,21,31,32,35
0,1,2,5,6,11,16,20,34,35
0,1,2,16,17,20,30,31,34,35
0,1,3,5,6,20,29,34,35,38
0,1,2,5,16,20,24,31,33,35
0,1,2,4,5,6,24,34,35,39
0,1,3,5,6,20,23,29,34,38
0,1,6,15,17,21,23,29,35,39
0,1,2,4,5,6,23,24,34,39
0,1,2,3,6,17,20,21,26,35
0,1,2,3,6,17,20,26,31,35
0,1,2,3,6,17,20,26,31,32
0,1,2,3,5,6,20,25,31,34
0,1,2,4,5,6,25,30,34,39
0,1,2,6,11,16,20,24,30,34
0,1,2,6,11,20,21,23,30,39
0,1,2,11,20,21,22,23,30,31
0,1,2,11,20,21,22,30,31,32
0,1,2,6,11,20,21,22,23,24
0,1,2,6,11,20,22,23,30,35
0,1,2,6,11,20,21,22,34,35
0,1,2,6,11,16,20,34,35,39
0,1,2,6,11,16,20,21,36,39
0,1,2,6,11,21,22,24,30,39
0,1,2,6,11,16,20,24,35,39
0,1,2,6,11,16,20,21,26,34
0,1,2,6,11,20,21,23,32,34
0,1,2,6,11,20,21,32,34,39
0,1,2,6,11,20,21,23,32,35
0,1,2,6,11,16,21,24,25,34
0,1,2,6,11,16,20,22,30,32
0,1,2,6,11,20,23,30,32,35
0,1,2,6,11,21,24,30,32,35
0,1,2,6,11,21,23,30,32,34
0,1,2,6,11,16,21,24,26,39
0,1,2,6,11,16,24,30,35,39
0,1,2,6,11,16,20,25,31,34
0,1,2,6,11,16,20,25,32,36
0,1,2,6,11,16,21,25,30,34
0,1,2,6,11,16,20,25,26,39
0,1,2,6,11,16,20,30,31,39
0,1,2,6,16,20,30,32,34,36
0,1,2,6,16,32,34,35,36,38
0,1,5,6,10,16,20,34,36,38
0,1,2,6,11,16,30,31,35,36
0,1,2,6,11,16,20,22,35,37
0,1,2,5,6,11,16,20,25,34
0,1,2,3,4,6,21,24,25,35
0,1,2,3,6,17,20,25,26,34
0,1,2,3,6,17,20,25,26,35
0,1,2,3,6,17,20,21,23,35
0,1,2,3,18,20,21,22,24,35
0,1,3,5,6,20,23,24,29,38
0,1,3,4,6,23,26,29,32,35
0,1,2,3,4,18,22,24,26,35
0,1,2,6,11,16,21,24,26,32
0,1,2,6,11,16,21,22,24,32
0,1,2,6,11,16,21,22,32,34
0,1,2,6,11,16,21,22,34,36
0,1,2,6,11,16,21,22,26,36
0,1,2,6,11,16,21,22,24,26
0,1,2,6,11,16,22,24,26,32
0,1,2,6,11,16,21,26,32,34
0,1,2,6,11,16,21,26,32,37
0,1,2,6,11,16,22,24,37,39
0,1,2,6,11,21,22,23,24,39
0,1,2,6,11,21,22,23,32,37
0,1,2,6,11,21,23,32,34,39
0,1,2,6,11,16,22,24,32,34
0,1,2,6,11,16,22,34,37,39
0,1,2,6,11,16,24,32,37,39
0,1,2,6,16,20,22,32,34,36
0,1,2,6,16,20,22,34,36,37
0,1,2,6,16,20,22,34,36,38
0,1,2,6,16,20,22,36,37,38
0,1,2,6,16,22,32,36,37,38
0,1,5,6,10,16,20,22,36,38
0,1,2,6,11,16,24,26,34,36
0,1,2,6,16,20,22,36,38,39
0,1,5,6,10,16,20,22,24,38
0,1,2,6,11,21,22,23,25,32
0,1,2,6,11,16,22,26,32,36
0,1,2,6,11,21,22,23,32,34
0,1,2,6,11,23,25,26,34,37
0,1,2,6,11,23,25,26,34,35
0,1,2,6,11,21,23,30,31,32
0,1,2,6,11,21,30,31,32,34
0,1,2,11,21,22,23,24,31,32
0,1,2,11,21,22,23,30,31,32
0,1,2,11,21,22,23,24,32,33
0,1,2,3,4,5,24,26,35,37
0,1,2,3,4,5,6,25,26,36
0,1,4,6,15,20,26,32,34,36
0,1,2,3,4,5,24,26,33,35
0,1,2,6,11,21,23,26,32,35
0,1,2,6,11,23,26,32,34,37
0,1,2,6,11,21,22,23,34,36
0,1,2,6,11,21,23,26,34,36
0,1,2,6,11,21,23,26,31,34
0,1,2,6,11,23,25,30,31,32
0,1,2,5,16,22,26,33,35,37
0,1,2,4,5,6,21,26,36,37
0,1,2,6,11,16,21,26,30,37
0,1,2,6,11,21,23,25,32,34
0,1,2,3,6,17,26,31,32,34
0,1,2,5,6,25,30,31,34,35
0,1,3,5,6,20,29,31,34,35
0,1,2,4,6,21,25,30,32,34
0,1,3,5,6,20,26,29,31,34
0,1,2,4,5,6,25,30,34,35
0,1,6,15,17,20,26,30,32,34
0,1,2,3,4,6,26,32,35,36
0,1,2,6,11,16,21,22,25,32
0,1,2,4,5,6,21,30,34,37
0,1,2,6,11,16,21,22,36,37
0,1,2,6,11,21,22,23,24,25
0,1,2,6,11,16,20,21,26,32
0,1,2,6,11,16,20,25,26,32
0,1,2,6,11,21,22,23,24,36
0,1,2,6,11,21,23,24,26,36
0,1,2,6,11,21,23,24,26,32
0,1,2,6,11,22,23,24,36,37
0,1,2,6,11,23,24,25,36,37
0,1,2,11,21,22,23,32,33,34
0,1,2,6,11,21,22,23,35,36
0,1,2,6,11,20,22,23,25,31
0,1,2,6,11,20,22,23,25,35
0,1,3,4,6,20,21,24,27,30
0,1,3,4,6,21,24,27,30,33
0,1,3,4,6,22,23,33,36,39
0,1,2,3,6,17,23,24,38,39
0,1,3,4,6,22,25,26,33,36
0,1,3,4,6,22,25,26,36,39
0,1,2,3,6,17,21,26,27,36
0,1,2,3,6,17,21,26,27,35
0,1,2,3,6,17,24,25,30,35
0,1,2,3,6,17,24,29,30,35
0,1,2,3,5,6,26,29,30,35
0,1,2,3,6,17,21,26,30,35
0,1,2,3,6,17,20,21,30,35
0,1,2,5,6,11,16,23,24,28
0,1,2,3,6,17,24,25,29,30
0,1,2,4,5,6,23,27,30,34
0,1,2,5,6,11,16,23,24,29
0,1,2,6,11,16,23,24,28,29
0,1,2,6,11,16,23,24,28,39
0,1,2,6,11,16,23,24,29,30
0,1,2,6,11,16,23,24,29,34
0,1,2,3,6,17,18,24,27,30
0,1,2,4,5,16,26,29,30,34
0,1,2,3,4,5,6,26,27,30
0,1,2,3,4,6,18,24,30,36
0,1,2,4,5,6,27,28,34,38
0,1,2,4,5,6,28,29,34,38
0,1,2,4,5,6,29,30,34,38
0,1,3,5,6,9,17,27,30,33
0,1,2,5,6,17,22,26,27,30
0,1,2,3,4,6,25,28,29,39
0,1,3,4,6,22,25,28,29,36
0,1,3,4,6,22,25,28,29,39
0,1,2,3,6,17,24,29,30,38
0,1,2,3,6,17,24,29,30,39
0,1,2,3,4,18,20,21,24,30
0,1,2,3,5,6,24,35,38,39
0,1,2,3,6,17,24,30,35,36
0,1,2,3,6,17,24,30,35,39
0,1,2,3,6,17,24,25,30,39
0,1,2,3,5,6,22,23,30,39
0,1,2,3,6,17,21,30,35,36
0,1,2,3,4,6,18,22,28,36
0,1,2,3,4,5,6,20,24,39
0,1,2,3,4,5,6,21,22,25
0,1,2,3,5,6,23,24,29,39
0,1,2,6,11,16,23,24,29,38
0,1,2,6,11,16,23,24,34,35
0,1,2,3,5,6,25,28,29,35
0,1,2,3,5,6,25,29,30,35
0,1,2,3,4,6,20,30,36,39
0,1,2,3,5,6,20,29,35,39
0,1,2,3,17,18,20,30,35,36
0,1,2,3,5,6,20,25,30,35
0,1,2,6,11,16,24,25,28,29
0,1,2,6,11,16,24,25,28,35
0,1,2,3,4,18,26,27,30,36
0,1,2,3,6,17,25,29,30,35
0,1,2,5,6,11,16,24,29,30
0,1,2,3,17,18,20,25,26,30
0,1,2,6,11,16,24,25,29,30
0,1,2,6,11,16,24,28,29,34
0,1,2,6,11,16,24,29,30,34
0,1,2,4,5,6,24,28,34,38
0,1,2,6,11,16,24,25,34,35
0,1,2,6,11,25,27,29,36,38
0,1,2,6,11,25,27,34,35,36
0,1,2,11,25,26,27,28,35,36
0,1,2,11,25,26,27,28,36,37
0,1,2,11,25,26,27,34,35,36
0,1,2,3,4,5,6,29,30,38
0,1,2,3,4,5,6,29,30,39
0,1,2,3,4,6,21,23,24,30
0,1,2,3,17,18,20,21,24,30
0,1,3,5,6,23,24,27,29,38
0,1,3,5,6,24,27,29,33,38
0,1,3,5,6,24,28,30,33,39
0,1,2,4,5,6,24,25,29,34
0,1,2,5,16,21,23,25,29,30
0,1,2,5,16,21,23,25,30,34
0,1,2,6,11,16,20,23,28,29
0,1,2,3,4,18,27,28,30,36
0,1,2,3,6,17,27,29,30,35
0,1,2,3,17,26,27,29,30,35
0,1,2,5,6,11,16,29,30,34
0,1,2,5,6,11,16,29,34,35
0,1,2,3,5,26,28,29,30,35
0,1,2,16,17,25,26,29,30,35
0,1,2,4,5,6,29,30,34,39
0,1,3,5,6,24,30,33,35,39
0,1,2,4,5,6,29,34,38,39
0,1,2,3,4,6,30,36,38,39
0,1,2,3,5,6,29,35,38,39
0,1,3,5,6,24,29,33,35,38
0,1,2,3,6,17,30,35,36,38
0,1,2,5,6,29,34,35,38,39
0,1,3,5,6,24,33,35,38,39
0,1,2,4,6,25,29,34,36,38
0,1,2,6,11,16,25,29,30,34
0,1,2,6,11,25,27,30,36,38
0,1,2,6,11,25,27,30,36,39
0,1,2,6,11,27,29,34,35,36
0,1,2,5,16,26,28,30,34,35
0,1,2,5,16,26,28,30,35,39
0,1,3,5,6,24,29,30,33,35
0,1,2,3,4,5,6,26,28,30
0,1,2,3,4,6,18,24,27,30
0,1,2,3,4,5,6,26,28,38
0,1,2,3,5,6,23,26,28,35
0,1,2,3,5,6,23,28,30,35
0,1,3,4,6,18,21,26,28,33
0,1,2,3,4,5,6,27,29,38
0,1,2,3,6,17,25,27,29,35
0,1,2,3,5,6,24,28,30,39
0,1,2,3,4,6,25,27,29,39
0,1,2,3,4,18,26,28,30,39
0,1,3,4,6,22,25,29,36,39
0,1,3,4,6,22,25,28,36,39
0,1,3,4,6,22,25,27,29,36
0,1,2,4,5,6,24,28,30,34
0,1,2,3,4,6,21,23,30,39
0,1,2,3,4,5,6,20,23,38
0,1,2,3,5,6,24,29,35,38
0,1,3,4,6,22,27,30,33,36
0,1,2,4,5,6,23,28,34,39
0,1,2,4,5,6,23,28,34,38
0,1,3,5,6,24,29,33,35,39
0,1,4,6,15,25,27,29,33,39
0,1,2,3,4,5,28,30,37,39
0,1,2,3,4,18,21,30,37,39
0,1,2,3,4,6,27,30,36,38
0,1,3,4,6,27,30,33,36,38
0,1,3,4,6,27,30,33,36,39
0,1,2,6,11,16,20,26,29,34
0,1,2,6,11,16,20,23,28,34
0,1,2,6,11,16,23,29,35,38
0,1,2,6,11,16,25,30,34,39
0,1,2,6,11,16,20,23,28,30
0,1,2,6,11,16,23,28,30,34
0,1,2,6,11,16,23,28,34,38
0,1,2,6,11,16,20,25,29,34
0,1,2,6,11,16,23,25,28,30
0,1,2,6,11,25,27,30,35,38
0,1,2,3,5,6,21,23,30,38
0,1,2,3,5,6,23,25,30,38
0,1,2,6,11,16,20,23,25,38
0,1,2,4,5,6,20,25,29,34
0,1,6,15,17,24,30,34,36,38
0,1,2,4,5,6,23,29,34,38
0,1,4,6,15,20,22,24,28,34
0,1,2,4,6,20,22,24,34,38
0,1,3,4,18,20,22,25,28,37
0,1,2,4,6,20,23,25,34,38
0,1,2,6,11,16,24,28,34,38
0,1,2,6,11,16,23,24,38,39
0,1,2,6,11,16,23,28,34,39
0,1,2,6,11,16,21,23,28,36
0,1,2,6,11,16,21,23,24,26
0,1,2,6,11,16,21,23,26,38
0,1,2,6,11,25,28,34,36,39
0,1,2,6,11,23,24,25,36,38
0,1,2,3,4,5,26,28,37,39
0,1,4,6,15,22,28,34,36,38
0,1,6,15,17,23,25,27,33,39
0,1,3,5,6,22,24,27,33,39
0,1,2,4,6,23,25,27,34,38
0,1,2,4,5,6,23,27,28,38
0,1,3,5,6,22,24,27,28,33
0,1,2,3,5,24,35,37,38,39
0,1,2,5,16,24,28,35,37,39
0,1,2,4,5,6,23,28,38,39
0,1,3,5,6,22,24,27,33,38
0,1,2,4,5,6,22,24,28,38
0,1,2,3,4,5,6,22,23,27
0,1,2,3,4,6,18,22,24,36
0,1,2,3,6,17,24,36,38,39
0,1,3,5,6,22,24,33,38,39
0,1,2,4,6,23,25,34,36,38
0,1,3,5,6,22,24,28,33,39
0,1,2,4,5,6,22,25,29,38
0,1,2,4,5,16,21,24,25,29
0,1,2,3,5,6,17,21,24,38
0,1,2,3,5,6,20,23,24,29
0,1,2,3,6,17,20,24,29,35
0,1,2,3,4,5,6,23,24,28
0,1,2,3,17,18,20,21,25,35
0,1,2,4,5,6,20,21,25,29
0,1,3,5,6,9,17,21,24,38
0,1,2,5,6,11,16,24,29,34
0,1,3,4,6,18,21,23,28,36
0,1,2,6,11,16,20,24,29,34
0,1,2,6,11,16,20,23,28,35
0,1,2,6,11,16,20,28,34,35
0,1,2,6,11,16,24,25,29,34
0,1,2,6,11,23,24,25,26,27
0,1,2,6,11,23,25,26,28,38
0,1,2,6,11,23,24,25,26,38
0,1,2,6,11,24,25,26,38,39
0,1,2,6,11,23,25,26,28,34
0,1,2,6,11,16,24,29,34,35
0,1,2,6,11,16,24,29,34,38
0,1,2,6,11,16,24,29,34,39
0,1,2,6,11,23,25,27,34,36
0,1,2,6,11,23,25,28,36,38
0,1,2,4,5,6,22,26,27,38
0,1,2,3,5,6,17,23,26,29
0,1,2,5,6,17,22,23,26,38
0,1,2,4,6,18,22,26,28,30
0,1,2,3,5,6,20,22,30,35
0,1,2,3,4,6,18,20,22,30
0,1,2,3,4,6,18,22,30,36
0,1,2,4,6,18,20,22,28,34
0,1,2,3,4,6,18,22,36,39
0,1,2,4,5,21,25,34,37,39
0,1,2,5,16,21,25,35,37,39
0,1,3,4,6,21,24,33,36,38
0,1,3,5,6,21,24,30,35,39
0,1,3,4,6,20,24,27,33,38
0,1,3,4,6,20,24,27,30,33
0,1,3,4,6,18,20,22,25,33
0,1,3,4,6,18,20,25,33,38
0,1,3,4,6,23,27,30,33,36
0,1,3,4,6,21,23,27,30,36
0,1,3,4,6,22,26,33,36,39
0,1,3,4,6,22,24,26,33,39
0,1,3,4,6,22,24,33,36,39
0,1,2,3,4,6,18,21,24,27
0,1,2,3,5,6,20,23,25,35
0,1,2,3,4,5,6,23,25,28
0,1,2,3,4,5,22,24,31,33
0,1,2,5,6,11,16,23,28,33
0,1,3,5,6,23,27,29,32,38
0,1,2,4,5,6,23,29,33,39
0,1,2,3,4,5,6,27,28,29
0,1,2,4,5,6,23,27,29,33
0,1,2,3,4,18,25,26,29,35
0,1,2,3,4,6,24,26,28,35
0,1,2,3,4,5,6,26,28,31
0,1,2,3,4,6,18,21,27,29
0,1,2,3,4,5,6,29,31,33
0,1,2,3,4,6,18,27,30,33
0,1,2,3,4,5,6,29,30,33
0,1,2,3,4,5,6,29,31,34
0,1,2,4,5,6,29,33,35,39
0,1,2,3,4,6,18,27,33,35
0,1,2,4,6,18,25,27,31,33
0,1,2,3,4,6,18,21,27,33
0,1,2,3,4,6,18,21,27,35
0,1,2,4,6,18,21,25,27,33
0,1,2,3,5,6,23,26,27,34
0,1,2,3,5,6,23,26,29,34
0,1,2,3,5,6,23,28,29,34
0,1,2,3,5,6,24,28,29,34
0,1,2,3,4,6,24,30,33,34
0,1,2,6,11,16,23,29,33,39
0,1,2,5,6,11,16,28,29,33
0,1,2,3,6,17,23,24,29,34
0,1,3,5,6,23,29,32,34,38
0,1,2,3,6,17,20,29,34,35
0,1,2,4,5,6,23,24,28,33
0,1,2,5,16,20,22,24,29,33
0,1,4,6,15,21,23,27,33,39
0,1,2,4,5,6,24,28,33,39
0,1,2,6,11,16,24,28,33,39
0,1,2,6,11,21,23,28,29,30
0,1,2,6,11,21,23,24,29,32
0,1,2,6,11,21,24,30,33,39
0,1,2,6,11,21,23,28,30,33
0,1,2,6,11,21,23,28,30,32
0,1,2,3,4,18,24,31,33,35
0,1,3,4,6,21,24,27,30,34
0,1,2,3,4,5,6,32,33,34
0,1,2,3,6,17,29,30,34,35
0,1,3,4,6,21,27,30,32,34
0,1,2,3,5,6,24,29,32,33
0,1,2,4,5,6,23,28,32,35
0,1,2,6,11,16,23,28,30,35
0,1,2,3,6,17,24,29,30,32
0,1,2,3,18,24,29,30,31,33
0,1,2,5,6,23,28,29,32,33
0,1,3,5,6,27,29,32,33,38
0,1,2,4,6,23,28,30,32,39
0,1,2,4,5,6,23,28,32,33
0,1,6,15,17,24,28,30,32,38
0,1,2,3,5,6,17,29,32,35
0,1,2,5,6,17,24,28,29,32
0,1,2,4,5,6,24,28,32,33
0,1,2,4,5,6,28,32,35,39
0,1,2,6,11,16,24,28,29,33
0,1,2,6,11,16,20,24,28,33
0,1,2,3,4,5,6,29,30,34
0,1,2,3,17,18,25,30,31,35
0,1,2,3,5,6,20,30,34,35
0,1,3,4,6,26,29,32,35,38
0,1,2,3,6,17,20,25,29,34
0,1,2,3,5,25,27,28,29,34
0,1,2,16,17,24,25,28,29,34
0,1,3,5,6,23,28,29,32,34
0,1,2,6,11,23,28,30,31,33
0,1,2,6,11,23,24,29,30,31
0,1,2,6,11,28,30,31,33,39
0,1,2,6,11,24,28,29,31,32
0,1,2,6,11,24,25,30,31,32
0,1,2,6,11,20,29,31,32,34
0,1,2,6,11,16,20,23,25,28
0,1,2,6,11,16,20,25,33,39
0,1,2,6,11,20,25,30,32,33
0,1,2,6,11,25,29,30,32,33
0,1,2,6,11,16,29,30,34,35
0,1,2,6,11,16,24,25,26,29
0,1,2,6,11,16,20,25,28,34
0,1,2,6,11,21,26,31,33,34
0,1,2,6,11,25,26,31,32,33
0,1,2,6,11,21,30,32,33,35
0,1,2,4,5,16,25,28,29,33
0,1,2,6,11,16,21,23,26,28
0,1,2,6,16,23,25,27,29,31
0,1,5,6,10,16,27,29,31,33
0,1,5,6,10,16,29,31,33,35
0,1,2,6,11,16,23,25,33,35
0,1,2,6,11,26,30,31,33,34
0,1,2,6,11,16,20,22,25,34
0,1,2,6,11,16,22,24,27,33
0,1,2,6,11,16,22,24,27,39
0,1,2,6,11,16,24,32,38,39
0,1,2,6,11,16,25,26,27,30
0,1,2,3,4,5,6,27,29,32
0,1,2,6,11,16,23,28,33,38
0,1,2,6,11,16,23,29,32,37
0,1,2,6,11,16,25,27,32,39
0,1,2,6,11,16,23,25,28,37
0,1,2,6,11,16,23,25,28,34
0,1,2,6,11,16,25,27,29,30
0,1,2,6,11,16,25,27,30,32
0,1,2,6,11,16,23,27,28,32
0,1,2,6,11,16,23,28,32,37
0,1,2,6,11,25,27,32,33,34
0,1,2,6,11,16,23,27,33,37
0,1,2,3,5,6,27,28,33,38
0,1,2,3,6,17,24,25,33,38
0,1,2,3,6,17,24,25,33,39
0,1,2,3,4,5,26,28,35,37
0,1,2,3,4,5,6,27,28,37
0,1,3,5,6,22,27,31,33,37
0,1,2,3,4,5,6,36,37,38
0,1,2,4,5,6,23,28,32,37
0,1,4,6,15,23,25,27,31,37
0,1,2,5,16,24,26,28,33,37
0,1,2,3,6,17,24,28,33,39
0,1,2,4,5,6,27,28,32,37
0,1,2,4,5,6,28,32,36,37
0,1,2,4,5,6,20,24,28,32
0,1,2,3,5,6,23,27,28,33
0,1,2,3,4,5,6,26,27,28
0,1,2,3,4,6,18,20,26,34
0,1,2,3,5,6,21,22,33,38
0,1,2,3,5,6,21,23,33,38
0,1,2,4,5,6,21,24,28,37
0,1,2,6,11,16,22,23,32,33
0,1,2,3,6,20,23,24,34,39
0,1,2,3,17,18,20,24,34,39
0,1,2,4,5,6,20,24,28,37
0,1,2,3,6,17,18,20,34,37
0,1,2,4,5,6,20,24,28,39
0,1,2,5,6,17,24,28,32,33
0,1,2,3,4,5,6,20,28,37
0,1,2,3,4,5,6,20,28,38
0,1,3,5,6,22,27,28,31,33
0,1,2,4,6,23,25,27,32,34
0,1,2,4,18,23,26,28,32,34
0,1,3,4,6,25,28,31,34,37
0,1,2,3,5,6,22,25,26,33
0,1,3,5,6,22,27,31,33,36
0,1,2,4,5,6,21,25,26,37
0,1,2,6,11,23,25,28,34,37
0,1,2,6,11,23,25,28,33,36
0,1,2,6,11,16,23,24,27,34
0,1,2,3,5,6,23,26,28,33
0,1,2,3,5,6,23,26,28,38
0,1,2,6,11,16,22,27,28,34
0,1,2,6,11,16,23,24,32,38
0,1,2,6,11,16,24,27,32,38
0,1,5,6,10,16,26,28,30,32
0,1,2,6,11,16,23,24,32,33
0,1,2,6,11,16,22,29,38,39
0,1,2,6,11,22,31,32,33,34
0,1,2,6,11,16,22,24,28,33
0,1,2,6,11,16,23,24,27,28
0,1,2,6,11,16,23,24,29,37
0,1,2,6,11,16,22,24,29,36
0,1,2,6,11,22,31,33,34,36
0,1,2,6,11,22,27,33,34,35
0,1,2,6,11,26,27,32,33,34
0,1,2,6,11,16,26,27,31,32
0,1,2,6,11,16,27,28,32,33
0,1,2,6,11,27,28,33,34,35
0,1,2,6,11,23,32,34,35,37
0,1,2,6,11,23,28,33,35,36
0,1,2,6,11,28,32,33,35,36
0,1,2,6,11,22,27,32,34,35
0,1,2,6,11,27,31,32,34,35
0,1,2,6,11,16,22,23,26,27
0,1,2,3,6,24,25,28,29,39
0,1,2,3,17,18,24,25,29,39
0,1,2,3,4,5,6,27,28,32
0,1,2,6,11,16,22,24,27,36
0,1,2,3,5,6,23,27,29,34
0,1,2,4,5,6,22,26,29,33
0,1,2,3,5,6,23,27,29,38
0,1,2,3,6,17,24,26,28,34
0,1,2,3,6,17,23,24,28,29
0,1,2,4,5,6,26,27,33,37
0,1,2,4,5,6,28,29,33,37
0,1,2,3,4,5,6,25,27,37
0,1,2,3,5,6,22,25,27,34
0,1,2,3,5,6,22,27,29,34
0,1,2,3,5,6,22,24,34,39
0,1,2,3,5,6,24,29,34,39
0,1,2,6,11,16,22,28,34,37
0,1,2,3,5,6,24,29,32,34
0,1,2,3,4,5,6,32,34,36
0,1,2,3,17,18,24,29,30,34
0,1,2,3,6,17,24,29,33,38
0,1,2,3,6,17,23,24,29,38
0,1,2,4,5,6,22,28,33,37
0,1,2,3,4,5,20,21,28,29
0,1,2,4,5,6,21,25,29,33
0,1,2,6,11,16,25,26,35,36
0,1,2,3,4,5,6,32,34,37
0,1,2,3,4,6,18,33,36,39
0,1,3,4,6,21,24,27,35,38
0,1,2,3,4,5,25,27,36,38
0,1,2,3,4,6,18,31,34,37
0,1,2,3,4,5,6,33,35,38
0,1,2,3,5,6,27,32,35,37
0,1,3,4,6,18,22,30,35,37
0,1,2,3,5,6,22,30,33,35
0,1,2,3,5,6,22,30,35,37
0,1,2,6,11,16,21,22,27,32
0,1,2,6,11,16,21,22,27,28
0,1,2,6,11,16,21,22,27,33
0,1,2,6,11,16,21,27,33,36
0,1,2,6,11,16,22,23,31,37
0,1,2,6,11,23,24,26,35,38
0,1,2,6,11,22,23,24,35,37
0,1,2,6,11,24,26,27,35,38
0,1,2,11,22,23,24,25,33,34
0,1,2,6,11,24,27,33,35,38
0,1,2,6,11,22,24,27,35,37
0,1,2,6,11,22,24,25,27,33
0,1,2,6,11,23,24,25,37,38
0,1,2,6,11,22,24,25,27,37
0,1,2,6,11,16,20,25,31,37
0,1,2,6,11,16,20,22,28,35
0,1,2,6,11,16,21,22,32,33
0,1,2,6,11,16,20,22,28,37
0,1,2,6,11,16,21,26,28,33
0,1,2,6,11,16,20,23,25,31
0,1,2,6,11,16,21,26,27,33
0,1,2,6,11,16,21,26,32,38
0,1,2,3,4,6,21,22,33,39
0,1,2,6,11,21,22,28,30,33
0,1,2,6,11,21,22,30,33,39
0,1,2,6,11,30,32,37,38,39
0,1,2,6,11,22,28,30,33,39
0,1,2,5,11,16,20,22,31,37
0,1,2,6,11,21,28,30,33,38
0,1,2,3,4,5,20,22,31,33
0,1,2,3,4,6,21,30,33,39
0,1,3,4,6,21,30,33,36,39
0,1,2,3,5,6,21,22,27,33
0,1,2,3,6,17,21,22,27,33
0,1,2,3,4,5,6,21,29,31
0,1,2,3,4,6,18,27,33,39
0,1,3,4,6,22,30,33,36,39
0,1,2,6,11,16,22,27,32,37
0,1,2,6,11,16,23,26,31,37
0,1,2,3,5,6,26,29,31,38
0,1,2,3,5,6,26,31,33,38
0,1,2,3,5,6,27,30,32,39
0,1,2,3,5,6,27,32,34,39
0,1,3,4,6,18,25,30,32,37
0,1,2,6,11,16,20,23,25,34
0,1,2,6,11,16,24,30,33,38
0,1,2,3,4,6,30,32,33,39
0,1,2,5,6,11,16,32,33,37
0,1,2,4,6,28,30,32,37,39
0,1,3,5,6,22,27,33,36,38
0,1,2,4,5,6,21,22,33,37
0,1,2,4,6,21,23,33,37,39
0,1,3,4,18,21,24,27,36,39
0,1,2,4,6,22,24,33,37,39
0,1,3,5,6,22,27,32,36,38
0,1,4,6,15,22,28,30,32,36
0,1,2,6,11,16,22,28,32,38
0,1,2,6,11,16,20,23,24,39
0,1,2,6,11,16,22,28,33,37
0,1,2,6,11,21,28,30,32,37
0,1,2,3,4,5,6,33,34,38
0,1,2,3,5,6,24,34,38,39
0,1,2,3,4,5,6,35,36,39
0,1,2,3,4,5,6,30,32,34
0,1,2,3,4,5,6,30,31,34
0,1,2,3,4,5,6,33,34,37
0,1,2,3,6,17,22,27,28,33
0,1,2,3,5,6,22,27,30,31
0,1,2,3,4,6,28,30,32,39
0,1,2,3,4,18,29,30,33,39
0,1,2,3,5,6,22,27,32,37
0,1,2,3,4,18,23,24,27,33
0,1,2,3,5,6,22,26,27,32
0,1,2,3,4,6,18,25,31,39
0,1,2,3,4,6,25,34,36,38
0,1,2,3,4,18,25,35,36,39
0,1,2,5,6,17,21,22,25,33
0,1,2,5,6,17,21,24,33,37
0,1,2,3,5,6,24,33,36,39
0,1,2,3,5,6,24,33,38,39
0,1,2,6,11,16,22,23,27,38
0,1,2,6,11,16,22,23,37,38
0,1,2,4,6,18,21,25,33,37
0,1,2,5,6,17,21,29,33,37
0,1,2,3,4,5,6,33,35,37
0,1,2,4,6,18,25,29,31,33
0,1,2,4,6,18,25,31,33,37
0,1,2,4,5,6,22,23,29,33
0,1,2,4,5,6,23,24,29,33
0,1,2,4,5,6,24,25,29,33
0,1,2,3,5,6,23,25,34,39
0,1,2,3,6,17,24,25,34,39
0,1,2,3,4,6,28,34,37,38
0,1,2,3,6,17,33,34,38,39
0,1,3,4,6,22,25,28,31,38
0,1,3,4,6,22,25,31,36,38
0,1,2,3,4,6,18,20,28,34
0,1,2,3,4,5,6,30,31,35
0,1,2,6,11,16,26,27,30,31
0,1,2,3,4,5,6,30,31,32
0,1,2,4,5,6,21,30,33,37
0,1,2,3,6,17,18,27,30,33
0,1,2,4,5,6,21,31,32,37
0,1,2,4,5,6,21,32,33,37
0,1,2,4,5,16,21,29,32,33
0,1,2,4,5,16,29,32,33,37
0,1,2,4,6,21,28,32,37,39
0,1,2,4,5,6,21,22,32,37
0,1,6,15,17,21,27,33,37,39
0,1,2,4,5,6,21,26,32,37
0,1,2,3,6,17,27,28,33,38
0,1,2,3,6,17,22,27,33,38
0,1,2,3,6,17,21,33,38,39
0,1,2,5,6,11,16,22,37,38
0,1,3,5,6,21,22,27,36,38
0,1,2,3,17,18,27,32,33,37
0,1,2,3,6,17,27,32,33,38
0,1,2,3,4,18,27,34,36,38
0,1,2,3,4,6,27,33,36,37
0,1,3,4,6,21,24,27,30,37
0,1,2,3,6,17,32,33,37,38
0,1,3,4,6,21,24,30,35,37
0,1,2,3,5,6,23,26,27,38
0,1,2,6,17,23,24,33,37,38
0,1,3,5,6,21,23,27,32,38
0,1,2,4,5,6,22,26,27,37
0,1,2,4,6,22,24,26,33,37
0,1,6,15,17,22,24,26,32,38
0,1,2,3,6,17,23,24,33,38
0,1,2,3,4,5,6,26,27,35
0,1,2,3,5,6,17,27,32,33
0,1,2,3,6,17,27,28,32,33
0,1,2,4,5,6,26,30,33,37
0,1,2,4,5,6,22,32,33,37
0,1,2,5,16,22,29,31,33,38
0,1,2,4,5,6,22,26,30,31
0,1,2,4,5,6,22,26,31,37
0,1,2,4,5,6,22,26,31,35
0,1,2,3,5,29,31,32,33,38
0,1,2,16,17,28,29,32,33,38
0,1,3,5,6,27,32,33,36,38
0,1,2,6,11,16,22,26,27,31
0,1,2,6,11,16,22,26,31,33
0,1,2,6,11,16,22,31,32,33
0,1,2,6,11,16,26,27,36,37
0,1,2,6,11,16,32,33,37,38
0,1,2,6,11,16,22,27,33,38
0,1,2,6,11,22,24,26,33,35
0,1,2,3,4,5,25,27,34,36
0,1,2,3,4,6,24,27,33,35
0,1,4,6,15,22,24,26,30,36
0,1,2,3,4,5,6,26,27,36
0,1,2,3,6,17,21,22,27,32
0,1,2,3,4,6,22,28,31,32
0,1,2,3,4,18,22,29,31,33
0,1,2,4,6,22,26,31,33,35
0,1,6,15,17,21,27,31,33,35
0,1,2,4,5,6,26,31,35,36
0,1,3,4,6,22,25,28,32,39
0,1,3,4,6,25,28,30,32,39
0,1,2,6,11,20,22,25,30,33
0,1,2,6,11,22,24,29,30,31
0,1,2,6,11,20,22,25,31,34
0,1,2,6,11,16,24,25,30,38
0,1,2,6,11,20,22,24,29,31
0,1,2,6,11,16,28,29,33,34
0,1,2,6,11,16,24,29,33,38
0,1,2,6,16,24,26,28,29,30
0,1,2,6,16,24,26,28,30,32
0,1,5,6,10,16,28,30,32,34
0,1,2,6,11,16,20,24,29,33
0,1,2,6,11,24,26,28,33,35
0,1,2,6,11,24,26,29,35,37
0,1,2,6,11,24,26,29,35,38
0,1,2,6,11,26,28,33,34,35
0,1,2,6,11,24,26,29,34,37
0,1,2,6,11,24,29,34,36,37
0,1,2,6,11,28,29,34,35,36
0,1,2,6,11,24,33,35,36,38
0,1,2,6,11,16,20,24,36,39
0,1,2,6,11,16,20,33,35,38
0,1,2,6,11,16,28,29,30,33
0,1,2,6,11,16,24,26,28,29
0,1,2,6,11,29,33,34,36,37
0,1,2,6,11,16,26,28,36,38
0,1,2,6,16,28,30,32,34,36
0,1,2,6,16,30,32,33,34,36
0,1,5,6,10,16,32,34,36,38
0,1,2,6,11,16,26,28,31,33
0,1,2,6,11,16,20,28,30,38
0,1,2,6,11,17,22,31,33,36
0,1,3,4,6,22,28,31,33,35
0,1,2,3,4,5,23,25,34,36
0,1,2,6,11,20,22,25,33,35
0,1,2,6,11,20,22,24,31,33
0,1,2,6,11,20,22,25,31,33
0,1,2,6,11,22,25,31,33,36
0,1,2,6,11,20,21,22,33,35
0,1,2,6,11,16,24,26,29,31
0,1,2,6,11,16,22,27,31,36
0,1,2,6,11,22,24,27,33,36
0,1,2,6,11,24,26,31,32,33
0,1,2,6,11,22,24,27,32,35
0,1,2,6,11,16,17,22,27,32
0,1,2,6,11,17,22,24,27,33
0,1,2,3,4,5,6,30,32,35
0,1,2,6,11,16,20,26,32,35
0,1,5,6,10,16,30,32,34,36
0,1,3,4,6,22,25,28,31,35
0,1,2,3,6,17,30,31,35,36
0,1,3,4,6,24,27,30,33,36
0,1,2,4,6,18,20,28,32,34
0,1,2,4,6,18,28,32,34,36
0,1,2,4,5,6,28,29,33,38
0,1,2,5,16,25,27,29,34,38
0,1,3,5,6,23,28,32,34,37
0,1,4,6,15,24,26,28,32,38
0,1,2,3,4,5,27,29,36,38
0,1,6,15,17,23,29,33,35,37
0,1,2,4,5,6,28,33,37,38
0,1,2,4,6,24,28,33,35,37
0,1,2,3,6,17,25,30,31,39
0,1,2,3,4,5,23,25,32,34
0,1,2,3,18,25,30,31,32,34
0,1,2,5,6,24,29,30,33,34
0,1,3,5,6,28,30,33,34,39
0,1,2,4,6,20,24,29,31,33
0,1,6,15,17,25,29,31,33,39
0,1,2,4,5,6,24,29,33,34
0,1,2,3,6,17,25,30,34,39
0,1,2,3,6,17,20,25,34,39
0,1,2,4,5,6,24,29,33,38
0,1,2,3,5,6,25,34,37,38
0,1,2,3,5,6,25,30,33,34
0,1,2,3,6,17,18,30,33,36
0,1,2,4,5,6,20,24,33,36
0,1,2,4,5,6,20,24,33,34
0,1,2,4,5,6,20,24,35,36
0,1,2,4,5,16,20,24,32,35
0,1,2,4,5,16,20,32,35,36
0,1,3,5,6,9,17,33,36,39
0,1,2,4,5,16,20,24,36,39
0,1,2,4,5,6,20,24,33,37
0,1,2,3,4,18,22,33,34,36
0,1,3,4,6,22,25,33,36,39
0,1,2,4,5,6,20,25,35,36
0,1,2,5,16,21,25,32,34,36
0,1,4,6,15,25,31,33,35,39
0,1,2,3,6,17,21,27,32,33
0,1,2,3,6,17,21,27,32,36
0,1,2,3,5,21,32,34,35,36
0,1,2,3,6,17,21,33,35,36
0,1,3,5,6,21,30,35,36,39
0,1,2,5,6,26,31,32,35,36
0,1,3,5,6,21,30,32,35,36
0,1,2,5,6,17,25,29,33,34
0,1,2,5,6,17,25,29,30,33
0,1,2,3,5,6,17,30,33,36
0,1,3,5,6,9,17,30,33,36
0,1,2,4,5,6,25,29,33,34
0,1,2,4,5,6,20,29,33,36
0,1,2,5,6,17,20,29,33,37
0,1,2,3,5,6,17,20,34,37
0,1,2,6,11,25,30,36,37,38
0,1,2,6,11,29,30,35,36,37
0,1,2,6,11,20,30,35,37,38
0,1,2,6,11,20,26,35,37,38
0,1,2,6,11,25,34,36,37,39
0,1,2,6,11,25,30,35,37,38
0,1,2,6,11,16,20,35,36,39
0,1,2,6,11,20,35,36,37,38
0,1,2,6,11,30,34,35,37,38
0,1,2,6,11,16,25,26,29,30
0,1,2,6,11,16,20,21,26,27
0,1,2,3,5,6,21,26,29,31
0,1,3,4,6,18,24,27,29,36
0,1,3,4,6,18,24,29,31,36
0,1,2,3,5,6,21,29,34,36
0,1,2,3,4,6,18,30,33,36
0,1,3,4,6,18,27,32,34,39
0,1,2,3,4,5,6,32,33,36
0,1,2,3,4,6,18,28,31,34
0,1,2,3,5,6,25,30,33,35
0,1,3,4,6,18,20,28,31,33
0,1,3,4,6,18,20,28,33,35
0,1,2,3,4,5,6,20,36,37
0,1,2,3,5,6,20,25,33,38
0,1,2,3,4,6,29,35,37,39
0,1,2,3,5,6,28,34,37,39
0,1,2,4,5,6,23,27,33,37
0,1,2,3,4,5,6,37,38,39
0,1,2,3,4,6,18,29,35,37
0,1,2,4,6,18,21,27,29,33
0,1,2,3,4,6,18,21,29,35
0,1,2,4,6,18,21,27,33,35
0,1,2,3,4,6,18,23,29,35
0,1,2,3,17,18,29,34,35,39
0,1,2,3,4,5,6,21,22,37
0,1,2,3,5,6,22,23,28,38
0,1,2,3,4,5,6,21,22,23
0,1,2,4,5,6,21,23,27,37
0,1,2,4,6,18,21,29,33,35
0,1,2,4,5,6,23,33,37,39
0,1,2,3,6,17,20,22,23,28
0,1,2,3,6,17,20,22,28,34
0,1,2,3,6,17,23,28,34,39
0,1,2,3,18,20,21,23,34,39
0,1,3,5,6,22,23,28,37,39
0,1,2,5,6,11,16,23,33,38
0,1,2,3,6,17,18,20,34,39
0,1,2,6,17,18,20,29,34,38
0,1,6,15,17,20,22,28,34,38
0,1,2,4,6,20,22,29,33,38
0,1,3,5,6,22,28,34,37,39
0,1,2,4,5,6,22,23,33,38
0,1,2,3,6,17,23,29,34,35
0,1,2,3,6,17,23,28,35,37
0,1,2,3,6,17,23,29,34,38
0,1,2,3,6,17,23,28,29,34
0,1,2,4,5,6,22,27,33,38
0,1,2,4,6,22,27,33,35,37
0,1,4,6,15,21,27,33,35,37
0,1,2,5,16,23,27,34,36,38
0,1,3,5,6,21,23,26,32,37
0,1,2,4,5,6,22,27,37,38
0,1,3,5,6,21,23,32,37,38
0,1,2,5,6,11,16,33,34,38
0,1,3,5,6,23,28,34,37,39
0,1,2,5,6,28,33,34,37,38
0,1,3,5,6,23,32,34,37,38
0,1,2,3,6,17,20,29,34,39
0,1,2,3,4,6,29,35,38,39
0,1,2,6,11,16,22,23,28,34
0,1,2,6,11,16,22,27,33,39
0,1,2,6,11,16,22,23,33,34
0,1,2,6,11,16,22,23,28,29
0,1,2,6,11,16,33,34,38,39
0,1,2,6,11,16,23,29,34,38
0,1,2,6,16,21,23,33,35,37
0,1,2,6,16,21,35,37,38,39
0,1,5,6,10,16,21,23,37,39
0,1,2,6,11,16,21,23,29,36
0,1,2,6,11,20,21,22,34,39
0,1,2,6,11,20,21,33,34,39
0,1,2,6,11,20,31,33,38,39
0,1,2,6,11,20,22,23,31,34
0,1,2,6,11,20,21,23,29,38
0,1,2,6,11,20,21,23,33,38
0,1,2,6,11,20,23,31,33,38
0,1,2,6,11,16,21,23,29,38
0,1,2,6,11,20,23,29,31,34
0,1,2,3,4,6,20,22,23,34
0,1,2,5,11,16,21,23,32,38
0,1,2,6,11,16,21,23,34,36
0,1,2,6,11,20,22,29,31,33
0,1,2,6,11,16,23,34,38,39
0,1,2,6,11,20,21,22,23,38
0,1,2,4,5,23,32,35,37,39
0,1,2,4,18,23,32,34,36,39
0,1,3,4,6,22,31,34,36,39
0,1,3,5,6,22,28,33,37,39
0,1,2,6,11,16,22,27,29,31
0,1,2,6,11,16,22,27,29,34
0,1,2,6,11,16,23,27,32,34
0,1,2,6,11,16,28,29,32,33
0,1,2,6,11,16,23,32,33,34
0,1,2,6,11,16,27,28,37,38
0,1,2,3,4,5,6,22,23,33
0,1,2,3,4,5,21,23,32,34
0,1,2,3,5,6,23,28,31,33
0,1,2,4,5,6,22,27,31,34
0,1,2,3,5,6,28,33,37,39
0,1,2,3,5,6,28,33,36,37
0,1,2,4,5,6,23,32,36,39
0,1,2,3,6,17,28,33,34,39
0,1,2,4,5,6,23,27,32,38
0,1,2,4,5,6,23,27,31,34
0,1,2,4,5,6,27,31,34,38
0,1,2,3,6,17,28,29,33,34
0,1,2,3,6,17,18,29,32,35
0,1,2,4,5,6,23,32,35,39
0,1,2,4,5,6,23,33,34,39
0,1,2,4,5,6,23,34,35,39
0,1,2,4,5,6,23,27,31,32
0,1,2,3,5,6,17,33,34,39
0,1,2,5,16,23,30,32,34,38
0,1,2,4,5,6,23,33,34,38
0,1,4,6,15,23,29,31,33,37
0,1,2,5,16,23,30,32,34,39
0,1,3,4,6,20,22,31,34,37
0,1,2,3,5,6,23,28,33,38
0,1,2,3,5,6,23,33,37,38
0,1,2,3,4,5,6,31,33,35
0,1,2,3,4,5,6,31,32,35
0,1,2,3,5,6,28,32,33,38
0,1,2,3,4,18,20,31,32,34
0,1,2,6,11,16,17,29,34,39
0,1,2,6,11,17,20,29,31,34
0,1,2,3,4,6,20,29,31,33
0,1,2,3,4,18,20,30,31,34
0,1,2,3,5,30,32,33,34,39
0,1,2,16,17,29,30,33,34,39
0,1,3,5,6,28,33,34,37,39
0,1,3,4,6,20,23,31,34,37
0,1,2,4,5,16,31,34,35,39
0,1,2,5,6,17,28,32,33,36
0,1,3,4,6,18,20,23,31,38
0,1,3,4,6,18,23,31,36,38
0,1,2,3,4,6,18,29,32,35
0,1,2,3,5,6,20,28,33,35
0,1,3,4,6,18,26,31,33,38
0,1,2,6,11,16,21,27,29,32
0,1,2,6,11,16,21,27,29,34
0,1,2,6,11,16,21,36,37,39
0,1,2,6,11,16,21,27,32,34
0,1,2,6,11,32,34,36,37,38
0,1,2,6,11,16,27,29,32,34
0,1,2,6,11,16,29,32,34,37
0,1,2,6,11,27,34,36,37,38
0,1,2,6,16,27,31,33,34,37
0,1,5,6,10,16,31,33,35,37
0,1,2,6,16,29,31,33,35,37
0,1,2,6,16,31,33,34,35,37
0,1,5,6,10,16,33,35,37,39
0,1,2,6,11,16,21,29,34,36
0,1,2,6,16,21,31,33,35,37
0,1,2,6,16,33,35,36,37,39
0,1,5,6,10,16,21,35,37,39
0,1,2,6,11,16,21,23,31,33
0,1,2,6,11,16,21,23,36,38
0,1,2,6,11,16,22,27,31,38
0,1,2,4,6,27,31,33,35,38
0,1,2,4,6,27,31,33,36,38
0,1,3,4,18,21,30,33,35,38
0,1,2,3,4,6,22,23,33,39
0,1,2,3,5,6,22,23,32,38
0,1,2,3,17,18,23,33,38,39
0,1,2,4,6,18,27,31,33,35
0,1,3,5,6,9,17,32,35,38
0,1,2,5,6,17,23,27,31,32
0,1,2,3,4,5,6,35,37,39
0,1,2,3,5,6,23,32,35,36
0,1,2,4,5,6,23,27,36,37
0,1,2,4,5,6,23,27,38,39
0,1,2,3,6,17,18,33,36,39
0,1,2,4,5,16,23,35,38,39
0,1,2,6,11,20,32,33,38,39
0,1,2,6,11,20,22,28,37,39
0,1,2,6,11,20,21,28,33,38
0,1,2,6,11,20,27,32,37,39
0,1,2,6,11,20,32,37,38,39
0,1,2,6,11,31,32,37,38,39
0,1,2,6,11,21,27,36,38,39
0,1,2,6,11,27,36,37,38,39
0,1,2,6,11,20,21,31,32,39
0,1,2,6,11,16,21,32,36,37
0,1,2,6,11,20,21,36,37,38
0,1,2,6,11,20,21,22,37,38
0,1,2,6,11,16,31,32,36,37
0,1,2,6,11,16,27,28,31,32
0,1,2,4,5,6,22,31,35,38
0,1,2,5,6,17,27,31,32,35
0,1,2,4,5,16,30,33,34,38
0,1,2,4,5,6,22,31,32,38
0,1,2,4,5,6,22,33,34,38
0,1,2,3,4,5,6,31,32,36
0,1,2,3,5,6,22,32,35,37
0,1,2,4,5,6,21,31,35,37
0,1,3,4,6,20,23,26,29,33
0,1,3,4,6,20,26,29,31,33
0,1,3,4,18,26,29,31,34,37
0,1,2,4,6,23,27,29,32,34
0,1,2,6,11,16,22,23,28,36
0,1,2,5,6,11,16,22,27,32
0,1,3,5,6,22,26,28,31,33
0,1,2,3,6,17,22,23,28,33
0,1,2,3,6,17,22,28,33,37
0,1,2,3,6,17,22,28,33,34
0,1,3,5,6,22,26,28,31,37
0,1,3,5,6,22,28,31,33,37
0,1,2,4,6,23,27,32,34,36
0,1,2,4,5,6,27,32,36,37
0,1,3,5,6,22,31,33,36,37
0,1,6,15,17,22,28,32,34,36
0,1,2,4,5,6,21,27,31,37
0,1,2,3,4,5,6,31,32,33
0,1,2,3,6,23,28,29,32,33
0,1,2,3,17,18,23,28,29,33
0,1,2,4,5,6,27,31,33,37
0,1,2,3,6,17,18,23,26,29
0,1,2,3,5,6,17,22,25,28
0,1,2,5,6,17,21,22,25,37
0,1,2,4,5,6,21,25,28,32
0,1,2,3,5,6,22,26,28,37
0,1,2,3,6,17,23,28,29,37
0,1,2,3,5,6,22,28,32,37
0,1,2,3,6,17,23,28,32,37
0,1,2,3,6,17,22,23,28,37
0,1,2,4,5,6,21,27,32,36
0,1,2,3,5,6,22,25,27,37
0,1,2,3,5,6,27,30,31,37
0,1,2,3,5,6,27,31,32,37
0,1,3,4,6,18,20,23,25,32
0,1,3,4,6,18,20,25,27,32
0,1,2,3,6,17,23,28,29,31
0,1,2,3,18,23,28,29,30,32
0,1,2,5,6,22,27,28,31,32
0,1,3,4,6,20,23,26,29,31
0,1,3,5,6,26,28,31,32,37
0,1,2,6,11,16,22,28,31,36
0,1,2,4,5,16,24,27,28,32
0,1,2,3,17,18,22,27,28,32
0,1,2,4,5,6,25,26,32,36
0,1,2,4,5,6,26,27,32,36
0,1,2,4,5,6,27,28,32,36
0,1,2,4,5,6,21,25,26,36
0,1,2,4,6,21,23,25,32,36
0,1,6,15,17,21,23,25,31,37
0,1,3,5,6,20,22,25,31,37
0,1,3,5,6,20,22,26,31,37
0,1,2,3,6,17,22,23,32,37
0,1,2,3,4,5,6,28,30,32
0,1,2,3,4,6,18,26,29,32
0,1,2,3,5,6,25,30,32,37
0,1,2,3,4,5,6,28,29,32
0,1,3,4,6,18,23,26,28,35
0,1,3,4,6,18,23,28,30,35
0,1,2,4,6,21,23,25,30,32
0,1,2,3,6,17,26,27,31,32
0,1,2,4,5,6,25,29,32,36
0,1,2,4,5,16,28,31,32,36
0,1,2,5,6,17,21,25,26,29
0,1,2,3,5,6,17,26,29,32
0,1,2,4,5,6,21,25,29,30
0,1,3,5,6,9,17,26,29,32
0,1,2,3,6,17,26,31,32,37
0,1,2,4,5,6,21,25,30,36
0,1,2,6,11,16,21,27,32,36
0,1,3,5,6,20,26,31,35,37
0,1,2,5,16,21,28,30,32,36
0,1,2,5,16,21,28,30,32,37
0,1,4,6,15,21,27,29,31,35
0,1,2,4,5,6,21,31,32,36
0,1,2,16,17,27,28,31,32,37
0,1,3,5,6,26,31,32,35,37
0,1,2,4,6,21,25,27,29,31
0,1,2,4,6,21,25,27,30,32
0,1,3,4,18,24,27,29,32,35
0,1,3,5,6,20,26,29,31,35
0,1,2,3,6,17,20,21,26,31
0,1,2,3,4,6,18,24,26,32
0,1,3,4,6,21,23,25,32,38
0,2,4,6,8,20,22,24,26,28
0,2,4,6,8,26,28,30,32,34
0,2,5,8,11,14,16,20,26,34
0,2,5,8,11,14,16,20,28,31
0,2,5,8,11,14,16,20,31,34
0,2,4,6,8,20,22,23,24,26
0,2,4,6,8,20,21,23,25,38
0,2,4,6,8,20,21,23,25,39
0,2,4,6,8,21,23,25,37,39
0,2,4,6,8,21,22,23,24,25
0,2,4,6,8,21,23,25,28,39
0,2,4,8,22,23,28,33,37,39
0,2,5,8,11,14,16,22,25,31
0,2,4,6,8,22,23,24,25,37
0,2,4,20,23,25,28,33,35,38
0,2,5,8,11,14,16,20,22,25
0,2,5,8,11,14,16,20,25,28
0,2,4,6,8,22,23,24,30,37
0,2,4,6,8,21,22,26,30,37
0,2,4,6,20,21,25,26,30,35
0,2,5,8,11,14,16,25,31,39
0,2,5,8,11,16,25,26,30,31
0,2,4,6,8,21,23,25,30,39
0,2,4,6,8,20,25,30,34,36
0,2,4,6,8,20,25,34,36,38
0,2,5,8,11,14,16,20,25,26
0,2,4,6,8,21,23,25,32,34
0,2,4,6,8,21,23,28,37,39
0,2,4,6,8,21,25,26,31,35
0,2,4,6,22,27,28,33,37,38
0,2,4,6,8,20,22,24,26,31
0,2,4,6,8,20,24,28,29,33
0,2,4,6,8,20,22,28,29,35
0,2,4,8,24,25,26,35,36,37
0,2,4,6,8,20,24,30,34,37
0,2,4,6,8,26,28,29,30,32
0,2,4,6,8,29,31,32,33,35
0,2,4,6,8,21,25,27,28,31
0,2,4,6,8,21,23,25,26,27
0,2,4,6,8,23,25,26,27,29
0,2,4,6,8,20,22,24,25,26
0,2,4,6,8,22,24,25,26,27
0,2,4,6,8,22,24,25,26,28
0,2,4,6,8,20,24,30,31,34
0,2,4,6,8,20,24,29,30,34
0,2,4,6,20,23,24,27,30,33
0,2,5,8,11,14,16,21,22,25
0,2,4,6,8,20,22,24,26,33
0,2,4,6,8,20,22,24,31,38
0,2,5,8,11,14,16,21,24,27
0,2,4,6,22,23,24,28,33,38
0,2,5,8,11,14,16,25,34,36
0,2,5,8,11,16,28,29,33,34
0,2,4,6,8,22,24,26,28,31
0,2,4,6,8,20,24,27,30,34
0,2,4,6,23,24,28,29,34,39
0,2,4,6,8,23,25,27,29,32
0,2,4,6,8,20,23,27,29,36
0,2,4,6,8,20,23,25,29,34
0,2,4,6,20,25,29,30,34,39
0,2,4,6,20,23,29,30,36,39
0,2,5,8,11,14,16,20,23,26
0,2,5,8,11,14,16,20,26,37
0,2,4,6,8,20,21,25,26,30
0,2,5,8,11,16,20,25,26,30
0,2,5,8,11,14,16,26,28,37
0,2,5,11,14,16,20,34,35,39
0,2,4,6,8,20,24,25,30,34
0,2,4,6,8,20,24,25,32,36
0,2,4,6,8,20,24,28,32,36
0,2,4,6,8,20,25,26,32,38
0,2,4,6,8,20,22,25,28,30
0,2,4,20,23,25,28,30,33,38
0,2,4,8,16,21,24,30,33,38
0,2,5,8,11,14,16,22,24,25
0,2,4,6,8,22,24,26,28,30
0,2,5,8,11,14,16,22,25,39
0,2,4,8,16,20,24,25,28,33
0,2,4,8,16,20,24,25,28,36
0,2,4,6,8,20,25,26,27,33
0,2,4,6,8,20,21,22,28,35
0,2,4,8,16,22,24,31,36,37
0,2,4,8,16,22,23,28,35,37
0,2,4,6,8,21,23,35,37,39
0,2,5,8,11,14,16,20,28,29
0,2,4,6,22,23,28,33,37,38
0,2,5,8,11,14,16,20,29,34
0,2,4,6,8,20,21,23,37,39
0,2,5,8,11,14,16,20,28,34
0,2,4,6,8,20,22,24,38,39
0,2,4,6,8,20,22,24,37,38
0,2,4,6,8,20,22,36,37,38
0,2,4,6,8,20,24,26,30,35
0,2,4,6,8,20,22,24,26,35
0,2,4,6,8,20,24,30,34,39
0,2,4,6,8,22,24,26,28,37
0,2,5,8,11,14,16,20,22,31
0,2,5,8,11,16,20,34,35,39
0,2,5,11,14,16,28,29,33,34
0,2,5,8,11,14,16,22,27,28
0,2,5,8,11,14,16,22,27,31
0,2,5,8,11,14,16,22,31,33
0,2,5,8,11,16,25,30,31,35
0,2,5,11,14,16,20,24,25,39
0,2,4,6,8,20,26,30,33,36
0,2,4,6,8,20,33,34,36,38
0,2,4,6,8,26,28,30,31,32
0,2,4,8,16,20,26,28,33,34
0,2,5,8,11,14,16,22,28,30
0,2,4,8,16,22,26,30,38,39
0,2,4,6,8,26,30,31,35,39
0,2,4,6,8,20,21,23,28,38
0,2,4,6,8,20,22,30,32,35
0,2,4,6,8,20,22,30,32,37
0,2,4,6,8,20,23,28,30,38
0,2,4,6,20,23,30,33,35,38
0,2,4,20,23,28,30,33,35,38
0,2,4,6,8,20,21,23,36,38
0,2,5,8,11,14,17,20,23,28
0,2,4,6,8,21,23,25,26,28
0,2,4,6,8,23,25,26,27,28
0,2,4,22,24,27,29,32,34,39
0,2,4,8,16,22,25,26,29,30
0,2,4,22,24,27,29,32,34,37
0,2,4,8,16,22,25,26,30,34
0,2,4,8,16,20,25,28,32,36
0,2,4,21,23,26,28,33,36,38
0,2,4,21,23,26,28,31,36,38
0,2,4,8,16,20,21,22,24,25
0,2,5,8,11,14,17,25,28,33
0,2,4,6,8,21,25,28,29,37
0,2,4,6,8,21,25,26,30,37
0,2,4,6,8,21,23,25,28,33
0,2,4,6,8,22,24,26,27,29
0,2,4,6,8,22,24,26,29,31
0,2,4,6,8,22,26,27,30,31
0,2,4,6,8,20,22,29,30,31
0,2,4,6,8,22,24,32,34,35
0,2,4,20,25,27,28,30,35,38
0,2,4,6,8,20,29,31,32,33
0,2,4,20,25,28,30,33,35,38
0,2,4,6,8,20,29,31,33,36
0,2,4,6,8,20,32,33,35,36
0,2,4,6,8,20,27,29,31,36
0,2,4,6,8,20,27,31,32,36
0,2,4,8,16,20,23,28,31,32
0,2,4,8,16,20,23,28,31,36
0,2,4,8,16,20,23,28,35,36
0,2,4,6,8,22,24,26,31,33
0,2,4,6,8,22,26,30,31,35
0,2,4,8,16,22,26,27,30,31
0,2,5,8,11,14,16,24,30,36
0,2,5,8,11,16,30,31,35,36
0,2,4,8,22,24,27,28,33,38
0,2,5,8,11,14,16,24,27,30
0,2,4,6,8,20,22,26,31,36
0,2,5,8,11,14,16,23,32,34
0,2,5,8,11,16,20,26,31,36
0,2,4,6,8,20,22,24,29,38
0,2,4,6,8,30,32,34,36,38
0,2,4,8,16,23,26,32,35,38
0,2,4,23,26,28,31,33,36,38
0,2,5,8,11,14,16,23,24,26
0,2,5,8,11,14,16,23,26,29
0,2,4,6,8,27,29,32,34,36
0,2,4,16,23,28,29,32,34,38
0,2,5,8,11,14,16,21,24,30
0,2,4,6,8,27,29,30,31,32
0,2,4,6,8,27,30,31,34,38
0,2,4,8,16,23,26,30,31,34
0,2,4,8,16,23,26,30,34,38
0,2,5,8,11,14,16,23,26,35
0,2,5,8,11,14,17,21,23,26
0,2,4,23,25,28,30,33,35,38
0,2,4,8,16,23,26,30,35,38
0,2,4,8,16,23,26,27,30,31
0,2,5,8,11,14,17,21,24,36
0,2,4,6,8,21,25,29,33,37
0,2,4,6,8,21,23,30,31,33
0,2,4,6,8,25,29,30,34,38
0,2,5,8,11,14,16,24,30,38
0,2,5,8,11,16,24,29,30,34
0,2,4,6,8,25,27,29,34,36
0,2,5,8,11,14,16,23,24,29
0,2,4,6,8,21,23,30,32,34
0,2,5,8,11,14,16,26,35,37
0,2,5,11,14,16,23,24,28,29
0,2,4,6,8,21,23,29,31,36
0,2,4,6,8,21,23,29,35,36
0,2,5,8,11,14,16,21,27,32
0,2,5,8,11,14,16,24,26,35
0,2,5,8,11,16,23,24,38,39
0,2,4,6,8,20,21,24,30,34
0,2,4,6,8,21,24,26,28,30
0,2,5,8,11,14,16,22,24,33
0,2,4,6,8,20,21,22,24,38
0,2,4,6,8,20,23,26,30,36
0,2,4,6,8,25,27,32,34,36
0,2,5,8,11,14,16,21,30,32
0,2,4,6,8,21,26,28,30,32
0,2,4,6,8,21,24,28,30,34
0,2,4,6,8,20,21,22,26,36
0,2,4,6,8,21,23,24,25,27
0,2,5,8,11,14,16,21,24,38
0,2,4,6,8,21,23,25,27,39
0,2,4,6,8,24,25,26,32,39
0,2,4,6,8,23,24,28,32,39
0,2,5,8,11,14,16,24,32,38
0,2,5,8,11,16,23,24,28,38
0,2,5,11,14,16,32,33,37,38
0,2,4,8,16,20,23,24,28,32
0,2,4,8,16,20,23,24,27,28
0,2,4,20,22,25,27,30,32,35
0,2,4,20,22,25,27,30,32,37
0,2,5,8,11,14,17,21,33,38
0,2,5,8,11,14,17,24,27,32
0,2,4,6,8,20,23,24,27,36
0,2,4,8,16,20,23,24,27,36
0,2,4,8,16,23,26,27,30,34
0,2,4,8,16,23,26,27,30,39
0,2,4,25,26,27,28,35,37,38
0,2,4,8,16,22,24,26,27,35
0,2,4,8,16,22,26,27,30,35
0,2,4,8,16,22,26,30,35,38
0,2,4,8,16,20,24,27,32,35
0,2,4,22,24,27,32,34,37,39
0,2,4,8,16,20,24,27,32,39
0,2,4,6,8,20,22,24,31,33
0,2,4,6,8,20,24,31,35,39
0,2,4,6,8,20,22,24,33,35
0,2,4,22,24,29,32,34,37,39
0,2,4,6,8,20,22,24,37,39
0,2,4,8,16,20,24,35,36,39
0,2,4,6,8,22,31,33,37,39
0,2,5,8,11,14,16,25,33,36
0,2,5,8,11,14,16,25,33,39
0,2,5,8,11,14,16,25,36,39
0,2,5,8,11,16,20,24,25,39
0,2,5,8,11,14,16,25,27,36
0,2,5,11,14,16,33,34,38,39
0,2,5,8,11,16,20,24,30,35
0,2,5,8,11,14,16,27,36,38
0,2,5,8,11,14,16,24,25,30
0,2,5,11,14,16,24,25,29,30
0,2,4,6,8,20,34,35,36,38
0,2,4,6,8,26,28,29,30,31
0,2,4,22,25,27,30,32,35,37
0,2,4,6,8,26,28,30,33,35
0,2,5,8,11,14,17,20,23,35
0,2,4,6,8,26,28,31,33,35
0,2,4,6,24,26,28,33,35,37
0,2,5,8,11,14,16,20,23,29
0,2,5,8,11,14,16,20,29,31
0,2,4,6,8,21,25,28,31,35
0,2,4,6,8,21,23,28,29,35
0,2,5,8,11,16,23,24,28,29
0,2,4,6,8,23,24,28,35,39
0,2,4,6,8,21,23,29,30,31
0,2,4,6,8,21,23,29,30,35
0,2,4,6,8,23,25,30,31,37
0,2,4,6,8,24,28,29,33,37
0,2,4,6,22,26,27,31,32,37
0,2,4,6,8,24,26,28,30,32
0,2,4,6,8,24,29,30,31,37
0,2,5,8,11,14,16,20,26,31
0,2,5,11,14,16,22,23,29,38
0,2,5,11,14,16,22,23,37,38
0,2,4,6,8,24,28,32,33,37
0,2,4,8,16,20,24,28,32,37
0,2,4,8,16,20,24,28,29,32
0,2,5,8,11,14,16,20,26,29
0,2,5,8,11,16,32,33,37,38
0,2,5,8,11,14,16,20,29,38
0,2,4,8,16,20,21,24,28,32
0,2,4,6,8,21,28,30,37,39
0,2,4,20,21,22,29,30,31,39
0,2,5,8,11,14,16,21,27,29
0,2,5,8,11,14,16,24,29,33
0,2,4,8,16,20,21,24,32,33
0,2,4,20,21,22,29,31,32,39
0,2,4,8,16,20,23,24,27,31
0,2,4,22,23,24,25,32,33,35
0,2,5,8,11,16,24,25,29,30
0,2,5,11,14,16,23,24,30,39
0,2,5,11,14,16,23,24,38,39
0,2,4,6,8,20,24,25,29,36
0,2,4,8,16,20,21,24,29,32
0,2,4,8,16,21,29,30,37,38
0,2,4,8,16,21,26,29,30,34
0,2,4,21,26,28,31,33,36,38
0,2,4,6,8,21,34,36,37,38
0,2,4,6,8,21,35,36,37,38
0,2,5,8,11,14,16,22,33,36
0,2,5,8,11,16,21,22,26,36
0,2,5,8,11,14,16,21,27,36
0,2,4,8,16,21,22,26,30,33
0,2,4,8,16,21,22,29,30,33
0,2,4,21,28,29,30,31,38,39
0,2,4,6,8,20,21,25,31,35
0,2,4,6,20,25,29,31,34,35
0,2,5,8,11,14,16,21,23,32
0,2,5,8,11,14,16,21,32,35
0,2,5,8,11,16,20,21,35,36
0,2,4,6,8,21,25,31,35,38
0,2,5,8,11,16,20,21,25,35
0,2,5,11,14,16,21,30,34,35
0,2,5,11,14,16,29,30,34,35
0,2,4,6,8,20,21,25,29,36
0,2,4,6,8,20,27,31,35,36
0,2,4,8,16,20,23,27,31,32
0,2,4,8,16,20,21,25,29,32
0,2,4,6,8,25,27,32,33,39
0,2,4,8,16,20,25,28,29,33
0,2,4,8,16,20,23,28,31,35
0,2,4,8,16,21,22,25,33,34
0,2,4,8,16,21,22,25,30,33
0,2,4,22,27,29,32,34,37,39
0,2,4,8,16,22,27,30,34,35
0,2,4,8,16,22,27,30,31,35
0,2,5,8,11,14,16,22,25,34
0,2,5,8,11,14,17,20,22,25
0,2,5,8,11,14,16,22,23,28
0,2,4,6,8,20,22,34,36,38
0,2,4,6,8,20,29,31,34,36
0,2,5,8,11,14,16,23,25,28
0,2,5,8,11,14,16,22,25,28
0,2,5,8,11,16,22,28,33,38
0,2,5,11,14,16,22,23,27,28
0,2,5,8,11,16,33,34,38,39
0,2,4,6,8,25,27,29,31,33
0,2,4,6,8,25,29,33,34,38
0,2,4,8,16,21,25,29,30,33
0,2,4,8,16,21,25,29,33,38
0,2,4,6,8,21,25,27,31,36
0,2,5,8,11,14,16,25,28,31
0,2,5,8,11,14,16,23,25,34
0,2,4,6,8,20,22,23,25,27
0,2,4,6,8,20,22,25,27,38
0,2,4,8,16,22,27,30,34,38
0,2,4,8,16,22,27,30,36,39
0,2,5,8,11,14,16,22,28,36
0,2,5,8,11,16,22,23,27,28
0,2,4,8,20,25,30,34,36,39
0,2,5,8,11,14,16,22,28,39
0,2,5,8,11,14,16,21,27,30
0,2,5,8,11,14,16,21,30,39
0,2,5,8,11,16,23,27,33,38
0,2,5,11,14,16,27,28,32,33
0,2,4,6,8,23,27,34,38,39
0,2,4,8,16,23,27,30,35,38
0,2,5,8,11,14,16,28,30,39
0,2,4,6,8,20,21,22,27,39
0,2,4,20,22,25,27,32,35,37
0,2,5,8,11,14,16,27,30,33
0,2,5,8,11,14,17,22,25,27
0,2,4,6,8,21,23,25,27,36
0,2,5,8,11,14,17,22,25,36
0,2,5,8,11,14,17,22,25,39
0,2,5,8,11,14,17,22,30,36
0,2,5,8,11,14,17,22,27,33
0,2,5,8,11,14,17,22,25,33
0,2,5,8,10,20,22,23,25,27
0,2,5,8,10,20,22,25,27,30
0,2,5,8,10,20,22,23,30,33
0,2,5,8,10,23,25,27,33,35
0,2,5,8,14,17,25,27,35,37
0,2,5,8,10,20,22,27,32,33
0,2,5,8,10,20,25,30,35,39
0,2,5,8,10,25,27,33,35,37
0,2,5,8,10,20,25,27,32,33
0,2,5,8,11,17,20,25,30,35
0,2,5,8,10,20,23,27,30,39
0,2,5,8,10,21,24,27,33,37
0,2,5,8,10,21,24,27,35,38
0,2,5,8,11,14,17,21,24,27
0,2,5,8,11,14,17,21,27,33
0,2,5,8,11,14,17,21,27,32
0,2,5,8,11,14,17,21,27,36
0,2,5,8,11,14,17,21,24,32
0,2,5,8,11,14,17,21,24,33
0,2,5,8,10,20,24,25,32,38
0,2,5,8,10,22,23,24,29,30
0,2,5,8,11,14,17,21,27,29
0,2,5,8,10,20,23,25,30,35
0,2,5,8,10,20,23,25,35,37
0,2,5,8,11,14,17,27,30,33
0,2,5,8,14,17,25,27,33,35
0,2,5,8,10,20,22,24,25,30
0,2,5,8,10,20,22,24,30,32
0,2,5,8,10,20,22,27,30,32
0,2,5,8,10,20,30,32,35,38
0,2,5,8,11,14,17,22,24,27
0,2,5,8,11,14,17,22,24,33
0,2,5,8,11,14,17,21,30,35
0,2,5,8,10,21,22,24,32,34
0,2,5,8,10,21,24,26,29,34
0,2,5,8,11,14,17,21,24,26
0,2,5,8,11,14,17,21,24,38
0,2,5,8,11,14,17,21,29,35
0,2,5,8,10,22,24,26,32,34
0,2,5,8,10,24,26,32,34,36
0,2,5,8,14,17,24,26,36,38
0,2,5,8,10,20,21,22,26,36
0,2,5,8,10,20,22,24,29,38
0,2,5,8,11,14,17,21,26,32
0,2,5,8,10,20,26,32,34,39
0,2,5,8,14,17,24,26,32,34
0,2,5,8,14,17,24,26,34,36
0,2,5,8,10,20,24,29,30,34
0,2,5,8,10,20,24,27,30,34
0,2,5,8,10,20,24,27,36,37
0,2,5,8,10,20,22,36,37,39
0,2,5,8,10,20,22,27,29,36
0,2,5,8,10,20,22,27,32,34
0,2,5,8,14,17,22,24,32,34
0,2,5,8,14,17,22,24,34,36
0,2,5,8,10,20,22,24,28,36
0,2,5,8,10,20,22,27,28,34
0,2,5,8,11,14,17,20,22,28
0,2,5,8,11,14,17,22,28,34
0,2,5,8,11,14,17,20,25,28
0,2,5,8,11,14,17,20,28,31
0,2,5,8,11,14,17,20,25,26
0,2,5,8,11,14,17,20,22,26
0,2,5,8,11,14,17,22,31,36
0,2,5,8,11,14,17,22,25,34
0,2,5,8,11,14,17,22,34,39
0,2,5,8,11,14,17,20,23,25
0,2,5,8,11,14,17,20,23,26
0,2,5,8,11,14,17,20,23,34
0,2,5,8,10,22,24,26,28,34
0,2,5,8,11,14,17,28,31,34
0,2,5,8,14,17,26,28,34,36
0,2,5,8,10,20,26,28,34,39
0,2,5,8,11,14,17,20,26,28
0,2,5,8,11,14,17,20,26,31
0,2,5,8,11,14,17,20,28,34
0,2,5,8,11,14,17,20,25,31
0,2,5,8,10,22,24,26,29,34
0,2,5,8,10,22,24,29,34,39
0,2,5,8,10,21,22,24,31,34
0,2,5,8,10,21,22,31,34,38
0,2,5,8,10,21,22,26,29,34
0,2,5,8,10,21,22,24,26,34
0,2,5,8,10,21,22,24,34,39
0,2,5,8,10,21,24,26,31,34
0,2,5,8,10,21,26,28,32,39
0,2,5,8,11,17,24,28,34,39
0,2,5,8,11,17,24,29,34,39
0,2,5,8,10,21,23,26,29,31
0,2,5,8,10,21,23,29,31,33
0,2,5,8,10,21,23,29,31,36
0,2,5,8,14,17,21,23,29,31
0,2,5,8,10,21,31,34,35,37
0,2,5,8,10,23,26,29,33,36
0,2,5,8,11,14,17,21,23,32
0,2,5,8,11,14,17,21,35,38
0,2,5,8,10,21,23,26,31,33
0,2,5,8,10,21,23,31,33,34
0,2,5,8,10,21,24,33,34,37
0,2,5,8,10,21,23,26,31,34
0,2,5,8,10,21,23,26,31,36
0,2,5,8,10,20,21,26,30,31
0,2,5,8,10,20,24,26,31,33
0,2,5,8,11,17,20,26,31,36
0,2,5,8,10,20,21,26,28,33
0,2,5,8,10,20,21,26,28,34
0,2,5,8,10,20,24,26,28,34
0,2,5,8,10,20,26,28,33,38
0,2,5,8,10,20,26,28,34,36
0,2,5,8,10,20,21,28,31,36
0,2,5,8,10,20,21,24,28,31
0,2,5,8,10,20,21,28,31,38
0,2,5,8,14,17,20,26,28,38
0,2,5,8,10,21,24,31,32,34
0,2,5,8,14,17,26,28,36,38
0,2,5,8,10,20,21,28,29,37
0,2,5,8,11,14,17,20,21,29
0,2,5,8,10,20,21,25,30,31
0,2,5,8,10,20,25,27,31,38
0,2,5,8,10,20,21,25,31,33
0,2,5,8,10,20,21,25,31,35
0,2,5,8,10,20,21,28,33,35
0,2,5,8,10,21,23,25,31,33
0,2,5,8,10,20,21,25,28,33
0,2,5,8,10,20,21,23,28,33
0,2,5,8,10,20,23,25,28,33
0,2,5,8,10,20,21,30,33,37
0,2,5,8,11,14,17,20,23,37
0,2,5,8,14,17,23,25,33,35
0,2,5,8,10,21,23,25,27,39
0,2,5,8,11,14,17,22,28,36
0,2,5,8,14,17,23,25,31,33
0,2,5,8,10,21,23,28,31,33
0,2,5,8,10,21,25,26,33,36
0,2,5,8,10,21,25,26,31,36
0,2,5,8,10,21,24,28,31,36
0,2,5,8,10,21,24,30,33,36
0,2,5,8,10,21,23,24,26,38
0,2,5,8,10,21,24,26,36,38
0,2,5,8,10,21,26,30,31,36
0,2,5,8,10,24,26,28,30,36
0,2,5,8,10,21,23,28,30,36
0,2,5,8,10,23,24,30,31,36
0,2,5,8,11,17,21,26,31,36
0,2,5,8,10,21,28,29,31,39
0,2,5,8,10,21,25,28,29,38
0,2,5,8,10,21,29,31,38,39
0,2,5,8,14,17,21,23,31,33
0,2,5,8,14,17,21,23,33,35
0,2,5,8,10,21,24,26,31,36
0,2,5,8,10,21,24,26,27,29
0,2,5,8,10,21,24,27,29,39
0,2,5,8,10,20,23,28,30,33
0,2,5,8,10,20,21,23,24,33
0,2,5,8,10,20,21,23,30,33
0,2,5,8,11,14,17,30,33,36
0,2,5,8,14,17,20,28,30,38
0,2,5,8,14,17,28,30,36,38
0,2,5,8,10,21,23,24,26,33
0,2,5,8,10,21,23,26,28,33
0,2,5,8,10,20,22,24,26,33
0,2,5,8,11,14,17,22,28,33
0,2,5,8,10,20,21,25,30,35
0,2,5,8,11,17,23,27,33,38
0,2,5,8,10,21,23,25,28,30
0,2,5,8,10,21,23,28,30,33
0,2,5,8,10,21,23,28,33,38
0,2,5,8,10,20,23,28,33,36
0,2,5,8,10,20,23,28,33,38
0,2,5,8,10,20,26,28,33,34
0,2,5,8,10,20,26,28,32,34
0,2,5,8,11,14,17,20,26,32
0,2,5,8,11,14,17,20,26,35
0,2,5,8,10,20,23,28,32,33
0,2,5,8,10,20,23,32,33,36
0,2,5,8,10,20,23,26,30,33
0,2,5,8,10,20,25,26,30,35
0,2,5,8,10,20,22,23,25,26
0,2,5,8,11,14,17,32,35,38
0,2,5,8,11,17,23,28,32,38
0,2,5,8,10,20,26,28,30,32
0,2,5,8,10,20,22,28,30,35
0,2,5,8,10,20,22,28,30,36
0,2,5,8,10,20,25,30,35,36
0,2,5,8,11,17,22,28,33,38
0,2,5,8,11,17,23,28,33,38
0,2,5,8,10,20,22,25,28,30
0,2,5,8,10,20,22,30,32,33
0,2,5,8,10,20,22,25,30,32
0,2,5,8,10,20,22,25,30,33
0,2,5,8,10,20,22,25,30,35
0,2,5,8,11,14,17,22,25,28
0,2,5,8,14,17,20,22,28,30
0,2,5,8,10,23,25,31,33,35
0,2,5,8,14,17,23,25,35,37
0,2,5,8,11,14,17,20,23,32
0,2,5,8,10,20,22,24,25,27
0,2,5,8,11,14,17,20,32,37
0,2,5,8,11,14,17,20,29,34
0,2,5,8,10,20,22,23,30,32
0,2,5,8,14,17,20,22,30,32
0,2,5,8,10,20,22,27,28,35
0,2,5,8,11,14,17,21,27,35
0,2,5,8,14,17,20,30,32,38
0,2,5,8,10,20,24,27,28,37
0,2,5,8,11,14,17,24,27,30
0,2,5,8,14,17,22,24,30,32
0,2,5,8,10,20,22,28,30,32
0,2,5,8,14,17,20,22,32,34
0,2,5,8,11,16,20,26,27,31
0,2,5,8,11,16,26,27,31,32
0,2,5,11,14,16,20,21,25,26
0,2,5,8,10,20,22,27,29,35
0,2,5,8,10,20,25,29,35,39
0,2,5,8,10,23,25,27,29,35
0,2,5,8,14,17,27,29,35,37
0,2,5,8,10,20,22,23,25,32
0,2,5,8,10,20,22,25,27,32
0,2,5,8,10,20,22,29,32,39
0,2,5,8,10,20,22,27,32,37
0,2,5,8,10,20,22,24,26,27
0,2,5,8,11,14,17,26,29,32
0,2,5,8,10,20,24,29,34,39
0,2,5,8,11,17,22,26,32,37
0,2,5,8,10,20,24,27,32,37
0,2,4,6,8,22,26,33,37,38
0,2,4,8,16,22,26,29,34,37
0,2,5,8,11,14,16,20,26,32
0,2,5,11,14,16,26,27,31,32
0,2,4,6,8,21,22,23,27,37
0,2,4,6,8,22,24,29,31,33
0,2,5,8,11,14,16,27,29,38
0,2,5,8,11,16,21,26,27,31
0,2,4,6,8,22,26,27,31,35
0,2,4,8,16,23,26,27,31,35
0,2,4,8,16,21,26,29,33,37
0,2,5,8,11,16,21,22,26,27
0,2,5,11,14,16,20,21,27,36
0,2,5,11,14,16,20,21,35,36
0,2,4,6,8,20,22,27,29,31
0,2,4,6,8,20,25,27,29,31
0,2,5,8,11,16,22,23,27,37
0,2,4,6,8,22,23,27,31,38
0,2,4,8,16,22,23,27,31,34
0,2,5,8,11,14,16,23,31,37
0,2,5,11,14,16,31,32,36,37
0,2,4,8,16,22,25,29,33,34
0,2,5,8,11,14,17,20,26,34
0,2,5,8,11,14,17,20,23,31
0,2,5,8,11,14,17,23,26,31
0,2,5,8,10,21,23,24,31,34
0,2,4,6,8,21,24,27,31,37
0,2,4,6,8,21,23,26,37,39
0,2,4,6,8,21,26,35,37,39
0,2,4,6,8,20,22,29,31,33
0,2,4,8,16,24,27,28,32,36
0,2,5,8,11,16,22,27,28,32
0,2,5,11,14,16,21,22,28,37
0,2,5,11,14,16,21,22,36,37
0,2,5,8,11,16,21,27,28,32
0,2,5,8,11,16,27,28,32,33
0,2,5,8,11,14,16,24,33,35
0,2,5,11,14,16,21,22,26,27
0,2,5,8,11,16,21,22,36,37
0,2,4,6,8,21,28,32,36,37
0,2,4,6,8,21,35,36,37,39
0,2,4,6,8,21,23,25,27,34
0,2,4,6,8,21,27,31,34,37
0,2,4,6,8,21,23,27,32,37
0,2,4,6,8,21,23,25,32,39
0,2,4,6,8,21,25,31,35,36
0,2,4,8,16,21,25,28,33,36
0,2,5,8,11,16,21,25,31,36
0,2,5,8,11,14,16,28,37,39
0,2,5,11,14,16,25,26,30,31
0,2,4,6,8,23,27,31,32,36
0,2,4,8,16,23,27,28,31,36
0,2,4,6,8,21,25,30,31,35
0,2,4,6,8,23,25,27,28,29
0,2,5,11,14,16,22,31,35,36
0,2,5,11,14,16,30,31,35,36
0,2,5,8,11,14,17,22,28,37
0,2,5,8,10,22,27,29,35,37
0,2,5,8,14,17,25,27,37,39
0,2,5,8,10,21,27,29,34,39
0,2,5,8,10,21,27,29,31,33
0,2,5,8,14,17,21,29,31,39
0,2,5,8,11,14,17,33,36,39
0,2,5,8,14,17,21,31,33,39
0,2,5,8,14,17,21,27,29,39
0,2,5,8,10,21,22,27,31,32
0,2,5,8,10,21,25,27,32,34
0,2,5,8,10,25,27,29,31,35
0,2,5,8,14,17,27,29,37,39
0,2,5,8,14,17,29,31,37,39
0,2,5,8,10,22,25,29,32,37
0,2,5,8,10,22,25,31,34,37
0,2,5,8,10,22,27,31,32,37
0,2,5,8,11,17,22,27,31,37
0,2,5,8,10,22,24,25,27,29
0,2,5,8,11,14,17,31,34,37
0,2,5,8,10,22,25,27,32,34
0,2,5,8,10,22,25,27,32,37
0,2,5,8,10,21,22,25,29,32
0,2,5,8,10,22,27,30,34,37
0,2,5,8,10,22,24,27,32,34
0,2,5,8,10,22,27,30,36,39
0,2,5,8,10,22,27,32,36,37
0,2,5,8,11,17,22,27,32,36
0,2,5,8,10,22,29,32,36,39
0,2,5,8,11,14,17,22,36,39
0,2,5,8,10,21,24,29,37,39
0,2,5,8,10,22,24,27,29,32
0,2,5,8,10,21,24,29,34,39
0,2,5,8,10,21,22,29,32,37
0,2,5,8,10,21,22,27,32,37
0,2,5,8,11,17,21,27,32,37
0,2,5,8,11,17,22,27,32,37
0,2,4,8,16,21,24,28,32,33
0,1,2,3,4,5,6,22,23,31
0,1,2,3,4,6,20,22,23,29
0,1,3,5,6,22,23,26,28,37
0,1,2,3,4,5,21,23,30,32
0,1,2,3,4,5,6,22,23,32
0,1,2,5,16,21,22,23,27,28
0,1,2,4,5,6,22,23,27,32
0,1,2,4,5,6,20,23,27,32
0,1,2,5,16,21,23,27,32,39
0,1,2,5,16,21,23,28,32,39
0,1,4,6,15,20,22,26,32,38
0,1,2,3,4,6,20,22,29,38
0,1,2,4,18,21,23,27,29,38
0,1,2,4,6,20,22,27,29,38
0,1,3,4,6,20,23,26,29,32
0,1,2,3,4,18,20,23,29,39
0,1,2,3,6,17,22,23,37,38
0,1,3,4,6,21,22,32,35,38
0,1,3,4,6,22,26,29,32,35
0,1,3,4,6,20,22,26,29,35
0,1,2,3,4,6,21,23,25,32
0,1,3,4,6,21,25,32,35,38
0,1,4,5,10,15,22,24,27,29
0,1,4,5,10,15,22,24,27,32
0,1,4,5,10,15,22,24,27,39
0,1,4,5,10,22,24,25,27,28
0,1,4,5,10,15,24,25,29,30
0,1,4,5,10,24,25,27,28,29
0,1,4,5,10,15,22,25,29,30
0,1,4,5,10,15,24,27,32,39
0,1,4,5,10,15,22,29,32,39
0,1,4,5,10,24,25,28,29,39
0,1,4,10,15,21,24,27,32,35
0,1,4,5,10,24,27,28,31,35
0,1,4,5,9,23,24,27,28,31
0,1,4,5,9,23,24,27,28,39
0,1,4,5,9,23,24,28,29,39
0,1,4,9,12,15,21,24,27,38
0,1,4,5,9,23,24,26,27,28
0,1,4,9,12,15,21,23,26,29
0,1,4,5,9,23,27,31,35,39
0,1,4,5,9,24,26,29,31,39
0,1,4,9,12,15,21,23,26,38
0,1,4,5,22,23,26,27,32,39
0,1,4,9,12,15,21,26,27,32
0,1,4,9,12,15,21,27,35,38
0,1,4,9,12,15,21,23,30,32
0,1,4,5,22,23,25,26,29,39
0,1,4,9,12,15,21,23,27,29
0,1,4,5,9,23,26,29,30,39
0,1,4,5,10,15,25,29,35,39
0,1,4,5,10,25,27,28,29,39
0,1,4,10,15,21,24,27,35,38
0,1,4,10,15,21,27,29,35,39
0,1,4,5,9,24,27,29,32,39
0,1,4,9,12,15,23,24,26,29
0,1,4,5,9,24,27,29,32,35
0,1,4,9,12,15,23,26,29,32
0,1,4,9,12,15,23,26,35,38
0,1,4,5,9,23,24,26,29,30
0,1,4,5,9,24,26,29,30,35
0,1,4,5,9,24,29,30,35,39
0,1,4,5,10,15,24,30,35,39
0,1,5,6,11,15,20,23,26,29
0,1,4,5,10,15,20,24,26,29
0,1,4,5,10,15,20,26,29,35
0,1,4,5,10,15,20,25,30,35
0,1,4,5,10,15,20,21,26,39
0,1,4,5,10,15,21,24,26,29
0,1,4,5,10,15,21,24,26,39
0,1,4,5,10,21,22,24,25,26
0,1,4,10,15,24,26,32,36,38
0,1,4,5,10,15,20,21,29,30
0,1,4,5,10,15,20,21,26,35
0,1,4,5,10,15,20,24,26,35
0,1,4,5,10,15,20,21,26,27
0,1,4,5,10,15,20,26,31,35
0,1,4,5,10,15,21,26,30,35
0,1,4,10,15,20,26,29,32,35
0,1,4,10,15,21,26,29,32,35
0,1,5,6,11,15,20,23,26,37
0,1,4,5,10,15,20,21,22,30
0,1,4,5,10,15,20,22,26,30
0,1,4,5,10,15,24,25,26,31
0,1,4,5,10,15,20,21,24,25
0,1,4,5,10,15,20,21,30,31
0,1,4,5,10,15,20,21,32,36
0,1,4,5,10,15,20,22,27,31
0,1,4,5,10,15,20,22,27,30
0,1,4,5,16,21,22,23,30,31
0,1,4,5,9,23,24,25,26,36
0,1,4,5,9,20,21,24,28,32
0,1,4,5,9,21,24,26,29,36
0,1,4,5,9,20,24,28,32,36
0,1,4,5,9,20,23,25,26,28
0,1,4,5,9,20,25,26,27,39
0,1,4,5,9,20,28,29,30,31
0,1,4,5,16,21,22,23,30,35
0,1,4,5,16,21,22,30,31,39
0,1,4,9,12,15,20,23,26,29
0,1,5,6,20,21,22,27,28,35
0,1,4,5,9,20,24,25,26,28
0,1,4,5,9,20,24,25,26,30
0,1,4,5,9,20,26,30,31,35
0,1,4,5,9,20,26,30,32,36
0,1,4,9,12,15,20,26,31,35
0,1,4,5,9,24,25,26,28,29
0,1,4,5,9,20,23,24,25,26
0,1,4,5,9,20,24,25,26,39
0,1,4,9,15,23,24,25,29,30
0,1,4,9,12,15,20,24,26,35
0,1,4,5,9,20,24,25,29,30
0,1,4,9,15,23,24,29,30,35
0,1,4,5,9,21,23,25,29,35
0,1,4,9,12,15,20,21,23,24
0,1,4,9,12,15,20,24,26,32
0,1,4,5,9,20,23,25,30,35
0,1,4,9,12,15,20,23,26,38
0,1,4,9,12,15,23,29,30,35
0,1,4,9,12,15,20,26,32,38
0,1,4,5,9,20,27,28,29,39
0,1,4,5,9,20,27,28,29,35
0,1,5,6,23,24,25,30,31,36
0,1,4,5,16,20,27,30,32,35
0,1,4,5,9,20,24,29,35,39
0,1,5,6,23,24,29,30,35,36
0,1,4,9,12,15,20,23,31,32
0,1,4,9,12,15,20,29,31,38
0,1,4,9,12,15,20,23,32,35
0,1,4,9,12,15,20,27,29,38
0,1,4,5,9,20,21,23,24,27
0,1,4,5,9,21,23,25,32,39
0,1,4,5,9,20,21,24,27,31
0,1,4,5,9,24,25,28,31,35
0,1,4,5,9,20,23,24,26,27
0,1,4,5,9,20,21,25,26,36
0,1,4,5,9,20,23,26,27,36
0,1,4,5,9,20,21,23,26,27
0,1,4,5,9,21,23,26,27,32
0,1,4,5,9,21,26,27,32,36
0,1,4,5,10,15,21,22,26,27
0,1,4,5,10,15,22,26,32,36
0,1,4,5,10,21,22,24,25,32
0,1,4,5,10,21,24,25,28,32
0,1,4,5,10,20,21,24,25,28
0,1,4,5,10,15,20,22,25,27
0,1,4,5,10,15,20,25,27,32
0,1,4,5,10,15,21,25,31,35
0,1,4,5,10,15,20,21,25,26
0,1,4,5,10,15,20,21,26,31
0,1,4,5,9,20,21,24,25,26
0,1,4,5,9,20,21,25,26,27
0,1,4,5,9,20,24,25,26,31
0,1,4,5,9,20,24,26,27,30
0,1,4,5,9,21,24,25,27,28
0,1,4,5,9,25,26,29,32,36
0,1,4,5,9,10,15,21,26,32
0,1,4,5,10,21,22,25,26,29
0,1,4,5,10,21,22,25,29,32
0,1,4,5,10,21,25,28,32,36
0,1,4,5,20,21,22,23,24,25
0,1,4,5,9,20,21,27,28,29
0,1,4,5,9,20,21,26,29,32
0,1,4,5,9,20,21,26,27,28
0,1,4,5,10,15,20,21,26,32
0,1,2,3,4,6,22,24,26,32
0,1,2,4,5,6,20,24,26,30
0,1,4,5,9,20,24,28,29,35
0,1,4,9,12,15,20,23,31,35
0,1,4,5,9,10,15,20,24,29
0,1,4,5,9,10,15,20,24,39
0,1,4,5,9,10,15,24,29,39
0,1,4,5,9,10,15,29,35,39
0,1,4,5,10,15,20,24,25,29
0,1,4,5,10,15,24,25,26,29
0,1,4,5,9,24,25,28,29,30
0,1,4,5,9,25,29,30,31,35
0,1,4,5,10,15,20,24,29,31
0,1,4,5,9,20,23,25,27,29
0,1,4,5,9,20,24,29,31,35
0,1,4,5,9,20,23,27,29,36
0,1,4,5,10,15,20,29,30,39
0,1,4,5,9,20,23,24,27,30
0,1,4,5,9,20,24,27,30,31
0,1,4,5,9,24,25,27,28,31
0,1,4,5,10,15,20,26,30,36
0,1,4,5,10,15,25,26,30,31
0,1,4,5,10,20,28,29,30,31
0,1,4,5,10,20,28,29,32,36
0,1,4,5,10,20,25,29,32,36
0,1,4,5,20,24,25,27,28,32
0,1,4,5,10,24,25,28,29,32
0,1,4,5,10,24,25,28,32,35
0,1,4,5,10,24,28,29,31,39
0,1,4,5,10,24,28,31,35,39
0,1,4,5,23,24,25,26,27,28
0,1,4,5,9,28,29,32,35,39
0,1,4,5,9,24,27,28,30,31
0,1,2,4,18,21,23,26,30,39
0,1,2,5,16,20,22,24,26,30
0,1,3,4,6,21,23,26,29,38
0,1,4,5,21,22,27,28,29,35
0,1,4,5,9,25,26,27,35,36
0,1,4,5,9,21,29,30,31,36
0,1,4,5,9,21,29,30,35,36
0,1,4,9,12,15,21,29,35,36
0,1,4,9,15,24,25,26,31,32
0,1,4,5,10,15,25,26,27,32
0,1,4,5,10,15,21,22,30,31
0,1,4,5,10,15,21,22,27,30
0,1,4,5,10,15,22,25,27,30
0,1,4,5,9,21,26,29,31,36
0,1,4,5,22,25,27,30,32,35
0,1,4,5,9,27,29,30,32,35
0,1,4,5,9,21,26,27,29,32
0,1,4,5,9,21,26,29,32,35
0,1,4,9,12,15,21,24,26,29
0,1,4,5,10,15,21,22,27,32
0,1,4,5,10,15,21,22,27,36
0,1,4,10,15,21,26,32,35,38
0,1,4,9,12,15,21,26,29,32
0,1,4,5,10,15,21,26,27,32
0,1,4,9,15,21,29,30,31,36
0,1,4,9,15,21,29,30,35,36
0,1,2,3,4,6,18,26,32,38
0,1,4,9,12,15,21,24,30,32
0,1,4,9,12,15,24,26,32,38
0,1,5,6,21,22,29,30,31,36
0,1,5,6,21,22,29,30,35,36
0,1,4,5,9,21,26,30,31,32
0,1,4,5,9,21,26,30,31,35
0,1,4,5,9,21,26,30,32,36
0,1,4,9,12,15,21,26,30,32
0,1,4,9,15,29,30,31,35,36
0,1,4,5,9,21,26,30,32,35
0,1,4,9,12,15,21,26,32,35
0,1,4,5,9,25,26,27,29,30
0,1,4,5,9,26,27,29,30,31
0,1,4,5,9,25,26,29,30,31
0,1,4,5,22,25,26,28,29,32
0,1,4,9,12,15,21,24,30,38
0,1,4,9,12,15,21,24,32,35
0,1,4,5,9,21,25,26,30,35
0,1,4,5,10,22,27,28,31,32
0,1,4,5,10,15,22,25,32,35
0,1,4,10,15,22,24,30,32,38
0,1,4,5,10,25,27,28,30,31
0,1,4,5,10,15,25,27,30,32
0,1,2,4,6,22,27,29,31,38
0,1,6,15,17,23,27,29,31,37
0,1,2,4,5,6,22,27,31,32
0,1,3,5,6,23,26,28,31,37
0,1,3,5,6,23,26,28,32,37
0,1,4,10,15,21,22,24,27,38
0,1,4,10,15,21,22,27,32,38
0,1,5,6,11,15,23,26,29,32
0,1,4,5,10,15,21,27,32,36
0,1,3,4,6,21,24,26,28,35
0,1,2,3,6,17,23,28,29,38
0,1,2,3,4,6,24,27,28,38
0,1,3,4,6,21,24,27,28,38
0,1,3,4,6,21,24,28,35,38
0,1,4,5,16,21,22,25,27,36
0,1,4,9,12,15,21,24,27,32
0,1,4,5,9,21,25,26,27,32
0,1,4,5,9,21,25,29,30,36
0,1,4,5,9,21,25,26,27,31
0,1,4,5,9,26,30,31,32,36
0,1,4,5,9,21,25,26,30,31
0,1,4,5,9,21,25,26,30,32
0,1,4,5,9,21,25,26,29,30
0,1,4,9,12,15,21,24,32,36
0,1,2,3,6,23,24,27,28,38
0,1,2,3,17,18,23,24,28,38
0,1,4,5,9,10,15,23,29,33
0,1,4,5,9,10,15,23,24,28
0,1,4,5,9,20,29,31,34,35
0,1,4,5,9,23,24,27,28,29
0,1,4,5,9,23,27,28,29,34
0,1,4,5,9,20,23,33,36,39
0,1,4,5,10,15,23,24,28,29
0,1,4,5,10,15,20,23,28,30
0,1,4,5,10,15,20,24,28,30
0,1,4,5,10,15,20,24,29,33
0,1,4,5,10,15,20,23,29,33
0,1,4,5,10,15,20,23,24,30
0,1,4,5,10,15,20,24,30,34
0,1,4,5,10,15,23,24,29,30
0,1,4,5,10,15,23,24,29,33
0,1,4,5,10,15,23,24,29,34
0,1,4,5,10,15,20,24,29,35
0,1,4,5,10,15,29,30,34,35
0,1,4,5,9,28,29,31,32,35
0,1,4,5,9,24,28,31,34,35
0,1,4,5,9,28,29,31,32,33
0,1,4,5,9,20,24,29,34,35
0,1,4,5,10,20,24,32,33,36
0,1,4,5,10,20,30,32,33,35
0,1,4,5,10,20,32,33,35,36
0,1,4,5,10,15,20,23,24,28
0,1,4,5,10,15,20,23,28,35
0,1,4,5,10,15,23,24,28,35
0,1,4,5,10,15,23,28,30,35
0,1,4,5,10,15,23,24,28,39
0,1,4,5,10,15,23,24,33,34
0,1,4,5,10,15,23,28,30,33
0,1,4,5,10,15,23,27,29,33
0,1,4,5,10,15,23,28,33,38
0,1,4,5,10,15,23,29,32,34
0,1,4,5,10,15,23,24,29,35
0,1,4,5,10,15,23,29,35,38
0,1,4,5,10,15,23,29,33,38
0,1,4,5,9,24,29,33,35,39
0,1,4,9,12,15,23,29,34,38
0,1,4,5,16,23,30,31,33,38
0,1,4,9,12,15,26,27,29,32
0,1,4,5,16,23,30,33,35,38
0,1,4,9,12,15,26,29,32,34
0,1,4,9,15,26,27,28,33,34
0,1,5,6,23,24,25,30,31,38
0,1,4,5,9,23,27,28,29,33
0,1,4,5,10,15,23,28,34,38
0,1,4,5,10,15,23,29,34,38
0,1,4,5,10,15,23,24,29,38
0,1,4,10,15,20,23,26,28,34
0,1,4,5,10,15,20,23,30,33
0,1,4,5,10,27,28,29,30,38
0,1,4,5,10,15,24,28,34,38
0,1,4,5,9,20,23,33,37,39
0,1,4,5,9,27,31,33,34,37
0,1,4,9,12,15,20,26,28,32
0,1,4,9,12,15,20,26,28,34
0,1,4,5,9,23,27,28,32,37
0,1,4,5,23,24,31,32,37,38
0,1,4,9,12,15,20,23,26,31
0,1,4,9,12,15,20,23,26,34
0,1,4,9,12,15,20,28,31,39
0,1,4,9,12,15,20,23,28,31
0,1,4,5,9,20,27,32,35,37
0,1,4,9,12,15,23,26,31,34
0,1,4,5,10,15,20,23,27,32
0,1,4,5,10,15,23,27,32,38
0,1,4,10,15,20,23,26,29,32
0,1,4,5,10,15,23,27,33,37
0,1,4,5,10,15,20,23,37,38
0,1,4,5,9,20,23,36,37,39
0,1,4,9,12,15,20,23,35,37
0,1,4,5,10,15,20,33,35,38
0,1,4,5,10,20,35,36,38,39
0,1,4,5,10,20,30,35,36,39
0,1,4,10,15,20,26,30,32,38
0,1,4,5,9,20,23,37,38,39
0,1,4,5,20,23,30,33,36,37
0,1,4,5,20,27,30,33,34,37
0,1,4,5,24,27,28,30,31,34
0,1,4,5,9,20,34,35,36,37
0,1,4,9,12,15,20,26,32,34
0,1,4,5,10,15,20,27,30,32
0,1,4,5,10,15,20,24,27,29
0,1,4,5,10,15,20,27,32,34
0,1,4,5,10,15,20,27,32,35
0,1,4,5,10,15,20,32,35,37
0,1,4,5,10,15,24,27,29,32
0,1,4,10,15,20,24,26,32,34
0,1,4,10,15,23,27,29,35,37
0,1,4,5,10,15,20,27,29,30
0,1,4,5,10,15,24,27,34,37
0,1,4,10,15,20,23,26,27,37
0,1,4,10,20,23,26,30,33,37
0,1,4,10,20,23,26,29,33,36
0,1,4,10,15,20,26,29,30,35
0,1,4,10,15,26,29,30,32,35
0,1,5,6,11,15,20,31,34,37
0,1,5,6,11,15,28,31,34,37
0,1,4,5,10,15,27,29,32,34
0,1,4,5,10,27,29,30,32,33
0,1,4,5,10,30,32,33,35,36
0,1,4,10,15,20,23,24,26,29
0,1,4,10,15,20,23,24,29,34
0,1,5,6,11,15,25,28,31,34
0,1,4,10,15,20,23,26,29,34
0,1,4,5,15,20,29,37,38,39
0,1,4,5,10,15,23,29,33,39
0,1,4,10,15,23,26,29,32,33
0,1,4,10,15,23,26,29,32,35
0,1,4,10,15,23,26,29,32,37
0,1,4,9,12,15,20,23,26,32
0,1,5,6,23,24,25,32,33,38
0,1,5,6,23,24,25,32,37,38
0,1,4,9,12,15,23,28,32,37
0,1,4,5,16,20,27,28,38,39
0,1,4,5,10,15,23,24,32,33
0,1,4,5,10,15,27,28,29,37
0,1,4,5,10,15,24,27,28,37
0,1,4,9,12,15,20,28,29,37
0,1,4,9,10,23,24,26,35,36
0,1,4,9,12,15,26,28,35,37
0,1,4,5,10,15,24,29,33,38
0,1,4,10,23,26,29,32,36,39
0,1,4,10,15,23,29,32,33,38
0,1,4,10,15,29,32,33,35,38
0,1,5,6,11,15,20,23,34,37
0,1,4,10,15,23,29,32,35,38
0,1,4,5,9,23,27,29,33,38
0,1,4,9,12,15,23,27,29,38
0,1,4,5,9,23,24,28,29,33
0,1,4,9,12,15,23,24,29,35
0,1,4,5,9,23,27,28,32,33
0,1,4,9,15,26,27,32,33,38
0,1,4,9,15,26,27,28,32,33
0,1,4,5,9,23,29,33,37,38
0,1,4,9,12,15,20,23,29,32
0,1,4,5,9,20,23,24,29,38
0,1,4,5,9,20,23,24,29,33
0,1,4,5,9,23,24,29,33,38
0,1,5,6,23,24,25,30,37,38
0,1,4,5,9,20,24,29,33,38
0,1,5,6,23,24,29,30,37,38
0,1,4,10,15,20,23,28,34,37
0,1,4,9,12,15,20,23,29,34
0,1,4,5,9,20,24,29,34,38
0,1,4,5,9,20,24,29,34,39
0,1,4,9,15,23,24,37,38,39
0,1,4,9,12,15,23,28,34,39
0,1,4,5,10,15,23,28,32,39
0,1,4,5,9,24,29,32,34,37
0,1,4,5,10,15,24,32,37,39
0,1,4,5,10,15,23,24,38,39
0,1,4,9,12,15,20,32,34,37
0,1,4,5,9,10,15,23,28,33
0,1,4,5,9,10,15,23,33,39
0,1,4,5,9,20,24,34,38,39
0,1,4,5,10,20,23,33,36,38
0,1,4,5,10,20,23,36,38,39
0,1,4,5,10,15,32,33,37,38
0,1,4,9,12,15,23,27,32,35
0,1,4,9,12,15,23,24,32,38
0,1,4,9,12,15,23,27,32,38
0,1,4,5,9,20,23,27,33,36
0,1,4,5,9,20,23,27,36,37
0,1,4,5,10,20,23,27,32,36
0,1,4,5,10,20,23,27,36,39
0,1,4,5,9,20,23,24,37,38
0,1,4,5,9,32,33,36,37,38
0,1,4,5,9,23,32,36,37,38
0,1,4,5,9,23,24,28,33,38
0,1,4,5,9,10,15,23,28,32
0,1,4,5,16,20,23,28,35,38
0,1,4,5,9,10,15,23,27,28
0,1,4,5,9,10,15,23,27,37
0,1,3,5,6,9,17,20,23,37
0,1,4,5,9,10,15,27,28,37
0,1,4,9,10,15,23,26,34,37
0,1,4,9,10,26,27,28,35,37
0,1,4,5,9,10,15,23,28,37
0,1,4,9,12,15,23,28,31,39
0,1,4,9,10,15,23,28,34,37
0,1,4,9,12,15,23,28,31,34
0,1,4,9,15,23,27,28,32,34
0,1,5,6,23,24,31,32,37,38
0,1,4,5,9,27,28,35,36,37
0,1,4,5,9,27,28,36,37,39
0,1,4,9,12,15,23,26,34,37
0,1,4,9,12,15,26,28,37,39
0,1,4,5,9,10,15,28,34,38
0,1,4,5,9,10,15,28,38,39
0,1,4,5,9,10,15,23,28,34
0,1,4,5,9,23,27,33,34,36
0,1,4,5,9,23,32,33,36,39
0,1,4,5,9,27,31,34,37,38
0,1,4,5,9,23,27,32,37,38
0,1,4,5,9,23,32,34,37,38
0,1,4,5,9,31,32,35,36,37
0,1,4,5,9,27,28,31,32,33
0,1,4,5,9,23,27,28,31,32
0,1,4,9,12,15,23,26,34,38
0,1,4,5,9,27,31,32,33,38
0,1,4,5,9,28,31,32,34,35
0,1,4,5,9,31,32,34,35,38
0,1,4,5,9,23,27,31,33,37
0,1,4,5,9,28,32,33,34,38
0,1,4,5,9,23,28,32,36,37
0,1,4,9,15,31,32,33,37,38
0,1,4,5,9,23,28,32,33,37
0,1,4,5,9,23,33,37,38,39
0,1,4,9,15,31,32,33,38,39
0,1,4,5,10,23,28,32,33,35
0,1,4,5,10,23,28,32,35,39
0,1,4,5,23,27,28,30,31,35
0,1,4,5,10,15,28,29,33,34
0,1,4,5,10,15,27,32,34,39
0,1,4,5,10,15,29,32,34,37
0,1,4,5,10,15,32,33,34,39
0,1,4,5,10,15,27,28,29,34
0,1,4,5,10,15,27,28,37,38
0,1,4,5,10,23,32,35,36,39
0,1,4,5,10,23,33,35,36,38
0,1,4,5,10,23,35,36,38,39
0,1,4,5,23,31,35,36,38,39
0,1,4,5,10,23,27,32,36,39
0,1,4,5,10,15,22,23,27,28
0,1,4,5,10,15,22,23,28,37
0,1,4,5,9,10,15,22,23,27
0,1,4,5,10,15,22,23,27,31
0,1,4,5,10,15,22,27,33,38
0,1,4,5,9,10,15,23,28,39
0,1,4,5,10,15,23,26,28,31
0,1,4,5,10,15,23,26,28,39
0,1,4,5,10,15,23,28,34,39
0,1,4,5,10,15,22,24,29,33
0,1,4,5,10,15,22,29,33,37
0,1,4,5,10,15,22,23,27,34
0,1,4,5,10,15,21,23,26,38
0,1,4,5,10,15,22,26,31,33
0,1,4,5,10,15,22,27,29,34
0,1,4,5,9,10,15,22,27,32
0,1,4,5,10,15,22,27,32,37
0,1,4,5,10,15,21,22,23,36
0,1,4,5,10,15,22,27,28,33
0,1,4,5,10,15,22,23,24,29
0,1,4,10,15,21,24,27,30,32
0,1,4,10,15,21,24,27,32,38
0,1,4,5,10,15,22,23,24,37
0,1,4,5,10,15,21,22,27,28
0,1,4,5,10,15,31,32,33,38
0,1,4,5,10,15,22,27,33,36
0,1,4,5,10,15,22,27,33,39
0,1,4,5,9,10,15,22,27,37
0,1,4,5,9,10,15,22,27,33
0,1,4,10,15,22,27,30,33,36
0,1,4,10,15,22,27,33,36,39
0,1,4,5,10,15,26,27,28,33
0,1,4,5,9,10,15,20,22,25
0,1,4,5,9,10,15,22,28,37
0,1,4,5,9,10,15,22,32,37
0,1,4,5,9,10,15,22,25,28
0,1,4,5,10,15,22,28,33,39
0,1,4,10,15,22,25,28,31,34
0,1,4,10,15,22,28,31,34,37
0,1,4,5,9,10,15,22,25,33
0,1,4,5,9,10,15,22,25,37
0,1,4,5,9,10,15,24,33,39
0,1,4,5,9,10,15,23,28,31
0,1,4,5,9,10,15,28,33,39
0,1,4,5,10,15,23,28,29,34
0,1,4,10,15,22,25,28,33,36
0,1,4,10,15,22,25,28,33,39
0,1,4,5,10,15,20,23,25,28
0,1,4,9,10,15,22,28,30,33
0,1,4,9,10,15,22,28,33,39
0,1,4,9,10,20,22,31,32,33
0,1,4,5,9,10,15,28,31,33
0,1,4,9,10,15,22,25,28,31
0,1,4,5,9,10,15,23,28,38
0,1,4,5,10,15,20,25,38,39
0,1,4,5,10,15,22,26,31,38
0,1,4,5,10,15,21,22,23,27
0,1,4,5,9,10,15,22,27,30
0,1,4,5,9,10,15,22,27,38
0,1,4,5,10,15,21,22,26,38
0,1,4,5,10,15,26,31,33,38
0,1,4,5,9,10,27,31,32,35
0,1,4,5,9,10,15,27,32,33
0,1,4,5,10,15,22,27,28,32
0,1,4,5,10,15,27,28,32,33
0,1,4,5,9,10,22,27,30,34
0,1,4,5,9,10,22,30,34,38
0,1,4,5,9,10,15,22,37,38
0,1,4,5,10,27,28,30,31,32
0,1,4,5,22,26,27,29,30,34
0,1,4,5,10,15,22,25,30,33
0,1,4,5,10,22,27,30,31,34
0,1,4,5,10,22,27,31,34,38
0,1,4,5,10,15,21,22,26,33
0,1,4,5,9,10,15,22,33,37
0,1,4,5,10,15,21,26,28,33
0,1,4,5,10,15,21,22,37,38
0,1,4,5,10,15,22,27,31,38
0,1,4,5,10,15,23,28,32,37
0,1,4,5,10,20,21,22,23,24
0,1,4,5,10,20,21,24,28,32
0,1,4,5,10,21,24,28,32,37
0,1,4,5,20,21,22,23,24,39
0,1,4,9,12,15,22,28,31,36
0,1,4,5,10,15,26,28,31,33
0,1,4,5,10,23,26,28,29,32
0,1,4,5,10,23,28,29,32,33
0,1,4,5,10,26,28,29,31,32
0,1,4,5,10,15,23,25,28,30
0,1,5,6,11,15,24,27,30,33
0,1,4,5,10,22,23,26,27,30
0,1,4,5,10,15,22,28,33,37
0,1,4,5,10,22,25,26,29,33
0,1,4,5,10,22,26,29,33,37
0,1,4,5,9,10,15,28,32,33
0,1,4,5,10,15,21,28,32,36
0,1,4,5,21,22,23,24,25,28
0,1,5,6,11,15,22,25,28,39
0,1,4,5,10,15,21,24,28,29
0,1,4,5,10,23,24,27,28,31
0,1,4,5,9,10,15,23,38,39
0,1,4,5,9,10,23,27,28,31
0,1,4,5,9,10,15,23,34,38
0,1,4,5,10,23,26,27,30,34
0,1,4,5,10,23,27,30,34,38
0,1,4,5,10,23,31,32,33,34
0,1,4,5,10,23,31,32,35,39
0,1,4,5,9,15,27,28,30,31
0,1,4,5,10,15,23,26,33,36
0,1,4,9,10,15,25,31,33,39
0,1,4,10,15,23,25,31,33,39
0,1,4,5,9,10,15,22,28,32
0,1,4,5,10,15,22,23,31,32
0,1,4,5,9,10,15,22,23,32
0,1,4,5,9,10,15,22,32,38
0,1,4,5,10,15,22,23,32,33
0,1,4,5,10,15,22,28,32,38
0,1,4,5,10,22,31,32,33,34
0,1,4,5,10,22,31,34,35,38
0,1,4,9,10,15,23,25,31,34
0,1,4,9,10,15,23,31,34,37
0,1,4,5,9,15,27,28,36,39
0,1,4,5,9,10,15,23,25,31
0,1,4,5,10,15,21,28,31,38
0,1,4,10,15,20,26,28,34,38
0,1,4,5,10,15,25,28,35,38
0,1,4,10,15,23,25,31,35,37
0,1,4,5,10,22,30,31,34,38
0,1,4,5,10,23,24,27,31,34
0,1,4,5,9,10,15,27,33,37
0,1,4,5,10,15,20,28,29,38
0,1,4,5,9,15,22,23,26,34
0,1,4,5,15,21,22,23,24,33
0,1,4,5,10,22,23,26,30,33
0,1,4,5,9,15,24,27,33,36
0,1,4,9,10,15,22,28,31,39
0,1,4,9,10,15,22,28,36,39
0,1,4,5,9,15,24,25,27,28
0,1,4,9,10,15,22,28,30,36
0,1,4,10,15,20,22,28,30,36
0,1,4,5,10,21,22,25,29,33
0,1,4,5,10,22,25,29,33,38
0,1,4,5,10,15,23,25,30,33
0,1,4,5,9,10,22,23,26,38
0,1,4,5,9,10,15,29,33,38
0,1,4,5,9,10,21,22,25,33
0,1,4,5,9,10,22,25,26,33
0,1,4,5,9,15,21,29,33,37
0,1,4,5,9,15,26,29,37,38
0,1,4,5,9,10,22,33,34,35
0,1,4,5,9,22,26,29,33,38
0,1,4,9,12,15,21,24,29,33
0,1,4,9,12,15,21,29,33,38
0,1,4,5,9,10,26,29,30,34
0,1,4,5,10,15,23,24,25,34
0,1,4,5,10,15,23,24,34,35
0,1,4,5,10,15,23,24,34,39
0,1,4,5,10,15,23,25,30,34
0,1,4,5,10,15,23,24,35,39
0,1,4,5,10,15,23,30,34,38
0,1,4,9,10,21,22,23,30,32
0,1,4,5,9,10,15,30,35,38
0,1,4,5,9,22,26,30,34,38
0,1,4,10,15,21,23,29,33,35
0,1,4,5,10,15,20,21,33,36
0,1,4,5,10,21,22,23,38,39
0,1,4,5,9,20,21,22,23,26
0,1,4,5,9,22,26,31,35,37
0,1,4,9,12,15,22,25,27,31
0,1,4,5,23,26,27,30,33,36
0,1,4,9,12,15,22,25,28,31
0,1,4,5,9,22,26,27,31,32
0,1,4,5,9,21,25,27,32,36
0,1,4,5,9,22,27,31,33,36
0,1,4,5,9,26,27,30,31,32
0,1,4,5,9,22,26,32,35,39
0,1,4,5,9,20,21,23,27,37
0,1,4,5,20,22,23,26,36,39
0,1,4,5,9,20,22,24,26,33
0,1,4,5,9,26,30,32,33,36
0,1,4,5,23,26,27,29,30,33
0,1,4,5,9,21,25,27,28,31
0,1,4,5,9,22,23,26,27,28
0,1,4,5,9,22,26,27,28,37
0,1,4,5,16,22,23,26,28,37
0,1,4,5,9,21,22,25,26,27
0,1,4,5,9,27,29,32,33,38
0,1,4,9,12,15,21,26,32,37
0,1,4,9,12,15,22,23,26,37
0,1,4,5,9,21,25,27,31,34
0,1,4,5,9,21,23,25,27,34
0,1,4,5,9,22,26,28,33,37
0,1,4,5,9,22,23,25,26,29
0,1,4,9,12,15,22,26,31,37
0,1,4,5,21,22,24,25,28,38
0,1,4,5,9,21,22,25,26,32
0,1,4,5,9,21,22,26,27,32
0,1,4,5,9,22,23,27,28,38
0,1,4,5,9,21,22,26,27,37
0,1,4,5,9,22,27,28,33,37
0,1,4,5,9,23,28,29,34,38
0,1,4,5,9,22,23,28,33,37
0,1,4,5,9,23,25,28,29,34
0,1,4,9,12,15,22,28,33,37
0,1,4,5,9,21,22,23,37,38
0,1,4,9,15,25,26,27,31,32
0,1,4,9,15,20,21,22,26,27
0,1,4,5,9,21,22,23,28,37
0,1,4,5,9,22,23,27,28,29
0,1,4,5,9,22,26,27,28,33
0,1,4,5,9,27,28,31,34,38
0,1,4,5,9,22,25,28,29,38
0,1,4,5,9,26,27,30,33,37
0,1,4,5,9,22,27,32,33,38
0,1,4,5,9,22,26,29,32,33
0,1,4,5,9,26,30,31,32,37
0,1,4,5,9,22,26,28,32,37
0,1,4,9,12,15,22,27,31,36
0,1,4,5,9,22,26,28,33,35
0,1,4,5,9,23,25,27,29,34
0,1,4,5,9,22,24,26,28,33
0,1,4,5,9,23,28,30,34,39
0,1,4,9,15,22,23,24,28,29
0,1,4,9,12,15,22,24,28,33
0,1,4,5,9,21,23,25,30,34
0,1,4,5,9,22,24,29,33,38
0,1,4,5,9,23,24,29,34,38
0,1,4,5,9,22,23,24,29,38
0,1,4,5,9,22,23,24,38,39
0,1,4,5,16,22,24,33,38,39
0,1,4,9,12,15,22,25,28,39
0,1,4,5,9,23,28,33,34,39
0,1,4,5,9,28,30,33,34,39
0,1,4,5,9,23,27,30,33,34
0,1,4,5,9,21,23,30,34,37
0,1,4,5,9,22,23,26,29,33
0,1,4,5,9,21,24,27,28,37
0,1,4,5,9,21,22,25,28,32
0,1,4,5,9,20,22,29,33,36
0,1,4,5,9,20,21,22,23,24
0,1,4,5,9,20,23,24,33,37
0,1,4,5,9,22,24,26,28,35
0,1,4,5,9,22,31,32,35,38
0,1,4,5,9,22,32,36,38,39
0,1,4,9,12,15,20,22,23,39
0,1,4,9,12,15,22,23,25,39
0,1,4,5,9,22,23,28,34,38
0,1,4,9,12,15,22,25,28,34
0,1,4,9,12,15,22,25,37,39
0,1,4,9,12,15,23,25,31,37
0,1,4,5,9,22,23,24,28,38
0,1,4,9,15,23,25,34,38,39
0,1,4,9,15,22,23,28,29,34
0,1,5,6,22,23,28,29,34,35
0,1,4,5,9,23,24,25,29,39
0,1,4,5,9,24,28,29,30,34
0,1,4,9,12,15,22,30,34,39
0,1,4,9,12,15,22,28,29,34
0,1,4,9,15,22,23,24,29,30
0,1,4,5,9,26,27,28,38,39
0,1,4,5,9,20,22,23,30,35
0,1,4,5,9,20,22,27,30,35
0,1,4,5,16,21,23,26,31,38
0,1,4,5,9,23,25,28,30,38
0,1,4,5,9,23,26,28,31,38
0,1,4,5,16,26,27,29,34,39
0,1,4,5,16,26,29,31,34,39
0,1,4,9,12,15,22,23,25,28
0,1,4,5,9,20,23,25,28,35
0,1,4,9,12,15,22,31,34,39
0,1,4,5,9,22,24,29,34,39
0,1,4,9,12,15,20,23,25,37
0,1,4,9,15,23,24,25,37,38
0,1,4,9,12,15,25,29,34,37
0,1,4,5,9,22,23,29,34,38
0,1,4,5,16,21,22,24,29,34
0,1,4,5,16,21,24,26,29,34
0,1,4,9,12,15,26,29,34,37
0,1,4,5,9,20,23,30,35,38
0,1,4,5,9,22,23,30,31,32
0,1,4,5,9,23,30,31,32,38
0,1,4,9,12,15,21,23,32,34
0,1,4,5,9,21,22,30,31,32
0,1,4,5,9,22,27,30,32,35
0,1,4,5,9,21,22,27,34,35
0,1,4,9,12,15,29,30,32,35
0,1,4,5,16,21,26,33,36,38
0,1,4,9,12,15,21,26,29,38
0,1,4,9,12,15,21,23,29,35
0,1,4,5,9,22,23,27,32,38
0,1,5,6,26,27,32,33,38,39
0,1,4,5,9,20,21,22,26,36
0,1,4,9,12,15,20,26,27,32
0,1,4,9,12,15,26,32,33,38
0,1,4,9,15,20,21,22,27,28
0,1,4,5,9,22,27,30,33,36
0,1,4,5,9,26,27,33,34,35
0,1,4,5,9,22,30,31,32,33
0,1,4,5,9,22,30,35,36,37
0,1,4,5,9,20,22,25,27,32
0,1,4,5,9,20,21,24,33,37
0,1,4,5,9,20,21,22,23,33
0,1,4,5,9,22,25,33,34,35
0,1,4,9,12,15,21,24,32,33
0,1,4,5,9,25,26,27,34,37
0,1,4,5,16,25,26,28,33,38
0,1,4,5,16,25,28,30,33,38
0,1,4,5,9,25,26,27,33,34
0,1,4,5,9,25,26,27,37,38
0,1,4,5,9,25,26,27,33,38
0,1,4,5,9,21,25,27,29,33
0,1,4,5,9,21,22,26,27,33
0,1,4,5,9,21,22,25,29,33
0,1,4,5,9,21,25,29,33,37
0,1,4,5,16,26,28,29,37,38
0,1,4,5,16,26,28,29,34,37
0,1,4,5,16,28,29,30,37,38
0,1,4,5,9,22,27,30,37,39
0,1,4,5,9,22,26,27,33,38
0,1,4,5,16,24,25,33,38,39
0,1,4,5,9,21,22,23,28,29
0,1,4,5,9,21,22,27,29,34
0,1,4,9,15,21,22,23,28,29
0,1,4,9,12,15,21,22,24,27
0,1,4,5,9,21,23,26,28,33
0,1,4,5,9,21,22,23,33,34
0,1,4,9,12,15,25,31,33,37
0,1,4,9,12,15,25,31,33,39
0,1,4,5,16,23,24,25,32,33
0,1,4,5,9,20,22,25,32,37
0,1,4,5,16,20,23,25,28,33
0,1,4,5,9,21,26,28,29,31
0,1,4,5,9,24,25,26,27,37
0,1,4,5,9,22,25,27,30,37
0,1,4,5,9,22,25,27,30,33
0,1,4,9,12,15,22,25,27,30
0,1,4,5,9,22,26,27,30,33
0,1,4,9,12,15,22,25,33,37
0,1,4,5,9,27,31,32,33,37
0,1,4,9,12,15,22,30,36,37
0,1,4,5,9,22,26,30,31,37
0,1,4,9,15,25,26,27,32,33
0,1,4,9,12,15,20,28,32,37
0,1,4,5,9,21,25,26,32,37
0,1,4,5,9,22,26,27,28,32
0,1,4,5,16,23,26,28,31,36
0,1,4,9,12,15,28,31,36,39
0,1,4,9,12,15,20,22,25,27
0,1,4,5,9,20,25,27,32,39
0,1,4,5,9,23,24,25,33,34
0,1,4,5,9,23,24,25,31,32
0,1,4,9,12,15,22,23,25,34
0,1,4,5,9,23,24,31,32,33
0,1,4,5,9,23,24,32,33,34
0,1,4,5,9,24,27,29,30,39
0,1,4,5,9,24,27,30,33,39
0,1,4,5,9,23,25,27,29,33
0,1,4,9,12,15,22,24,25,28
0,1,4,9,12,15,22,24,28,30
0,1,4,9,12,15,22,28,33,36
0,1,4,5,9,23,28,31,33,36
0,1,4,9,12,15,22,23,28,30
0,1,4,9,12,15,22,27,30,33
0,1,4,9,12,15,30,33,36,38
0,1,4,5,9,22,23,28,37,39
0,1,4,5,9,22,23,28,32,37
0,1,4,5,9,22,28,33,37,39
0,1,4,9,12,15,22,27,33,36
0,1,4,5,16,22,27,28,31,33
0,1,4,9,12,15,22,27,33,38
0,1,4,9,15,22,23,36,37,38
0,1,5,6,22,23,24,29,36,37
0,1,4,9,15,22,30,31,36,37
0,1,5,6,22,23,28,29,36,37
0,1,4,5,9,22,28,32,33,37
0,1,4,5,9,22,27,31,32,36
0,1,4,9,15,30,31,32,36,37
0,1,4,9,15,30,31,32,37,38
0,1,4,9,12,15,21,27,32,36
0,1,4,5,9,21,27,31,33,35
0,1,4,9,12,15,22,24,30,36
0,1,4,5,9,23,24,28,33,39
0,1,4,5,20,27,28,33,34,39
0,1,5,6,20,27,28,33,34,39
0,1,4,9,12,15,24,28,33,39
0,1,4,5,9,21,22,28,33,37
0,1,4,5,9,20,21,22,27,36
0,1,4,5,9,21,22,27,28,32
0,1,4,5,9,21,22,27,32,36
0,1,4,9,15,22,24,33,37,38
0,1,5,6,21,22,27,28,33,34
0,1,4,5,9,21,22,27,33,37
0,1,4,9,15,21,22,23,27,28
0,1,4,5,9,20,21,22,32,33
0,1,4,5,16,23,24,34,35,36
0,1,5,6,20,21,28,29,34,35
0,1,4,9,15,22,23,24,36,37
0,1,4,5,9,20,22,27,32,37
0,1,4,5,9,20,21,22,23,32
0,1,4,5,16,23,24,32,34,35
0,1,4,9,12,15,22,24,33,36
0,1,4,9,12,15,22,24,31,33
0,1,4,9,12,15,22,28,36,39
0,1,4,9,12,15,24,28,33,36
0,1,4,5,9,21,22,24,28,38
0,1,4,5,9,22,23,32,36,39
0,1,4,5,9,20,24,27,31,37
0,1,4,5,9,22,24,27,28,33
0,1,4,5,9,20,21,22,36,37
0,1,4,9,12,15,21,24,27,30
0,1,4,5,9,21,31,35,37,38
0,1,4,9,12,15,21,24,27,33
0,1,4,5,9,23,24,32,33,35
0,1,4,5,9,22,27,31,35,38
0,1,4,9,12,15,22,27,30,38
0,1,4,5,9,22,32,36,37,38
0,1,4,5,9,21,22,27,36,38
0,1,4,9,15,21,22,35,36,37
0,1,4,9,12,15,21,23,35,38
0,1,4,9,15,21,22,23,35,36
0,1,4,5,9,21,22,23,27,37
0,1,4,5,9,20,21,27,32,36
0,1,4,5,9,22,31,35,36,37
0,1,4,5,9,10,15,21,27,31
0,1,4,9,12,15,24,30,32,36
0,1,4,5,9,21,27,31,32,36
0,1,4,9,15,27,31,32,36,38
0,1,5,6,21,22,27,28,35,36
0,1,4,5,9,10,15,21,31,32
0,1,4,9,12,15,24,30,32,38
0,1,4,5,16,22,23,24,31,32
0,1,4,5,16,20,22,27,32,39
0,1,4,5,16,22,24,27,32,39
0,1,2,3,4,6,18,24,32,38
0,1,2,3,4,6,18,21,24,38
0,1,2,3,4,6,18,24,30,38
0,1,4,9,12,15,23,29,31,37
0,1,4,5,9,21,26,28,31,33
0,1,4,5,9,21,26,31,34,36
0,1,4,9,12,15,29,32,35,37
0,1,4,9,15,29,30,31,36,37
0,1,4,5,9,25,26,32,33,34
0,1,4,5,9,10,15,25,26,35
0,1,4,5,9,25,26,33,34,35
0,1,4,5,16,24,25,27,32,37
0,1,4,5,16,24,27,29,32,37
0,1,4,9,12,15,20,29,32,37
0,1,4,9,12,15,20,21,23,32
0,1,4,9,12,15,24,26,35,37
0,1,4,5,9,10,15,21,26,36
0,1,4,5,9,10,15,26,36,37
0,1,5,6,20,21,22,27,28,33
0,1,4,10,15,20,23,26,31,37
0,1,4,5,15,25,26,27,28,37
0,1,4,5,10,15,20,21,31,32
0,1,4,5,10,15,21,30,31,32
0,1,4,5,10,15,25,26,27,35
0,1,4,5,10,15,21,26,31,36
0,1,4,5,10,15,27,30,32,35
0,1,4,5,10,15,30,31,32,37
0,1,4,10,15,20,21,23,31,34
0,1,4,10,15,20,23,26,34,37
0,1,4,5,9,10,15,24,25,34
0,1,4,5,16,24,25,35,36,37
0,1,4,9,12,15,23,25,32,34
0,1,4,5,10,21,26,29,31,33
0,1,4,5,10,26,27,29,30,31
0,1,4,5,10,21,26,29,30,33
0,1,4,5,10,21,29,30,33,37
0,1,4,9,12,15,20,23,31,34
0,1,4,10,15,20,21,31,34,37
0,1,4,10,20,24,27,31,34,37
0,1,4,9,12,15,20,23,26,37
0,1,4,5,9,10,15,26,32,36
0,1,4,5,10,15,21,27,31,37
0,1,4,5,9,25,26,28,29,32
0,1,4,5,9,21,25,28,31,32
0,1,4,5,9,20,24,26,30,33
0,1,4,10,15,21,23,29,31,37
0,1,4,9,12,15,20,25,29,34
0,1,4,5,9,20,24,26,29,31
0,1,4,5,9,20,24,26,31,33
0,1,4,5,9,21,26,28,32,37
0,1,4,5,9,21,26,31,32,37
0,1,4,5,9,26,28,31,32,37
0,1,4,5,10,15,21,26,32,37
0,1,5,6,11,15,22,25,28,31
0,1,4,5,9,20,21,26,32,36
0,1,5,6,20,21,26,27,32,33
0,1,4,5,9,26,29,30,32,33
0,1,4,5,9,21,30,31,34,37
0,1,4,5,10,15,26,27,31,32
0,1,4,5,10,15,25,26,35,36
0,1,4,5,10,21,30,33,34,37
0,1,4,5,10,21,26,30,33,37
0,1,4,5,21,25,26,28,29,33
0,1,4,5,10,20,29,32,33,36
0,1,4,5,9,20,29,30,33,36
0,1,4,5,9,24,25,31,32,33
0,1,4,5,16,24,26,27,35,36
0,1,4,5,16,26,27,28,35,36
0,1,4,5,9,20,28,33,34,35
0,1,4,9,12,15,20,28,34,35
0,1,4,5,9,25,28,29,31,32
0,1,4,5,9,24,25,32,33,34
0,1,4,5,9,20,24,25,29,34
0,1,4,9,12,15,23,25,34,36
0,1,4,9,12,15,20,25,28,31
0,1,4,10,15,20,25,31,34,37
0,1,4,5,10,15,20,22,25,31
0,1,4,5,15,20,21,22,31,39
0,1,4,10,15,20,28,31,34,37
0,1,4,9,12,15,20,25,31,39
0,1,4,9,12,15,20,22,28,34
0,1,4,5,10,15,20,21,22,35
0,1,5,6,25,26,27,32,33,38
0,1,4,5,9,20,25,31,35,36
0,1,4,9,12,15,20,25,31,36
0,1,4,5,9,21,22,26,31,37
0,1,5,6,25,26,31,32,37,38
0,1,4,5,9,10,15,20,25,31
0,1,4,5,9,10,15,25,31,35
0,1,4,5,21,22,25,35,38,39
0,1,4,10,15,25,28,31,34,35
0,1,4,10,21,25,28,31,34,38
0,1,4,9,12,15,20,25,31,34
0,1,4,10,15,20,25,31,34,35
0,1,4,10,15,20,31,34,35,37
0,1,5,6,11,15,22,25,36,39
0,1,4,5,10,20,21,22,37,38
0,1,4,10,15,20,22,28,32,34
0,1,4,5,9,10,15,21,31,37
0,1,4,5,9,15,21,22,30,33
0,1,4,5,9,21,22,29,30,39
0,1,4,9,12,15,21,22,30,33
0,1,4,9,12,15,21,28,30,33
0,1,4,5,9,21,26,29,34,39
0,1,4,5,16,20,21,22,29,30
0,1,4,5,9,21,25,31,34,38
0,1,4,5,9,22,25,29,31,36
0,1,4,5,9,22,26,31,33,37
0,1,4,5,9,21,22,29,30,31
0,1,4,5,9,21,26,29,31,34
0,1,4,5,10,15,21,25,29,34
0,1,4,5,9,25,29,30,31,36
0,1,4,5,10,15,21,22,25,26
0,1,4,5,10,15,25,30,32,37
0,1,4,5,10,15,21,25,26,30
0,1,4,5,10,15,20,25,31,36
0,1,4,5,9,25,29,30,31,33
0,1,4,5,9,29,30,31,33,34
0,1,4,5,9,20,25,29,31,35
0,1,4,5,9,20,25,29,30,34
0,1,4,9,12,15,25,30,34,39
0,1,4,9,15,28,29,30,34,35
0,1,4,9,15,20,28,29,34,35
0,1,4,9,15,28,29,30,35,36
0,1,4,5,10,15,29,30,31,36
0,1,4,5,10,15,20,25,26,31
0,1,4,10,15,20,22,25,28,31
0,1,4,5,10,20,29,30,31,32
0,1,4,5,9,20,30,33,34,36
0,1,4,9,12,15,22,28,30,34
0,1,4,9,12,15,22,28,30,36
0,1,5,6,20,21,26,27,34,35
0,1,4,5,9,21,22,29,34,39
0,1,4,5,9,22,29,34,37,39
0,1,4,9,12,15,25,28,33,36
0,1,4,9,12,15,20,22,31,33
0,1,4,9,12,15,20,25,28,37
0,1,4,5,16,20,25,32,33,35
0,1,4,9,12,15,28,29,31,34
0,1,4,5,16,20,25,32,35,37
0,1,4,5,10,15,20,25,29,34
0,1,4,5,10,15,20,25,34,39
0,1,4,10,15,20,25,28,31,34
0,1,4,5,10,15,20,25,29,32
0,1,4,5,9,10,15,26,31,34
0,1,4,5,9,10,15,22,26,39
0,1,4,5,9,10,15,22,36,37
0,1,4,5,9,10,15,22,37,39
0,1,4,5,9,10,15,31,34,36
0,1,4,5,9,15,30,31,33,34
0,1,4,5,9,10,15,22,26,31
0,1,4,5,9,10,26,37,38,39
0,1,4,9,10,25,26,28,37,38
0,1,4,10,15,22,25,28,31,36
0,1,4,5,10,15,22,26,31,37
0,1,5,6,11,15,27,30,33,36
0,1,5,6,11,15,22,33,36,39
0,1,4,5,10,15,22,36,37,39
0,1,4,5,10,15,32,34,37,39
0,1,4,5,10,32,34,35,37,38
0,1,4,5,10,29,31,32,34,35
0,1,4,5,10,15,26,29,31,34
0,1,4,10,22,25,28,32,35,39
0,1,5,6,11,15,30,33,36,39
0,1,4,10,15,25,29,31,37,39
0,1,4,10,15,22,26,28,34,36
0,1,4,5,10,15,26,29,36,39
0,1,4,5,10,22,34,35,37,38
0,1,4,5,9,22,35,36,37,38
0,1,4,5,9,30,31,33,34,35
0,1,4,5,9,30,31,33,34,37
0,1,4,5,9,26,30,33,36,37
0,1,4,5,9,22,26,31,36,37
0,1,4,5,9,22,31,33,36,37
0,1,4,9,12,15,25,26,28,31
0,1,4,5,16,22,29,32,34,37
0,1,4,5,9,22,36,37,38,39
0,1,4,5,22,29,32,35,36,39
0,1,4,5,26,29,30,32,33,36
0,1,4,9,12,15,22,25,34,37
0,1,4,9,12,15,28,30,37,39
0,1,4,5,9,10,15,21,22,31
0,1,4,5,9,10,15,21,26,31
0,1,4,9,10,15,20,26,31,37
0,1,4,9,10,20,29,30,31,38
0,1,4,9,10,15,20,26,29,37
0,1,4,5,9,10,15,21,35,36
0,1,4,5,10,15,31,32,36,37
0,1,4,5,10,22,35,37,38,39
0,1,4,5,22,30,34,35,37,38
0,1,4,5,10,15,21,22,26,30
0,1,4,5,10,22,26,31,35,38
0,1,4,5,10,22,26,35,38,39
0,1,4,5,9,21,22,36,37,38
0,1,4,5,9,30,31,34,35,36
0,1,4,9,15,20,21,34,35,36
0,1,4,5,9,20,21,26,31,35
0,1,4,5,9,20,21,26,35,37
0,1,4,9,12,15,20,26,31,34
0,1,4,5,9,26,30,31,34,35
0,1,4,5,9,22,26,35,36,39
0,1,4,5,9,22,35,36,38,39
0,1,4,5,9,20,26,30,34,36
0,1,4,5,9,21,31,35,36,37
0,1,4,9,12,15,21,26,29,37
0,1,4,5,16,21,22,30,32,33
0,1,4,5,16,21,22,32,33,34
0,1,4,9,15,20,21,22,34,35
0,1,4,5,9,20,22,30,31,39
0,1,4,9,12,15,20,22,31,34
0,1,4,5,9,20,30,31,38,39
0,1,4,9,12,15,20,22,29,31
0,1,4,5,9,20,21,26,30,35
0,1,4,5,10,20,21,22,25,29
0,1,4,5,10,21,22,25,29,34
0,1,4,5,10,21,22,25,29,38
0,1,4,5,9,22,25,29,38,39
0,1,4,5,9,20,22,26,29,33
0,1,4,5,9,10,15,25,29,39
0,1,4,5,10,15,20,34,35,39
0,1,4,5,10,20,21,22,25,38
0,1,4,5,9,20,21,22,25,26
0,1,4,5,9,20,21,22,25,39
0,1,4,5,9,20,21,22,38,39
0,1,4,5,9,20,21,30,34,37
0,1,4,5,9,10,15,21,25,35
0,1,2,3,4,6,20,22,32,38
0,1,2,3,4,6,21,22,32,38
0,1,2,3,5,6,21,22,31,37
0,1,2,4,5,6,20,22,26,36
0,1,2,4,5,6,20,26,30,36
0,1,2,3,5,6,21,25,27,32
0,1,4,5,9,20,25,27,31,36
0,1,4,5,9,20,23,24,25,39
0,1,4,5,9,23,24,25,30,39
0,1,4,9,15,20,22,31,35,36
0,1,5,6,20,25,26,31,32,39
0,1,4,5,9,20,24,25,30,31
0,1,4,5,9,20,24,25,30,35
0,1,4,5,9,21,22,31,35,38
0,1,4,5,9,20,21,31,35,36
0,1,4,5,9,20,21,22,23,39
0,1,4,5,10,15,21,24,37,39
0,1,4,5,10,15,21,22,36,37
0,1,4,5,9,20,23,26,30,39
0,1,4,5,10,15,20,21,35,36
0,1,4,5,16,21,30,35,36,39
0,1,4,5,9,23,24,30,35,39
0,1,4,5,9,20,23,26,35,39
0,1,4,9,12,15,21,26,30,35
0,1,4,9,12,15,26,30,35,38
0,1,4,5,9,20,25,34,38,39
0,1,4,5,9,20,34,35,38,39
0,1,4,5,9,20,25,26,30,35
0,1,4,5,9,10,15,20,26,30
0,1,4,5,9,20,22,25,26,31
0,1,4,5,9,20,22,26,31,35
0,1,4,9,12,15,22,26,31,34
0,1,4,5,9,20,25,26,31,35
0,1,4,5,9,20,22,24,31,38
0,1,4,5,9,22,25,26,35,39
0,1,4,5,9,20,23,26,30,36
0,1,4,5,9,20,21,35,36,39
0,1,4,5,9,20,21,26,35,39
0,1,2,3,5,6,21,23,32,37
0,1,4,5,9,20,26,31,35,39
0,1,2,3,5,6,21,22,27,37
0,1,2,3,6,21,22,32,37,38
0,1,2,3,17,18,22,32,37,38
0,1,4,5,9,10,15,24,30,34
0,1,2,3,5,6,20,22,32,37
0,1,2,4,5,6,20,22,27,31
0,1,4,5,10,22,23,26,30,39
0,1,4,5,10,20,23,24,27,31
0,1,4,5,10,20,23,27,31,36
0,1,2,4,5,6,20,23,27,36
0,1,4,5,10,15,20,27,31,35
0,1,4,5,10,20,24,27,31,35
0,1,4,5,10,15,20,24,31,35
0,1,4,5,10,15,21,25,30,34
0,1,4,5,10,22,26,30,35,39
0,1,4,5,9,10,15,24,34,35
0,1,4,9,12,15,22,25,31,36
0,1,4,5,9,10,15,22,26,36
0,1,4,5,23,26,27,30,36,37
0,1,4,5,9,10,15,22,27,31
0,1,4,9,12,15,22,25,31,39
0,1,4,5,9,20,22,26,31,36
0,1,4,9,12,15,21,25,30,36
0,1,4,9,15,20,21,25,26,39
0,1,4,5,9,20,24,25,31,36
0,1,4,5,9,20,21,24,25,36
0,1,4,9,12,15,27,31,36,39
0,1,4,5,9,25,27,30,31,36
0,1,4,5,9,20,25,30,31,36
0,1,4,5,10,15,22,27,31,36
0,1,4,9,10,15,22,30,31,39
0,1,4,9,12,15,22,30,31,39
0,1,4,5,16,25,26,27,34,35
0,1,4,5,16,23,25,26,34,35
0,1,4,9,12,15,22,24,30,33
0,1,4,5,9,22,24,27,34,39
0,1,4,5,16,22,25,27,30,35
0,1,4,9,12,15,21,24,26,27
0,1,4,9,12,15,21,30,33,38
0,1,4,9,12,15,27,30,35,38
0,1,4,9,12,15,22,24,33,35
0,1,4,5,9,22,23,24,34,35
0,1,2,3,5,6,20,23,25,32
0,1,2,3,5,6,20,25,27,32
0,1,3,4,6,18,20,22,27,35
0,1,4,9,15,20,25,26,38,39
0,1,4,5,10,15,20,25,31,34
0,1,4,5,9,23,24,25,35,36
0,1,4,5,10,15,21,22,31,39
0,1,4,5,9,21,23,24,31,36
0,1,4,5,9,21,24,31,36,39
0,1,4,9,12,15,21,24,27,39
0,1,4,5,10,20,21,22,23,31
0,1,4,9,12,15,22,25,27,39
0,1,4,9,12,15,24,30,31,36
0,1,4,9,15,20,21,26,27,39
0,1,4,10,15,22,25,30,36,39
0,1,4,5,15,24,25,26,27,36
0,1,4,9,10,22,23,25,34,35
0,1,4,9,12,15,25,27,34,36
0,1,4,9,12,15,22,27,30,39
0,1,4,5,16,22,27,34,37,39
0,1,4,5,9,26,31,34,36,39
0,1,4,9,12,15,22,25,30,33
0,1,4,5,16,20,22,25,30,37
0,1,4,9,12,15,21,22,34,36
0,1,4,9,12,15,22,25,33,34
0,1,4,9,12,15,22,25,33,36
0,1,4,5,9,21,22,23,24,25
0,1,4,5,20,21,23,24,27,37
0,1,4,5,20,23,24,26,27,30
0,1,4,9,12,15,22,25,36,39
0,1,4,5,9,21,24,25,34,38
0,1,4,5,9,23,24,34,38,39
0,1,4,5,20,23,24,25,26,27
0,1,4,10,15,20,22,25,36,39
0,1,4,10,15,25,27,33,37,39
0,1,4,10,15,20,22,30,36,39
0,1,4,10,15,20,30,33,36,39
0,1,4,10,15,20,25,30,36,39
0,1,4,5,10,15,20,27,30,37
0,1,4,10,15,20,22,30,33,39
0,1,4,10,15,22,25,33,36,39
0,1,5,6,11,15,21,24,27,30
0,1,2,4,6,20,22,25,27,36
0,1,2,4,6,20,22,24,26,36
0,1,3,4,18,22,24,27,30,39
0,1,4,5,9,23,24,27,30,34
0,1,4,5,10,23,26,30,34,39
0,1,3,4,6,18,21,23,30,38
0,1,3,4,6,18,23,25,30,38
0,1,2,4,6,18,20,22,24,36
0,1,3,5,6,9,17,21,24,27
0,1,4,9,12,15,22,30,33,36
0,1,4,5,10,15,22,24,37,39
0,1,4,5,10,20,23,24,34,39
0,1,4,10,15,22,27,33,36,37
0,1,4,10,15,27,30,33,36,37
0,1,4,5,20,21,22,23,24,27
0,1,4,10,15,22,33,36,37,39
0,1,5,6,11,15,21,24,27,38
0,1,4,10,15,22,24,30,34,36
0,1,4,9,10,25,26,27,34,36
0,1,4,9,12,15,25,27,36,38
0,1,4,5,9,10,15,26,27,36
0,1,4,5,10,15,21,26,30,37
0,1,4,5,15,27,35,36,37,38
0,1,4,5,16,25,26,34,36,37
0,1,4,5,9,21,22,27,31,36
0,1,4,5,9,21,30,34,35,36
0,1,4,5,16,25,26,36,37,38
0,1,4,5,16,25,30,36,37,38
0,1,4,5,9,22,26,27,31,36
0,1,4,9,15,22,26,27,31,33
0,1,5,6,22,23,30,31,36,37
0,1,4,9,10,21,22,24,33,34
0,1,4,9,12,15,24,26,33,35
0,1,4,9,15,24,25,26,30,31
0,1,2,3,18,23,24,25,27,38
0,1,2,5,6,22,23,26,27,37
0,1,2,3,6,17,23,27,32,38
0,1,2,3,6,17,23,32,37,38
0,1,2,4,5,6,22,27,31,36
0,1,3,5,6,21,23,26,27,32
0,1,2,3,6,17,24,26,27,32
0,1,3,5,6,21,26,27,30,32
0,1,2,5,16,23,25,27,32,36
0,1,2,4,5,6,26,27,31,36
0,1,5,6,10,11,15,16,21,22
0,1,5,6,10,11,15,16,21,26
0,1,5,6,10,11,15,16,22,27
0,1,5,6,10,11,15,16,22,32
0,1,5,6,10,11,15,16,21,31
0,1,5,6,10,16,20,24,28,32
0,1,5,6,10,11,15,16,23,28
0,1,5,6,10,11,15,16,23,33
0,1,5,6,10,11,15,16,24,29
0,1,5,6,10,11,15,16,24,34
0,1,5,6,10,11,15,16,20,25
0,1,5,6,10,11,15,16,20,30
0,1,5,6,10,11,22,23,31,34
0,1,5,6,10,15,23,26,31,38
0,1,5,6,10,16,22,26,30,34
0,1,5,6,10,16,23,27,31,35
0,1,5,6,10,16,21,25,29,33
0,1,2,6,11,21,25,26,27,36
0,1,2,6,11,21,23,25,27,36
0,1,2,6,11,21,23,25,26,27
0,1,5,6,10,16,20,22,24,26
0,1,2,6,11,16,23,25,30,38
0,1,2,6,11,23,27,28,29,38
0,1,2,6,11,20,25,27,29,38
0,1,2,6,11,23,25,27,28,29
0,1,5,6,10,16,22,24,26,28
0,1,5,6,10,16,24,26,28,30
0,1,4,5,9,10,15,25,30,33
0,1,4,5,9,10,28,29,30,37
0,1,4,9,10,24,25,27,36,37
0,1,4,5,9,10,15,21,33,36
0,1,4,5,9,10,15,21,33,38
0,1,4,5,9,10,20,21,28,39
0,1,4,5,9,10,15,21,24,36
0,1,4,5,10,15,31,33,36,38
0,1,4,5,10,31,33,34,36,37
0,1,4,5,10,15,21,31,33,36
0,1,4,10,15,24,28,30,36,38
0,1,4,10,15,21,24,27,30,33
0,1,4,5,10,28,33,34,37,38
0,1,4,9,10,20,21,28,30,39
0,1,4,9,10,15,28,30,33,36
0,1,4,5,9,10,15,28,33,36
0,1,4,9,10,15,24,27,29,35
0,1,4,9,10,15,24,27,35,38
0,1,4,9,10,15,24,29,35,38
0,1,4,9,12,15,24,27,32,35
0,1,4,5,9,24,28,32,35,39
0,1,4,9,12,15,24,27,35,39
0,1,4,10,15,24,27,28,30,33
0,1,4,10,21,24,27,31,34,38
0,1,5,6,11,15,29,32,35,38
0,1,4,5,10,15,28,30,33,35
0,1,4,5,10,28,30,31,33,34
0,1,4,10,15,21,25,27,33,35
0,1,4,10,15,21,24,25,27,30
0,1,5,6,11,15,26,29,32,35
0,1,4,9,10,15,25,28,36,39
0,1,4,9,10,28,29,30,37,39
0,1,4,5,9,21,25,30,34,38
0,1,4,9,12,15,21,25,30,33
0,1,4,9,10,15,25,30,36,39
0,1,4,9,10,15,30,33,36,39
0,1,4,9,12,15,24,27,30,36
0,1,4,5,9,15,21,35,38,39
0,1,4,9,10,15,21,27,33,39
0,1,4,9,10,15,24,30,33,39
0,1,4,10,15,24,27,30,33,36
0,1,4,5,10,15,21,24,36,39
0,1,4,10,15,21,27,31,33,39
0,1,4,5,10,15,21,24,31,34
0,1,4,5,10,20,21,36,37,39
0,1,4,5,10,15,21,34,36,39
0,1,4,5,10,20,21,31,36,37
0,1,4,10,15,24,30,33,34,39
0,1,4,10,15,30,33,34,36,39
0,1,5,6,11,15,21,24,35,38
0,1,5,6,11,15,21,32,35,38
0,1,4,5,9,20,25,29,33,36
0,1,4,9,12,15,20,25,28,36
0,1,4,9,12,15,20,24,29,32
0,1,4,9,12,15,20,29,32,35
0,1,4,5,9,20,28,29,37,38
0,1,4,5,9,20,25,28,33,38
0,1,4,9,12,15,20,21,33,35
0,1,4,5,16,21,24,29,36,39
0,1,4,9,12,15,21,24,29,32
0,1,4,5,9,21,28,33,36,38
0,1,4,9,12,15,21,24,36,38
0,1,4,5,16,20,21,28,29,39
0,1,4,5,16,20,21,28,33,39
0,1,4,9,12,15,27,29,36,38
0,1,4,9,12,15,21,24,27,29
0,1,4,9,12,15,21,27,29,33
0,1,4,9,12,15,21,27,29,35
0,1,5,6,20,25,26,33,34,39
0,1,4,5,9,24,28,29,33,38
0,1,4,9,12,15,24,29,32,35
0,1,5,6,20,24,25,32,33,39
0,1,5,6,20,25,32,33,34,39
0,1,4,5,9,20,24,30,34,36
0,1,4,9,12,15,21,27,33,35
0,1,4,5,9,24,30,34,35,39
0,1,4,9,12,15,24,29,33,38
0,1,4,5,9,24,28,29,33,35
0,1,4,9,15,32,33,34,38,39
0,1,4,5,9,24,29,33,34,38
0,1,4,9,15,21,30,34,35,39
0,1,5,6,24,25,30,31,38,39
0,1,4,5,9,20,21,28,29,30
0,1,4,9,12,15,21,27,33,39
0,1,4,9,12,15,24,32,38,39
0,1,4,9,15,20,32,33,34,39
0,1,4,9,12,15,24,25,30,38
0,1,4,5,9,20,24,29,33,35
0,1,4,5,9,24,29,33,37,38
0,1,4,5,9,24,33,37,38,39
0,1,4,9,15,27,28,29,33,34
0,1,4,5,9,24,28,29,33,34
0,1,4,9,12,15,24,25,30,39
0,1,4,9,12,15,24,30,35,39
0,1,4,5,9,28,32,33,34,39
0,1,4,5,9,29,33,34,35,39
0,1,4,9,15,27,28,29,34,35
0,1,4,5,9,28,29,32,33,34
0,1,4,5,16,24,29,30,33,35
0,1,4,5,9,20,24,30,33,37
0,1,4,5,9,20,24,33,34,37
0,1,4,5,9,20,33,34,36,37
0,1,4,5,9,29,30,32,33,36
0,1,4,5,9,29,30,32,33,34
0,1,4,5,9,21,25,30,35,36
0,1,4,5,9,25,29,32,35,36
0,1,4,5,9,20,34,37,38,39
0,1,4,5,9,33,34,37,38,39
0,1,4,5,9,21,24,28,34,37
0,1,4,9,12,15,24,27,30,33
0,1,4,5,9,28,32,34,35,38
0,1,4,5,25,28,29,31,32,35
0,1,4,5,9,20,21,24,34,38
0,1,4,5,9,24,25,30,34,39
0,1,4,5,9,21,24,25,30,39
0,1,4,5,9,20,25,28,30,33
0,1,4,9,12,15,24,25,27,30
0,1,4,5,16,21,28,31,33,36
0,1,4,5,9,25,30,33,35,38
0,1,4,9,12,15,21,28,30,39
0,1,4,9,12,15,21,24,33,36
0,1,4,5,9,20,34,35,36,39
0,1,4,5,9,29,30,33,34,35
0,1,4,5,9,20,30,34,35,36
0,1,4,5,9,20,25,30,34,35
0,1,4,9,12,15,25,30,33,36
0,1,4,9,15,20,33,34,35,39
0,1,4,5,9,20,25,29,34,39
0,1,4,5,9,20,25,34,36,39
0,1,4,5,9,25,29,30,34,39
0,1,4,5,9,20,25,30,35,38
0,1,4,9,12,15,21,33,36,39
0,1,4,5,9,20,21,25,35,39
0,1,4,9,15,20,21,33,34,35
0,1,4,5,9,25,30,34,38,39
0,1,4,5,9,20,21,29,30,38
0,1,4,5,16,20,21,29,31,32
0,1,4,9,12,15,21,30,33,39
0,1,4,5,9,21,25,34,35,38
0,1,4,5,9,21,34,35,37,38
0,1,4,5,9,20,29,33,36,39
0,1,4,5,9,20,29,33,34,35
0,1,4,5,9,24,28,33,37,38
0,1,4,5,9,24,28,33,38,39
0,1,4,9,12,15,27,28,30,33
0,1,4,5,16,24,31,34,36,39
0,1,4,5,9,20,33,36,37,39
0,1,4,5,21,28,31,34,35,38
0,1,4,5,20,21,24,34,37,38
0,1,4,5,9,21,24,28,37,38
0,1,4,5,9,28,32,35,38,39
0,1,4,5,9,24,33,35,38,39
0,1,4,9,12,15,24,27,36,39
0,1,5,6,24,25,26,31,32,37
0,1,4,5,9,20,21,25,30,36
0,1,5,6,24,25,30,31,36,37
0,1,4,9,12,15,21,30,32,39
0,1,4,5,16,20,28,30,31,39
0,1,4,9,12,15,20,29,32,38
0,1,4,5,9,21,24,30,35,39
0,1,4,9,12,15,20,24,29,35
0,1,4,9,15,20,24,25,38,39
0,1,4,5,9,21,30,32,35,36
0,1,4,5,9,24,28,29,30,35
0,1,4,9,12,15,21,24,30,35
0,1,3,5,6,9,17,29,32,35
0,1,2,3,4,5,6,20,21,32
0,1,2,3,4,5,6,20,21,31
0,1,2,3,4,5,21,30,32,39
0,1,2,3,4,6,20,29,32,38
0,1,3,4,6,21,29,32,35,38
0,1,2,4,6,27,29,31,36,38
0,1,2,5,6,20,21,31,36,37
0,1,3,5,6,20,21,26,35,37
0,1,2,4,6,20,27,31,36,38
0,1,3,5,6,20,26,32,35,37
0,1,3,5,6,21,26,32,35,37
0,1,6,15,17,20,26,32,36,38
0,1,2,4,5,6,20,21,31,36
0,1,2,3,6,17,21,26,32,37
0,1,2,3,6,17,20,21,26,32
0,1,3,4,6,21,24,27,31,38
0,1,3,4,6,24,27,29,31,38
0,1,2,3,6,17,26,27,32,37
0,1,2,3,4,5,21,28,30,39
0,1,2,3,4,6,21,27,29,38
0,1,2,4,18,21,25,27,30,39
0,1,3,4,6,21,24,27,29,38
0,1,3,4,6,21,24,27,30,38
0,1,2,4,18,21,25,28,30,39
0,1,2,3,5,6,20,26,29,30
0,1,3,5,6,20,24,26,29,35
0,1,3,5,6,20,21,24,26,35
0,1,2,4,6,20,25,27,36,38
0,1,2,4,5,6,20,21,25,30
0,1,2,5,16,20,21,25,26,39
0,1,4,6,15,20,24,30,36,38
0,1,2,5,16,21,26,30,37,39
0,1,6,15,17,21,25,27,29,35
0,1,2,4,5,6,20,25,29,30
0,1,3,5,6,21,24,26,29,35
0,1,3,5,6,21,24,26,30,35
0,1,2,3,6,17,21,26,27,32
0,1,2,4,5,6,20,25,31,36
0,1,2,4,6,20,25,27,29,36
0,1,2,3,18,21,26,27,28,30
0,1,2,5,6,20,25,26,29,30
0,1,3,5,6,24,26,29,30,35
0,1,2,3,4,8,16,20,21,27
0,1,2,3,4,5,7,8,20,28
0,1,2,3,7,8,15,26,27,28
0,1,2,5,6,18,21,25,26,33
0,1,2,4,5,6,8,25,29,33
0,1,2,3,4,8,16,27,28,29
0,1,2,3,4,5,7,8,21,28
0,1,2,3,5,6,7,8,26,34
0,1,2,3,5,6,8,21,26,29
0,1,2,3,4,6,7,8,20,27
0,1,2,3,4,5,6,7,26,27
0,1,2,3,4,5,7,18,24,27
0,1,2,3,5,6,22,25,27,32
0,1,3,4,6,20,23,25,27,30
0,1,2,3,5,7,22,24,27,37
0,1,2,4,5,18,21,24,27,37
0,1,2,3,4,5,6,7,26,28
0,1,2,3,5,7,16,18,26,28
0,1,2,3,4,6,7,20,27,34
0,1,2,3,4,6,7,8,27,34
0,1,2,3,5,6,7,8,26,33
0,1,2,4,5,7,11,18,21,28
0,1,2,3,4,6,7,17,27,30
0,1,2,3,5,6,7,16,26,30
0,1,2,3,4,6,17,29,30,36
0,1,2,3,4,5,7,18,28,37
0,1,2,3,5,7,16,18,26,30
0,1,2,3,6,7,26,27,33,34
0,1,2,4,5,7,18,21,28,32
0,1,2,3,4,7,17,20,21,27
0,1,2,3,4,6,7,20,27,33
0,1,2,3,4,7,20,21,27,34
0,1,2,3,5,7,16,18,21,39
0,1,2,3,4,6,7,21,27,38
0,1,2,3,4,6,17,20,21,27
0,1,2,4,5,11,15,18,21,25
0,1,2,5,11,15,16,18,21,25
0,1,2,4,5,7,11,18,25,28
0,1,2,3,4,5,7,18,28,35
0,1,2,3,4,7,21,27,28,34
0,1,2,3,16,17,20,21,27,28
0,1,2,4,6,11,15,17,21,25
0,1,2,4,11,15,17,18,21,25
0,1,2,3,4,6,7,8,27,33
0,1,2,3,6,7,8,20,26,27
0,1,2,3,4,6,7,21,27,34
0,1,2,3,7,8,15,20,26,27
0,1,2,3,5,6,18,20,23,28
0,1,2,3,4,6,7,20,23,29
0,1,2,3,4,6,17,22,23,29
0,1,2,3,4,5,7,20,22,30
0,1,2,3,4,5,7,18,23,30
0,1,2,3,5,6,7,16,23,28
0,1,2,3,5,6,21,23,28,38
0,1,2,4,8,16,22,23,27,35
0,1,2,3,4,7,8,22,34,35
0,1,2,3,5,6,7,8,21,28
0,1,2,3,4,6,7,22,29,35
0,1,2,3,4,7,22,23,29,36
0,1,2,3,4,6,7,22,29,36
0,1,2,3,4,6,7,17,22,29
0,1,2,3,4,7,17,22,23,29
0,1,2,3,5,18,21,23,28,30
0,1,2,4,7,17,20,22,27,30
0,1,2,4,5,7,20,23,27,30
0,1,2,4,5,7,20,23,27,33
0,1,2,3,5,7,16,18,21,23
0,1,2,4,5,7,11,18,23,27
0,1,2,3,4,6,7,23,29,36
0,1,2,3,4,7,23,29,30,36
0,1,2,3,5,7,16,18,28,30
0,1,2,3,16,17,22,23,29,30
0,1,2,3,4,7,17,18,23,30
0,1,2,3,4,7,17,23,29,30
0,1,2,4,5,18,21,27,30,37
0,1,2,4,7,17,23,27,29,37
0,1,2,3,4,6,7,17,23,29
0,1,2,4,5,7,11,18,27,30
0,1,2,3,4,7,18,23,29,30
0,1,2,3,5,7,16,18,28,35
0,1,2,4,6,15,17,23,27,34
0,1,3,5,7,14,16,18,26,28
0,1,2,4,6,7,11,17,23,27
0,1,2,3,4,8,16,21,22,23
0,1,2,4,5,6,18,23,27,39
0,1,2,4,5,7,20,22,27,37
0,1,2,4,5,7,20,23,27,37
0,1,3,4,6,7,23,26,33,36
0,1,2,4,7,11,17,18,23,27
0,1,2,3,7,16,17,18,23,39
0,1,2,3,4,7,18,20,21,34
0,1,3,4,7,10,14,17,20,37
0,1,3,5,7,10,14,16,26,37
0,1,3,5,7,10,14,16,26,30
0,1,2,3,4,8,16,34,35,36
0,1,2,3,5,6,7,8,21,33
0,1,2,3,7,8,15,21,28,34
0,1,2,3,4,8,16,29,35,36
0,1,2,3,7,8,15,28,34,35
0,1,2,3,4,5,6,7,20,37
0,1,2,3,4,7,18,21,22,35
0,1,2,4,5,7,18,28,35,39
0,1,2,3,5,7,16,18,33,35
0,1,3,4,7,10,14,17,24,27
0,1,2,3,5,7,16,18,22,24
0,1,3,5,7,14,16,18,24,33
0,1,2,4,5,7,11,18,24,28
0,1,2,3,7,16,17,18,20,24
0,1,2,3,5,7,16,18,20,24
0,1,2,4,7,11,17,18,24,37
0,1,3,4,6,7,10,17,23,27
0,1,2,3,16,17,23,24,36,37
0,1,2,4,5,7,20,28,35,38
0,1,2,3,4,5,6,7,20,21
0,1,2,3,5,18,21,29,31,39
0,1,3,4,6,7,20,24,27,37
0,1,2,3,5,6,18,21,33,36
0,1,2,3,5,6,8,29,34,37
0,1,2,3,5,6,7,8,21,34
0,1,2,3,7,8,15,34,35,36
0,1,2,5,6,18,21,29,33,34
0,1,2,3,4,8,16,22,23,24
0,1,2,3,5,6,7,8,21,29
0,1,2,3,5,6,8,21,24,36
0,1,2,3,5,7,16,18,35,37
0,1,2,3,4,6,17,23,36,37
0,1,2,3,4,7,23,30,36,37
0,1,2,3,4,6,7,23,30,36
0,1,2,3,4,7,17,23,36,37
0,1,2,3,5,7,21,23,34,39
0,1,2,3,5,7,21,24,34,39
0,1,2,3,4,6,7,23,30,37
0,1,2,3,4,5,6,7,20,22
0,1,2,3,5,6,22,24,29,39
0,1,3,4,6,20,22,24,27,37
0,1,2,3,4,7,8,22,23,30
0,1,2,3,7,8,15,21,22,23
0,1,2,5,6,18,20,21,28,36
0,1,2,3,7,8,15,21,34,35
0,1,2,4,5,6,8,20,24,28
0,1,2,3,7,8,15,22,23,29
0,1,2,3,5,6,7,8,22,29
0,1,2,3,8,15,16,22,23,24
0,1,2,4,8,16,23,24,28,36
0,1,2,5,7,16,18,21,30,37
0,1,2,4,6,7,11,17,23,36
0,1,2,5,7,11,16,18,21,37
0,1,2,4,5,7,11,18,21,37
0,1,3,5,7,14,16,18,26,35
0,1,2,5,7,11,16,18,21,30
0,1,4,5,10,11,14,15,20,30
0,1,2,4,5,6,11,15,21,25
0,1,2,3,4,7,18,23,24,37
0,1,2,4,6,7,11,17,21,30
0,1,3,5,7,10,14,16,20,24
0,1,2,4,7,11,17,18,21,37
0,1,2,3,4,5,7,8,26,38
0,1,2,3,5,6,8,31,36,39
0,1,2,3,5,6,21,26,36,39
0,1,3,4,6,21,24,34,37,39
0,1,2,3,5,6,7,8,24,36
0,1,2,3,4,8,16,37,38,39
0,1,2,3,4,5,8,31,38,39
0,1,2,3,4,7,8,30,31,38
0,1,2,3,5,6,7,8,29,37
0,1,2,4,5,7,23,33,36,38
0,1,2,4,5,7,23,33,36,39
0,1,2,3,4,5,6,7,38,39
0,1,2,3,4,6,7,25,32,38
0,1,2,3,5,6,7,8,24,37
0,1,2,3,4,7,17,25,26,38
0,1,2,3,4,7,17,25,26,39
0,1,2,3,5,18,24,26,37,39
0,1,2,4,5,7,23,26,36,39
0,1,2,4,7,17,23,26,36,38
0,1,2,3,5,6,18,24,36,39
0,1,2,4,5,6,8,23,35,39
0,1,2,3,4,7,8,25,26,38
0,1,2,3,7,8,15,24,37,38
0,1,2,3,8,15,16,37,38,39
0,1,2,4,8,16,23,31,38,39
0,1,2,4,5,6,8,23,27,31
0,1,2,4,5,18,23,26,29,39
0,1,2,4,5,18,23,26,33,37
0,1,2,4,7,17,23,25,33,39
0,1,3,4,6,7,22,29,32,39
0,1,2,3,4,6,7,25,32,39
0,1,2,3,4,7,25,26,32,39
0,1,2,3,4,5,6,7,22,24
0,1,2,3,5,6,7,8,26,38
0,1,2,3,4,8,16,20,21,39
0,1,2,3,5,6,18,21,26,38
0,1,2,3,5,7,20,22,33,38
0,1,2,3,5,7,20,23,33,38
0,1,3,4,6,21,23,26,36,39
0,1,2,4,5,7,20,23,30,37
0,1,2,3,4,8,16,25,26,39
0,1,2,4,5,11,15,18,21,24
0,1,2,4,6,11,15,17,21,37
0,1,2,4,11,15,17,18,21,37
0,1,2,3,5,6,7,16,22,26
0,1,2,4,5,11,15,18,21,37
0,1,2,5,11,15,16,18,21,37
0,1,2,3,4,6,7,23,26,32
0,1,2,3,4,6,17,25,26,32
0,1,2,4,5,7,11,18,26,33
0,1,2,4,6,11,15,17,23,39
0,1,2,4,5,11,15,18,23,26
0,1,2,4,7,11,17,18,26,39
0,1,2,4,11,15,17,18,23,39
0,1,2,3,5,7,16,18,24,26
0,1,2,3,4,7,18,25,26,39
0,1,2,4,5,6,11,15,23,27
0,1,2,4,5,7,11,18,23,39
0,1,2,4,7,11,17,18,23,39
0,1,2,4,5,7,11,18,30,37
0,1,3,5,7,10,14,16,22,26
0,1,3,5,7,10,14,16,22,33
0,1,2,3,4,7,18,30,36,37
0,1,2,3,4,7,17,18,36,39
0,1,2,3,7,16,17,18,35,39
0,1,2,4,6,7,11,17,23,39
0,1,2,6,7,8,14,24,30,38
0,1,2,6,7,8,24,29,30,33
0,1,2,6,7,8,14,30,31,32
0,1,2,6,7,8,24,29,30,34
0,1,2,6,7,8,24,29,33,38
0,1,2,6,7,8,14,23,29,31
0,1,2,6,7,8,14,29,30,31
0,1,2,6,7,8,14,23,24,31
0,1,2,6,7,8,14,24,31,32
0,1,2,6,7,8,14,23,24,29
0,1,2,6,7,8,14,36,37,38
0,1,2,6,7,8,14,23,29,35
0,1,2,6,7,8,23,29,34,38
0,1,2,6,7,8,14,35,36,37
0,1,2,6,7,8,14,23,35,36
0,1,2,6,7,23,29,34,35,36
0,1,2,6,7,23,29,35,36,37
0,1,2,6,7,34,35,36,37,38
0,1,2,6,7,23,29,34,36,38
0,1,5,6,22,23,28,33,37,38
0,1,5,7,14,16,23,28,30,32
0,1,2,6,15,23,27,31,32,38
0,1,2,6,15,23,27,28,31,32
0,1,2,6,7,23,28,29,32,34
0,1,2,6,7,23,29,33,35,37
0,1,2,6,7,23,28,29,34,35
0,1,2,6,7,23,28,29,34,37
0,1,2,6,7,28,29,33,34,35
0,1,2,6,7,23,28,29,33,34
0,1,2,6,7,28,29,32,33,34
0,1,2,6,15,23,27,32,36,37
0,1,2,7,16,23,28,30,32,37
0,1,2,6,7,8,15,33,37,38
0,1,2,6,15,27,31,32,33,38
0,1,2,9,13,23,27,31,34,38
0,1,5,6,13,22,23,27,31,38
0,1,5,6,22,23,27,31,32,37
0,1,5,7,9,14,16,23,30,32
0,1,2,6,7,14,15,32,36,37
0,1,5,7,9,14,16,23,30,37
0,1,2,9,13,23,27,30,34,38
0,1,2,6,8,13,14,23,31,35
0,1,2,9,13,23,27,31,36,38
0,1,5,6,12,13,22,23,27,35
0,1,5,7,9,13,14,23,30,36
0,1,2,6,7,8,13,14,15,24
0,1,2,6,7,8,13,14,15,23
0,1,2,8,9,13,14,26,30,38
0,1,5,7,9,13,14,23,30,37
0,1,2,6,7,23,24,29,30,31
0,1,2,6,7,23,24,30,31,37
0,1,2,6,7,23,24,32,33,34
0,1,2,6,7,23,24,30,33,34
0,1,2,6,7,28,29,30,31,32
0,1,2,6,7,24,28,31,37,38
0,1,5,7,14,16,23,28,32,37
0,1,5,7,14,22,28,29,32,35
0,1,5,7,14,28,29,30,32,35
0,1,2,6,7,23,24,31,32,35
0,1,2,6,7,23,28,30,31,33
0,1,2,6,7,24,28,29,30,34
0,1,2,6,7,24,29,30,34,35
0,1,2,6,7,24,29,30,35,36
0,1,2,6,7,29,30,34,35,36
0,1,2,6,15,24,29,31,33,38
0,1,2,6,7,24,29,30,31,36
0,1,2,6,7,24,29,30,32,35
0,1,2,6,7,24,30,32,34,36
0,1,2,6,7,29,30,31,32,33
0,1,2,6,7,24,29,33,34,38
0,1,2,6,7,24,30,32,34,38
0,1,2,6,7,24,30,31,32,38
0,1,2,6,7,24,32,33,34,35
0,1,2,6,7,24,30,34,36,38
0,1,2,6,7,24,29,31,32,34
0,1,2,6,7,23,24,29,32,38
0,1,2,6,7,23,29,31,33,37
0,1,2,6,7,24,28,30,32,38
0,1,2,6,7,23,24,28,29,30
0,1,2,6,7,24,29,31,33,38
0,1,2,6,7,23,24,28,29,38
0,1,2,7,16,24,29,31,33,38
0,1,2,6,7,24,29,30,33,38
0,1,2,6,7,24,28,29,30,33
0,1,2,6,15,24,30,32,33,38
0,1,2,6,7,23,28,32,33,37
0,1,2,6,7,23,29,30,31,37
0,1,2,6,7,23,28,29,30,37
0,1,2,6,15,23,28,30,32,37
0,1,2,6,7,23,28,30,32,37
0,1,2,6,7,23,30,31,32,33
0,1,2,6,7,23,31,32,33,34
0,1,2,6,7,22,23,24,27,28
0,1,5,6,21,23,27,29,32,38
0,1,5,7,14,16,22,23,27,38
0,1,2,6,7,23,24,27,28,29
0,1,2,6,15,22,24,26,28,33
0,1,2,6,15,22,23,24,26,27
0,1,2,6,15,22,26,27,33,38
0,1,2,6,15,22,23,26,27,38
0,1,2,6,7,22,24,28,33,38
0,1,2,6,7,23,27,29,33,38
0,1,2,6,7,24,27,29,33,38
0,1,2,6,15,22,24,26,29,33
0,1,2,6,7,22,24,28,34,38
0,1,2,6,7,22,24,28,35,38
0,1,5,7,14,16,21,23,25,32
0,1,2,6,15,22,29,33,35,38
0,1,5,7,14,16,21,23,28,32
0,1,5,6,23,26,28,32,34,37
0,1,5,7,14,16,22,28,34,36
0,1,2,6,7,22,24,27,29,34
0,1,2,6,7,22,28,29,35,38
0,1,2,6,7,23,24,27,34,35
0,1,5,7,14,16,21,25,28,29
0,1,5,6,22,29,33,34,37,38
0,2,4,6,11,13,15,20,24,29
0,1,5,7,14,16,21,25,28,32
0,1,2,6,7,22,23,29,34,35
0,1,2,6,7,22,23,24,29,38
0,1,5,6,22,26,27,33,34,38
0,1,2,7,16,23,29,34,36,38
0,1,2,6,7,23,29,34,35,38
0,1,2,6,7,29,33,34,35,38
0,1,5,6,22,23,26,34,37,38
0,1,5,7,14,16,21,23,27,32
0,1,2,6,15,22,33,35,37,38
0,1,5,7,14,16,21,23,32,34
0,1,5,7,14,16,21,23,25,27
0,1,2,6,7,22,23,24,33,38
0,1,2,6,7,22,23,24,27,38
0,1,5,7,14,16,23,27,32,38
0,1,2,6,15,24,27,33,35,38
0,1,2,6,15,24,26,27,35,38
0,1,2,6,7,13,15,22,24,38
0,1,2,6,13,15,22,24,33,38
0,1,2,6,7,13,14,15,22,38
0,1,2,9,13,22,25,29,33,38
0,1,5,6,13,22,29,33,37,38
0,1,2,6,7,14,15,22,23,38
0,1,2,6,7,8,13,14,15,22
0,1,2,9,13,22,25,29,34,38
0,1,2,6,15,22,23,24,29,38
0,1,5,6,22,23,28,33,34,38
0,1,5,7,9,14,16,21,23,34
0,1,5,6,13,22,29,33,34,38
0,1,2,6,7,8,13,28,29,33
0,1,2,8,9,13,14,25,29,37
0,1,5,6,12,13,21,28,29,33
0,1,5,7,9,14,16,29,36,38
0,1,5,7,9,14,16,25,32,38
0,1,2,6,7,8,13,15,24,33
0,1,5,7,14,16,23,27,29,38
0,1,2,6,15,24,29,33,35,37
0,1,5,6,23,28,29,33,34,38
0,1,5,7,14,16,23,29,34,36
0,1,5,7,14,16,23,25,27,29
0,1,2,6,15,26,28,29,37,38
0,1,2,6,15,24,26,29,35,38
0,1,5,7,14,16,23,25,32,34
0,1,2,7,9,13,15,22,36,38
0,1,2,6,8,13,15,24,26,35
0,1,2,7,9,13,15,22,24,38
0,1,5,7,9,14,16,25,36,38
0,1,5,7,14,16,23,25,27,36
0,1,5,7,14,16,21,23,25,34
0,1,2,6,15,26,28,29,35,37
0,1,5,7,14,16,23,25,34,36
0,1,2,6,7,14,22,23,27,29
0,1,2,8,9,14,16,25,29,37
0,1,5,7,9,13,14,22,29,36
0,1,2,6,7,8,14,23,30,38
0,1,2,6,7,8,14,22,23,24
0,1,2,6,7,8,14,22,23,30
0,1,2,6,8,13,14,22,30,38
0,1,2,6,7,8,14,22,24,31
0,1,2,7,8,14,15,23,25,30
0,1,2,6,7,8,14,23,30,31
0,1,2,6,7,8,23,28,29,32
0,1,2,6,7,8,23,28,32,37
0,1,2,6,7,22,23,28,29,37
0,1,2,6,7,22,23,28,29,33
0,1,2,6,7,22,23,29,30,33
0,1,2,6,7,22,23,29,33,36
0,1,2,6,7,23,29,30,33,36
0,1,2,6,7,22,23,30,31,34
0,1,2,6,7,22,23,27,28,31
0,1,2,6,7,23,28,29,32,37
0,1,2,6,7,22,23,27,28,32
0,1,2,6,7,22,28,30,32,36
0,1,2,6,7,23,27,29,31,37
0,1,2,6,7,22,23,28,31,37
0,1,2,6,7,22,27,28,36,37
0,1,2,6,15,23,29,31,32,37
0,1,2,6,7,23,27,28,29,32
0,1,2,6,7,22,23,27,28,29
0,1,2,6,7,22,23,27,28,37
0,1,2,6,7,23,27,30,36,37
0,1,2,6,7,27,28,29,30,31
0,1,5,7,14,27,28,29,31,34
0,1,5,7,14,16,22,27,29,31
0,1,5,7,14,21,27,28,31,34
0,1,5,7,14,16,22,27,31,36
0,1,2,7,8,14,15,22,29,37
0,1,2,6,7,8,13,15,22,38
0,1,2,6,7,8,13,15,33,38
0,1,2,6,7,8,14,22,24,30
0,1,2,6,7,23,28,30,33,38
0,1,2,6,7,22,24,30,36,38
0,1,2,6,15,23,29,31,33,35
0,1,5,7,14,16,21,23,28,36
0,1,2,6,7,22,24,27,30,32
0,1,2,6,7,22,24,27,30,33
0,1,2,6,7,22,24,27,30,36
0,1,5,7,14,16,22,28,30,36
0,1,2,7,16,22,24,29,31,37
0,1,5,7,14,16,23,29,31,37
0,1,2,6,7,23,24,30,34,37
0,1,5,7,14,21,22,28,35,38
0,1,5,7,14,16,23,29,34,38
0,1,5,7,14,16,21,25,30,36
0,1,5,7,14,21,22,25,28,35
0,1,5,7,14,21,22,23,25,28
0,1,5,7,14,21,22,23,36,38
0,1,2,6,7,22,24,28,30,36
0,1,2,6,7,23,29,31,35,37
0,1,2,7,22,24,28,31,35,38
0,1,5,7,14,16,22,27,29,34
0,1,5,7,14,16,21,23,29,36
0,1,2,6,7,22,24,27,29,37
0,1,2,6,7,23,24,27,31,35
0,1,5,7,14,16,21,25,34,38
0,1,5,6,22,23,26,27,31,38
0,1,2,6,7,23,27,32,33,38
0,2,4,6,11,13,15,20,27,31
0,1,2,6,15,27,31,32,35,36
0,1,2,6,7,22,23,24,31,36
0,1,2,7,16,23,25,31,36,38
0,1,5,7,14,16,23,25,31,37
0,1,2,6,7,22,27,32,36,38
0,1,5,6,21,23,26,32,35,37
0,1,5,7,14,16,21,23,32,37
0,1,2,6,7,22,23,27,32,37
0,1,5,6,23,26,27,31,32,35
0,1,2,6,7,23,24,27,32,38
0,1,2,6,7,22,23,24,37,38
0,1,2,7,16,23,25,27,32,38
0,1,2,6,15,22,24,26,31,37
0,1,2,6,7,24,29,30,31,37
0,1,5,7,14,16,23,25,31,36
0,1,5,7,14,16,23,25,36,38
0,1,5,7,14,16,23,27,29,31
0,1,5,7,14,16,23,27,29,36
0,1,2,7,8,14,15,24,32,37
0,1,2,6,15,26,28,31,33,38
0,1,2,3,5,7,20,25,27,30
0,1,3,4,6,23,26,28,30,33
0,1,2,3,5,6,25,28,30,35
0,1,3,4,6,7,23,26,30,33
0,1,2,3,5,6,20,25,35,38
0,1,2,4,5,7,20,24,30,37
0,1,2,3,4,7,17,20,26,39
0,1,3,4,6,7,23,26,29,36
0,1,3,4,6,7,23,26,36,39
0,1,3,4,6,20,23,33,36,38
0,1,2,3,4,7,17,30,36,37
0,1,3,4,6,7,20,23,33,36
0,1,2,5,11,15,16,18,34,38
0,1,2,4,5,11,15,18,34,38
0,1,2,4,5,6,11,15,34,38
0,1,2,4,5,7,11,18,30,34
0,1,2,4,7,11,17,18,30,34
0,1,2,3,4,6,7,17,36,39
0,1,2,3,6,7,16,17,35,39
0,1,2,4,5,11,15,18,34,37
0,1,2,3,5,6,7,16,35,39
0,1,3,4,6,7,10,17,20,36
0,1,2,4,11,15,17,18,30,34
0,1,3,4,6,7,10,17,23,36
0,1,3,4,7,10,14,17,33,36
0,1,3,6,7,10,16,17,29,39
0,1,3,4,6,7,10,17,23,39
0,1,2,4,5,7,11,18,20,24
0,1,2,4,7,11,17,18,20,24
0,1,3,4,7,10,14,17,20,23
0,1,2,4,6,7,11,17,20,24
0,1,2,3,7,16,17,18,20,36
0,1,3,6,7,10,16,17,20,30
0,1,2,3,6,7,16,17,20,36
0,1,3,6,7,10,16,17,20,36
0,1,2,3,6,7,16,17,29,30
0,1,2,5,7,11,16,18,24,35
0,1,2,4,5,11,15,18,24,28
0,1,2,5,11,15,16,18,24,28
0,1,3,5,7,10,14,16,29,33
0,1,3,5,7,10,14,16,20,29
0,1,4,5,10,11,14,15,23,33
0,1,2,5,7,11,16,18,20,24
0,1,2,4,5,6,11,15,24,28
0,1,4,5,10,11,14,15,24,34
0,1,2,4,6,11,15,17,30,34
0,1,2,4,6,7,11,17,30,34
0,1,2,7,16,25,26,30,35,39
0,1,5,7,14,16,24,26,33,35
0,1,5,6,25,26,29,30,34,38
0,1,5,6,25,26,30,34,38,39
0,1,2,6,15,30,34,35,38,39
0,1,5,6,26,29,30,34,35,38
0,1,2,6,7,20,21,25,26,30
0,1,5,7,14,16,20,24,26,35
0,1,2,6,7,20,21,25,36,39
0,1,2,6,7,20,21,25,30,35
0,1,2,6,15,25,30,34,38,39
0,1,2,6,15,20,25,34,36,38
0,1,5,7,14,16,24,30,35,37
0,1,2,6,7,25,30,34,35,36
0,1,2,6,7,25,30,34,36,39
0,1,5,7,14,16,24,28,30,39
0,1,2,6,15,20,25,29,36,38
0,1,5,7,14,16,21,24,28,37
0,1,2,6,7,20,25,30,34,39
0,2,4,6,11,13,15,20,25,29
0,1,2,6,15,20,25,27,29,34
0,1,2,6,7,20,26,30,34,36
0,1,2,6,15,20,27,29,38,39
0,1,2,7,16,20,26,28,30,34
0,1,2,6,7,25,26,27,35,36
0,1,2,6,7,21,27,30,36,39
0,1,5,7,14,16,20,26,28,34
0,1,2,6,15,25,27,30,36,39
0,1,2,6,15,27,29,30,38,39
0,1,5,7,14,16,24,26,28,30
0,1,2,6,7,25,30,34,35,39
0,1,5,7,14,16,24,28,33,39
0,1,2,6,15,25,27,29,34,38
0,1,2,6,15,23,24,25,27,28
0,1,2,6,15,23,24,27,28,39
0,1,2,6,7,24,25,28,35,36
0,1,2,6,7,23,29,30,36,39
0,1,2,6,7,23,24,29,34,35
0,1,2,6,15,24,30,36,38,39
0,1,5,7,14,16,23,29,35,37
0,1,2,6,7,30,34,35,36,39
0,1,2,6,7,23,28,30,34,39
0,1,5,7,14,16,22,24,28,33
0,1,5,6,23,24,27,35,38,39
0,1,5,6,23,27,28,34,35,39
0,1,2,6,7,20,23,30,34,36
0,1,2,6,7,20,21,22,23,24
0,1,2,6,7,24,30,35,36,39
0,1,2,6,7,20,23,24,30,36
0,1,2,6,7,20,21,24,30,35
0,1,2,6,7,20,24,29,30,35
0,1,2,6,7,20,23,29,30,36
0,1,2,6,7,20,21,22,35,36
0,1,2,6,7,24,28,29,30,35
0,1,2,6,7,20,21,22,28,29
0,1,2,6,7,21,22,23,29,35
0,1,2,6,7,20,21,29,30,35
0,1,2,6,7,21,24,29,30,35
0,1,5,7,14,16,20,22,28,34
0,1,2,6,7,20,24,25,26,30
0,1,2,6,7,20,21,24,25,26
0,1,2,6,7,20,21,25,26,27
0,1,2,6,7,20,21,24,25,28
0,1,2,6,7,20,22,23,25,30
0,1,2,6,7,20,22,24,30,36
0,1,5,6,22,23,29,30,34,38
0,1,5,6,22,30,33,34,38,39
0,1,2,6,7,20,24,25,26,39
0,1,2,6,7,20,23,25,27,30
0,1,2,6,15,22,23,34,38,39
0,1,2,6,15,22,23,29,34,38
0,1,2,6,7,20,25,26,34,39
0,1,2,6,7,20,24,25,26,29
0,1,2,6,7,20,24,26,28,34
0,1,2,6,7,24,25,26,27,28
0,1,2,6,7,20,23,24,25,29
0,1,2,6,7,20,21,24,35,39
0,1,2,6,15,21,23,24,28,39
0,1,2,7,16,20,22,24,29,35
0,1,2,6,7,20,21,25,26,35
0,1,2,6,7,21,25,27,29,35
0,1,2,6,7,21,23,29,35,39
0,1,2,6,7,20,24,25,29,35
0,1,2,6,7,20,22,24,29,35
0,1,2,6,7,21,23,25,29,35
0,1,2,6,7,20,21,24,29,35
0,1,2,6,7,20,21,24,27,34
0,1,2,6,7,22,23,24,25,35
0,1,2,6,7,20,22,23,25,35
0,1,2,6,7,23,24,25,26,35
0,1,2,6,7,20,21,23,26,29
0,1,2,6,15,21,23,24,30,35
0,1,2,6,15,21,23,24,30,39
0,1,5,7,14,16,22,24,29,33
0,1,2,6,15,23,30,34,36,39
0,1,5,7,14,16,20,22,24,33
0,1,2,6,7,21,24,30,35,39
0,1,5,7,14,16,20,24,29,35
0,1,2,6,7,20,21,30,35,36
0,1,2,6,7,23,24,30,35,36
0,1,2,6,15,23,24,30,34,39
0,1,2,7,16,24,30,35,37,39
0,1,2,6,15,20,21,23,24,25
0,1,2,6,7,20,22,25,30,35
0,1,2,6,7,20,21,24,25,36
0,1,2,6,7,22,23,26,30,39
0,1,2,6,15,20,23,24,35,39
0,1,2,6,7,20,23,26,30,36
0,2,4,6,11,13,15,21,25,30
0,1,2,15,16,24,25,34,37,38
0,1,5,7,14,16,22,26,29,33
0,1,5,6,13,23,30,34,35,39
0,1,2,6,7,8,15,25,29,30
0,1,5,6,23,24,29,34,35,39
0,1,5,7,9,14,16,22,24,35
0,1,2,6,7,8,14,20,26,28
0,1,2,6,7,8,13,14,15,20
0,1,2,6,7,8,13,20,21,25
0,1,2,9,13,21,25,29,34,38
0,1,5,6,12,24,25,29,33,39
0,1,5,6,13,25,29,33,34,38
0,1,5,6,13,25,29,30,34,38
0,1,2,6,8,13,15,25,34,38
0,1,5,7,9,14,16,26,33,39
0,1,5,7,9,14,16,30,37,39
0,1,2,9,13,23,26,30,34,39
0,1,2,6,7,8,13,25,26,30
0,1,2,6,7,8,14,20,26,34
0,1,5,7,14,16,21,23,28,34
0,1,2,6,7,20,27,28,29,39
0,1,2,7,20,21,23,27,30,34
0,1,2,6,15,20,22,28,34,38
0,1,5,7,14,16,21,23,30,34
0,1,5,7,14,16,21,28,34,37
0,1,5,7,14,16,21,30,33,34
0,1,2,6,7,20,23,29,34,39
0,1,2,6,7,23,28,29,34,39
0,2,4,6,11,13,15,23,27,32
0,1,5,7,14,16,23,28,30,37
0,1,2,6,15,23,27,28,29,34
0,1,2,9,13,23,27,30,34,39
0,1,5,6,13,23,27,34,38,39
0,1,2,7,9,16,28,30,34,39
0,1,5,7,14,16,28,30,37,39
0,1,2,6,13,15,20,29,34,38
0,1,2,6,7,23,29,35,36,39
0,1,5,7,14,16,22,23,26,33
0,1,2,6,7,22,28,29,35,39
0,1,2,6,7,20,21,22,23,39
0,1,2,6,7,20,21,34,35,39
0,1,2,6,15,23,29,34,36,38
0,1,2,6,7,8,14,20,27,29
0,1,2,6,8,13,14,23,27,35
0,1,2,6,7,8,14,21,28,29
0,1,2,6,7,8,14,21,29,34
0,1,2,6,7,22,28,30,34,36
0,1,2,6,15,21,23,25,27,29
0,1,2,6,15,23,25,27,30,35
0,1,2,6,15,23,25,28,30,35
0,1,5,7,14,16,20,22,28,35
0,1,2,7,16,23,28,30,35,37
0,1,5,7,14,16,22,26,28,30
0,1,5,7,14,16,22,26,28,35
0,1,5,7,14,16,21,26,28,33
0,1,5,7,14,16,21,28,30,37
0,1,5,7,14,16,26,28,30,37
0,1,2,9,13,21,25,30,34,37
0,1,5,6,12,20,21,25,29,35
0,1,5,6,13,21,25,29,30,34
0,1,2,6,7,8,13,14,15,21
0,1,2,8,9,13,14,21,29,37
0,1,2,8,9,14,16,21,29,37
0,1,2,6,7,8,14,21,22,23
0,1,2,6,7,8,14,21,22,29
0,1,5,7,9,13,14,22,28,35
0,1,2,6,7,21,22,28,29,35
0,1,2,6,7,22,23,26,29,36
0,1,5,7,14,20,21,24,27,34
0,1,5,7,14,20,21,27,34,37
0,1,2,7,21,23,28,30,34,37
0,1,5,7,14,16,22,28,33,35
0,1,5,7,14,16,22,28,33,37
0,1,5,7,14,20,21,22,35,37
0,1,2,6,7,26,27,28,29,30
0,1,5,7,14,20,21,22,24,27
0,1,2,6,7,21,27,28,29,35
0,1,2,6,7,20,21,22,28,34
0,1,2,6,7,20,22,24,28,34
0,1,2,6,7,20,21,28,34,39
0,1,2,6,15,21,23,28,34,39
0,1,2,6,7,20,24,25,34,39
0,1,2,6,7,23,24,28,34,39
0,1,2,6,21,24,26,34,36,39
0,1,2,6,20,22,24,34,36,38
0,2,4,6,11,13,15,21,23,28
0,1,2,6,7,20,22,25,28,34
0,1,2,6,7,22,23,24,25,34
0,2,4,6,11,13,15,21,23,32
0,1,2,6,7,21,22,24,34,39
0,1,2,6,7,20,21,26,27,28
0,1,2,6,7,21,22,23,27,28
0,1,2,6,7,21,23,28,34,39
0,1,2,7,8,14,15,20,22,27
0,1,2,6,15,20,22,23,27,38
0,1,2,6,15,22,23,27,28,38
0,1,2,7,16,21,23,28,34,39
0,1,5,7,9,14,16,26,28,39
0,1,2,6,11,15,25,27,34,38
0,1,5,7,14,16,21,28,37,39
0,1,2,3,5,6,7,16,23,39
0,1,2,4,11,15,17,18,34,38
0,1,3,5,7,14,16,18,28,37
0,1,2,4,6,11,15,17,34,38
0,1,3,5,7,10,14,16,33,37
0,1,3,5,7,10,14,16,24,33
0,1,2,5,7,11,16,18,24,28
0,1,2,4,5,6,11,15,23,39
0,1,2,4,6,11,15,17,25,34
0,1,2,5,7,11,16,18,35,39
0,1,2,5,11,15,16,18,35,39
0,1,2,3,5,6,7,16,20,24
0,1,2,3,5,7,20,22,24,35
0,1,2,3,5,6,18,22,25,30
0,1,2,4,5,7,11,18,21,25
0,1,3,4,6,7,10,17,20,24
0,1,2,6,20,22,24,26,28,38
0,2,4,6,11,13,15,23,25,27
0,1,2,5,7,11,16,18,23,39
0,1,5,7,9,14,16,26,37,39
0,1,2,3,5,6,7,16,24,28
0,1,2,4,7,11,17,18,21,25
0,1,3,5,7,10,14,16,24,28
0,1,2,5,11,15,16,18,23,39
0,1,2,4,6,11,15,17,23,27
0,1,2,3,7,16,17,18,21,37
0,1,2,3,5,7,16,18,37,39
0,1,2,6,7,21,22,23,24,25
0,1,2,6,20,22,24,26,36,38
0,2,4,6,11,13,15,21,23,25
0,1,2,6,7,21,22,23,24,29
0,1,2,6,7,21,22,23,29,36
0,1,2,6,7,22,23,24,30,36
0,1,2,6,7,21,23,25,30,36
0,1,2,6,7,21,25,26,30,36
0,1,2,6,7,24,25,26,27,36
0,1,2,6,7,21,23,24,26,36
0,1,2,6,7,22,24,26,30,36
0,1,2,6,15,21,23,25,30,36
0,1,2,6,7,21,23,26,28,36
0,1,2,3,7,8,15,22,23,24
0,1,2,3,4,8,16,23,24,25
0,1,2,3,5,6,20,23,25,30
0,1,3,4,6,21,23,25,28,38
0,1,2,4,5,11,15,18,23,39
0,1,3,5,7,10,14,16,24,35
0,1,2,4,6,7,11,17,21,25
0,1,2,3,5,6,7,8,31,39
0,1,2,3,5,6,29,32,34,39
0,1,3,4,6,27,30,32,34,37
0,1,2,3,5,6,7,8,26,39
0,1,2,3,7,8,15,20,26,39
0,1,2,3,8,15,16,20,21,39
0,1,2,4,8,16,20,21,25,33
0,1,2,4,5,6,18,21,25,37
0,1,2,4,5,6,18,21,25,29
0,1,2,3,4,5,6,7,24,25
0,1,2,4,5,7,22,25,29,39
0,1,2,5,6,18,21,22,29,37
0,1,2,3,4,7,25,32,38,39
0,1,2,3,4,6,7,25,31,38
0,1,2,4,5,7,23,29,36,39
0,1,2,3,4,7,17,25,38,39
0,1,3,4,6,7,25,28,35,38
0,1,2,3,5,6,7,8,24,31
0,1,2,3,5,7,24,26,28,39
0,1,2,3,5,7,24,29,31,34
0,1,2,3,4,8,16,26,27,28
0,1,2,3,5,6,8,20,25,28
0,1,2,3,5,6,7,8,25,33
0,1,2,3,16,17,25,26,32,33
0,1,2,3,5,7,16,18,31,33
0,1,2,3,4,5,7,18,20,33
0,1,2,3,5,7,16,18,20,38
0,1,2,3,6,7,25,26,38,39
0,1,2,5,7,16,18,20,24,33
0,1,2,3,4,7,26,32,33,39
0,1,2,3,4,7,18,26,32,33
0,1,2,3,4,6,7,26,32,39
0,1,2,3,4,7,17,32,33,39
0,1,2,3,5,6,7,8,20,33
0,1,2,3,4,7,8,20,27,39
0,1,2,3,5,6,7,8,25,38
0,1,2,3,7,8,15,20,38,39
0,1,2,5,6,18,25,33,37,38
0,1,2,3,5,6,18,20,25,37
0,1,2,4,5,6,18,29,33,37
0,1,2,5,6,18,25,29,30,37
0,1,2,3,5,6,7,8,30,37
0,1,2,3,8,15,16,30,31,32
0,1,2,4,8,16,24,31,32,36
0,1,2,4,5,6,8,20,24,36
0,1,3,5,7,14,16,18,20,29
0,1,2,6,7,24,25,31,32,38
0,1,2,6,7,25,26,29,32,39
0,1,2,6,7,24,25,26,30,31
0,1,2,6,7,20,25,26,29,34
0,1,2,6,7,20,25,26,31,34
0,1,2,6,7,20,26,29,31,34
0,1,5,7,14,16,24,30,32,38
0,1,2,6,7,20,24,27,28,31
0,1,2,6,7,24,25,27,30,33
0,1,2,6,7,24,26,27,29,39
0,1,2,6,7,26,27,28,29,39
0,1,2,6,7,24,25,26,32,33
0,1,2,6,7,27,28,29,30,39
0,1,2,6,7,24,26,28,30,32
0,1,2,6,7,23,26,27,30,39
0,1,2,6,7,24,25,29,30,39
0,1,2,6,7,20,23,25,26,28
0,1,2,6,7,20,23,25,28,34
0,1,2,6,7,24,25,26,32,39
0,1,2,6,7,23,24,26,32,38
0,1,2,6,15,25,27,28,33,39
0,1,2,6,15,25,27,32,34,39
0,1,5,7,14,16,24,26,32,38
0,1,2,6,7,24,26,28,33,39
0,1,2,6,7,24,25,32,33,39
0,1,2,7,16,24,26,28,33,39
0,1,2,6,7,23,24,25,28,39
0,1,2,6,7,24,25,28,33,39
0,1,2,6,7,20,24,27,28,34
0,1,2,6,7,20,24,27,33,34
0,1,2,6,7,24,25,29,30,31
0,1,2,6,7,25,29,31,33,39
0,1,2,6,7,24,25,29,30,33
0,1,2,6,7,25,29,30,31,34
0,1,2,6,7,25,30,31,34,39
0,1,2,6,15,20,22,23,31,34
0,1,2,6,15,20,23,29,31,34
0,1,2,6,7,27,28,33,38,39
0,1,2,6,15,20,22,23,28,34
0,1,5,7,14,16,21,27,33,39
0,1,2,6,7,20,26,27,33,34
0,1,5,7,14,24,25,26,28,31
0,1,5,7,14,24,25,28,31,38
0,1,2,6,7,20,26,30,32,33
0,1,2,6,7,20,26,30,32,34
0,1,2,6,7,30,31,32,33,34
0,1,2,6,7,20,25,34,38,39
0,1,2,6,7,20,26,30,33,39
0,1,2,6,7,25,26,30,31,32
0,1,2,6,7,25,30,32,34,39
0,1,2,6,7,25,31,32,33,39
0,1,2,6,15,27,29,32,34,39
0,1,2,6,7,25,30,31,38,39
0,1,2,6,15,25,29,34,38,39
0,1,2,7,16,25,30,32,34,39
0,1,2,6,7,20,30,34,35,36
0,1,2,6,7,25,31,35,37,39
0,1,2,6,7,25,30,31,37,38
0,1,2,6,7,30,31,35,36,37
0,1,2,6,7,20,21,25,37,38
0,1,2,6,7,20,21,25,37,39
0,1,2,6,7,20,21,35,36,37
0,1,2,6,7,35,36,37,38,39
0,1,2,6,7,24,25,31,35,38
0,1,2,6,7,20,23,30,31,39
0,1,2,6,7,24,25,30,31,35
0,1,2,6,7,20,24,25,30,35
0,1,2,6,7,20,25,30,31,35
0,1,2,6,7,24,30,35,36,37
0,1,2,6,7,24,30,36,37,38
0,1,2,6,7,20,24,30,36,38
0,1,2,6,7,20,24,30,35,39
0,1,2,6,7,24,30,35,37,39
0,1,2,6,7,23,29,35,37,39
0,1,2,6,7,20,21,29,30,37
0,1,2,6,7,20,21,22,23,30
0,1,2,6,7,20,21,22,29,39
0,1,2,6,7,21,22,29,34,39
0,1,2,6,7,20,21,29,38,39
0,1,2,6,7,20,21,23,29,35
0,1,2,6,7,20,21,22,30,39
0,1,2,6,7,20,22,23,30,35
0,1,2,6,7,20,25,30,31,39
0,1,2,6,7,20,25,31,37,39
0,1,2,6,7,20,30,31,32,33
0,1,2,6,7,25,32,33,34,35
0,1,2,6,7,25,30,32,33,35
0,1,2,6,7,25,30,31,33,36
0,1,2,6,7,25,33,34,35,36
0,1,2,6,7,24,26,29,31,39
0,1,2,6,7,24,26,31,33,39
0,1,2,6,7,26,29,37,38,39
0,1,2,6,15,20,26,32,34,35
0,1,5,7,14,16,25,31,33,39
0,1,2,7,16,24,26,31,33,39
0,1,5,7,14,16,20,25,33,38
0,1,5,7,14,16,24,31,37,38
0,1,2,6,7,23,25,31,37,39
0,1,2,6,21,23,25,27,29,31
0,1,2,6,23,25,27,29,31,33
0,1,5,7,14,16,24,29,31,33
0,1,2,6,7,26,30,31,32,35
0,1,5,7,14,29,30,31,33,36
0,1,5,7,14,23,29,30,33,36
0,1,2,7,20,24,26,30,33,37
0,1,2,6,7,24,26,30,32,38
0,1,5,7,14,16,20,24,31,33
0,1,2,6,15,24,30,32,35,38
0,1,2,7,16,24,30,33,35,39
0,1,5,7,14,16,20,24,29,38
0,1,2,6,7,20,30,33,35,37
0,1,2,6,7,25,31,33,35,39
0,1,2,6,15,25,30,32,34,39
0,1,2,6,7,25,26,33,34,37
0,1,2,6,7,20,26,31,32,35
0,1,2,6,7,24,25,30,31,39
0,1,5,7,14,16,20,24,25,29
0,1,5,7,14,16,24,29,33,38
0,1,5,7,14,16,20,23,24,27
0,1,2,6,15,24,28,29,32,33
0,1,2,6,7,24,25,32,33,36
0,1,2,6,7,20,21,29,30,33
0,1,2,6,7,21,22,29,30,33
0,1,5,7,14,16,20,24,27,31
0,1,2,6,7,22,23,30,31,37
0,1,2,6,7,22,26,31,32,37
0,1,2,6,7,23,28,35,36,39
0,1,2,6,7,20,21,28,29,37
0,1,2,6,7,20,25,31,36,37
0,2,4,6,11,13,15,24,28,33
0,1,2,6,7,20,21,22,23,31
0,1,2,6,7,20,22,25,31,37
0,1,2,6,7,22,24,30,35,37
0,1,2,7,16,22,24,30,35,37
0,1,5,7,14,16,22,24,30,36
0,1,5,7,14,16,20,22,27,35
0,1,2,6,15,21,24,26,31,39
0,1,5,7,14,16,20,22,29,31
0,1,2,6,7,22,25,28,31,37
0,1,2,6,7,25,26,27,28,37
0,2,4,6,11,13,15,21,26,28
0,1,2,6,7,21,23,29,35,37
0,2,4,6,11,13,15,21,26,30
0,1,2,7,20,27,29,30,37,38
0,1,5,7,14,16,20,27,29,38
0,1,2,6,15,24,26,31,37,39
0,1,2,6,7,20,24,30,35,37
0,1,2,6,15,24,30,35,37,39
0,1,2,6,15,20,25,31,37,39
0,1,5,7,14,16,24,30,36,38
0,1,2,6,7,20,31,35,36,37
0,1,2,6,7,20,21,26,38,39
0,1,2,6,7,20,25,26,32,38
0,1,2,6,15,21,26,34,36,39
0,1,5,7,14,16,20,26,28,33
0,1,2,6,7,20,22,28,34,38
0,1,2,6,7,20,21,28,33,37
0,1,2,6,15,23,28,32,33,36
0,1,2,6,15,28,32,33,36,37
0,1,2,6,7,24,25,33,34,37
0,1,5,7,14,16,22,26,35,38
0,1,5,6,23,24,27,28,32,39
0,1,2,6,7,24,28,33,34,39
0,2,4,6,11,13,15,21,28,32
0,1,5,6,24,27,28,32,33,36
0,1,2,6,7,22,23,24,28,38
0,1,2,6,15,21,22,25,26,37
0,1,2,6,15,21,25,26,32,37
0,1,2,6,7,23,25,27,32,38
0,1,2,6,7,23,27,28,32,38
0,1,2,6,7,24,26,28,32,38
0,1,2,6,7,24,25,26,32,38
0,1,2,6,7,23,24,25,32,38
0,1,2,6,15,23,25,27,32,38
0,1,2,6,7,23,24,28,32,37
0,1,2,6,7,23,24,28,37,38
0,1,5,7,14,16,22,26,32,35
0,1,5,7,14,16,22,26,35,39
0,1,2,6,7,21,25,30,31,36
0,1,2,6,7,21,24,25,28,37
0,1,2,6,7,22,23,26,31,37
0,1,2,6,7,21,22,26,30,31
0,1,2,6,7,21,22,26,31,36
0,1,2,6,7,21,22,23,26,37
0,1,2,6,15,21,23,25,26,30
0,1,2,6,15,21,25,26,30,31
0,1,2,7,16,22,24,26,31,37
0,1,2,6,15,20,22,23,31,32
0,1,2,6,15,20,23,29,31,32
0,1,2,6,7,26,27,28,29,38
0,1,2,6,7,23,26,29,32,38
0,1,2,6,15,20,23,29,32,38
0,1,2,6,7,22,25,26,29,38
0,1,5,7,14,16,22,26,31,37
0,1,5,7,14,22,23,26,29,36
0,1,5,7,14,22,23,24,26,29
0,1,5,7,14,16,22,24,30,37
0,1,2,6,15,25,27,30,32,37
0,1,2,6,7,23,25,26,28,38
0,1,5,7,14,22,23,29,36,39
0,1,5,7,14,16,24,30,35,39
0,1,5,7,14,16,23,28,30,35
0,1,5,7,14,22,23,24,37,39
0,1,2,6,7,8,14,20,21,27
0,1,2,6,7,8,14,20,27,33
0,1,2,6,7,8,14,21,34,39
0,1,2,6,7,8,14,20,21,33
0,1,2,6,7,8,14,20,21,39
0,1,2,6,7,8,14,20,34,37
0,1,2,6,7,8,14,20,28,34
0,1,2,6,7,8,14,21,27,33
0,1,2,8,9,13,14,23,31,35
0,1,2,6,7,14,15,28,32,33
0,1,2,6,7,14,15,21,22,37
0,1,2,9,13,23,28,32,36,39
0,1,5,6,13,23,27,28,32,36
0,1,2,9,13,23,28,32,35,39
0,1,5,6,13,23,27,28,32,39
0,1,2,6,7,8,14,23,31,36
0,1,2,6,7,8,14,23,30,35
0,1,2,7,8,14,15,23,31,36
0,1,2,6,8,13,14,25,29,37
0,1,5,7,9,14,16,22,24,31
0,1,2,6,7,13,14,15,26,30
0,1,2,6,7,14,15,26,30,31
0,1,5,6,12,13,21,29,36,37
0,1,2,6,7,8,13,21,36,37
0,1,5,7,9,13,14,24,30,37
0,1,2,6,7,8,14,25,37,38
0,1,2,6,7,8,13,14,15,25
0,1,2,6,7,8,14,24,36,37
0,1,2,6,7,8,13,30,31,35
0,1,2,6,7,8,14,25,27,33
0,1,2,6,7,8,14,25,31,33
0,1,2,6,7,8,14,20,25,31
0,1,2,6,7,8,14,24,31,39
0,1,2,6,7,8,14,25,32,33
0,1,2,6,7,8,14,25,27,32
0,1,2,6,7,8,14,25,33,38
0,1,2,7,8,14,15,25,33,38
0,1,5,7,9,13,14,24,31,38
0,1,2,9,13,24,28,31,35,39
0,1,5,6,13,23,24,28,35,39
0,1,5,7,9,14,16,24,31,38
0,1,2,6,7,8,14,20,22,32
0,1,2,6,7,8,14,20,22,25
0,1,2,6,7,8,13,23,24,28
0,1,2,6,7,13,23,24,28,37
0,1,2,9,13,21,24,28,32,37
0,1,5,6,13,21,28,32,36,37
0,1,2,8,9,13,14,20,24,32
0,1,5,7,9,13,14,24,31,37
0,1,5,7,9,14,16,24,31,33
0,1,2,6,7,8,14,25,32,39
0,1,2,7,8,14,15,20,25,27
0,1,2,6,7,8,14,20,26,32
0,1,2,6,7,13,14,20,24,33
0,1,5,6,13,23,24,28,32,39
0,1,2,6,8,13,14,24,32,36
0,1,2,6,7,13,14,26,33,37
0,1,2,9,13,21,25,28,32,37
0,1,5,6,13,21,25,32,36,37
0,1,2,6,8,13,14,21,25,33
0,1,2,6,7,8,14,20,25,27
0,1,2,6,7,8,14,25,26,27
0,1,2,6,7,8,14,25,26,33
0,1,2,6,7,8,15,20,35,39
0,1,2,6,7,14,15,34,38,39
0,1,5,6,12,13,24,25,29,37
0,1,2,9,13,20,24,29,33,37
0,1,5,6,13,24,28,29,33,37
0,1,2,6,7,8,13,24,25,29
0,1,2,6,15,24,29,33,34,37
0,1,2,6,15,29,33,34,37,38
0,1,2,6,7,20,23,29,34,38
0,1,5,7,14,16,23,28,32,34
0,1,2,6,7,23,24,25,38,39
0,1,2,6,7,23,24,25,29,39
0,1,2,6,7,25,26,27,33,39
0,1,2,6,7,25,27,29,33,39
0,1,2,6,7,24,28,29,33,39
0,1,2,6,7,20,25,26,28,34
0,1,2,6,15,20,26,28,29,34
0,1,2,6,7,24,25,26,33,39
0,1,2,6,15,24,26,28,33,39
0,1,5,7,14,16,25,27,33,39
0,1,2,6,7,20,23,34,38,39
0,1,2,6,7,20,23,28,34,39
0,1,2,6,7,23,25,27,33,39
0,1,2,6,15,20,26,28,29,37
0,1,2,6,15,20,26,29,35,37
0,1,2,6,21,23,25,27,29,39
0,2,4,6,11,13,15,24,26,28
0,1,2,6,7,22,23,24,28,39
0,1,2,6,15,21,22,23,28,37
0,1,5,7,14,16,20,22,27,33
0,1,2,6,15,21,22,23,33,38
0,1,2,6,15,21,22,23,38,39
0,1,2,6,7,20,21,28,33,34
0,1,2,6,15,21,22,33,37,38
0,1,2,6,15,21,22,28,33,37
0,1,2,6,7,21,22,25,33,34
0,1,5,7,14,16,20,23,27,36
0,1,2,9,13,20,24,28,33,37
0,1,5,6,12,23,24,28,32,38
0,1,5,6,13,24,28,32,33,37
0,1,2,6,7,13,20,24,33,39
0,1,5,6,23,24,28,32,33,38
0,1,5,7,9,14,16,20,27,33
0,1,2,6,7,8,14,21,23,28
0,1,2,9,13,21,24,28,33,37
0,1,5,6,13,21,28,32,33,37
0,1,2,8,9,13,14,27,35,39
0,1,2,6,7,20,21,23,26,38
0,1,2,6,7,21,22,23,24,33
0,1,2,6,7,20,21,23,33,38
0,1,2,6,7,20,21,37,38,39
0,1,2,6,7,27,32,33,37,38
0,1,2,6,7,32,33,37,38,39
0,1,2,6,7,20,22,27,33,38
0,1,2,6,7,20,21,27,33,39
0,1,2,6,7,22,23,27,33,38
0,1,2,6,7,21,23,27,33,39
0,1,2,6,7,20,21,27,32,33
0,1,2,6,7,20,21,24,32,33
0,1,2,6,7,20,21,24,27,37
0,1,2,6,7,20,26,27,33,37
0,1,2,6,7,22,23,24,25,26
0,1,2,3,4,8,16,20,38,39
0,1,2,4,5,6,18,20,24,36
0,1,2,5,6,18,20,24,25,32
0,1,2,3,7,8,15,25,26,27
0,1,2,6,7,8,14,24,25,32
0,1,2,3,7,8,15,20,33,34
0,1,2,3,8,15,16,33,34,35
0,1,2,4,8,16,27,34,35,39
0,1,2,6,7,8,14,24,25,26
0,1,2,6,7,8,13,15,27,38
0,1,2,6,13,15,27,32,36,38
0,1,2,9,13,23,27,32,36,39
0,1,5,6,13,23,27,31,32,36
0,1,2,6,7,21,25,26,32,37
0,1,2,6,15,20,21,25,26,36
0,1,2,6,15,20,21,25,36,38
0,1,2,7,16,21,26,32,37,39
0,1,2,6,7,20,21,22,23,32
0,1,2,6,7,20,22,25,32,37
0,1,2,6,7,22,24,26,32,38
0,1,2,6,15,20,21,22,32,37
0,1,2,6,15,20,21,32,36,37
0,1,2,6,7,21,27,32,37,38
0,1,2,6,15,20,21,27,32,36
0,1,5,6,21,26,31,32,36,37
0,1,5,7,14,16,21,26,32,37
0,1,2,6,7,13,23,32,38,39
0,1,5,7,9,13,14,26,32,39
0,1,5,7,9,14,16,26,32,39
0,1,2,6,7,16,20,26,27,33
0,1,5,7,14,21,24,25,26,31
0,1,5,7,14,21,24,25,26,39
0,1,5,7,14,21,24,25,31,38
0,1,2,6,7,23,24,25,26,27
0,1,2,6,7,20,23,27,38,39
0,1,2,6,7,20,27,33,38,39
0,1,2,6,15,20,22,27,33,38
0,1,2,3,5,6,7,8,25,32
0,1,2,6,7,8,14,24,26,31
0,1,2,6,7,8,14,23,25,31
0,1,2,6,7,8,14,23,24,25
0,1,2,6,7,8,14,37,38,39
0,1,2,3,5,6,18,20,32,35
0,1,2,3,4,6,7,20,26,33
0,1,2,3,4,7,17,20,27,33
0,1,2,3,4,7,20,27,33,34
0,1,2,3,4,7,20,26,27,33
0,1,2,3,4,7,17,27,33,34
0,1,2,3,4,6,7,26,33,39
0,1,2,3,4,7,20,26,33,39
0,1,2,7,20,24,26,31,33,37
0,1,5,7,14,20,23,24,25,38
0,1,5,7,14,16,20,25,31,36
0,1,5,7,14,20,23,24,30,37
0,1,2,6,7,20,21,24,31,32
0,1,2,6,7,20,26,32,36,38
0,1,2,6,7,20,25,26,31,36
0,1,2,6,7,20,25,31,36,38
0,1,2,6,7,20,36,37,38,39
0,1,2,6,7,20,23,25,33,38
0,1,2,6,7,8,13,14,15,26
0,1,2,6,7,25,31,33,37,39
0,1,5,7,14,16,20,23,25,38
0,1,2,6,7,20,26,33,36,37
0,1,2,6,7,20,25,27,32,37
0,1,2,6,7,20,25,27,32,38
0,1,2,6,7,21,27,33,36,38
0,1,2,6,7,25,26,27,36,37
0,1,5,7,14,23,24,27,30,37
0,1,5,7,14,24,25,31,34,38
0,1,5,7,14,16,25,30,34,39
0,1,5,7,14,24,30,31,34,37
0,1,5,7,14,30,31,32,34,37
0,1,5,7,14,23,24,25,27,30
0,1,2,6,7,20,24,26,32,38
0,1,2,6,7,25,27,31,33,39
0,1,5,7,14,16,21,26,34,39
0,1,5,7,14,16,23,25,30,38
0,1,2,6,15,20,22,25,27,32
0,1,2,6,15,20,25,27,32,38
0,1,2,6,15,20,22,24,26,32
0,1,2,6,7,21,26,27,32,38
0,1,5,7,14,16,25,31,37,39
0,1,2,6,7,21,32,36,37,38
0,1,2,6,7,21,26,32,37,38
0,1,5,7,9,13,14,25,32,38
0,1,2,6,20,23,25,33,35,38
0,1,2,6,21,23,25,33,35,37
0,1,2,6,7,21,25,31,37,39
0,1,2,6,7,25,31,37,38,39
0,1,2,6,7,20,21,25,31,36
0,1,2,6,7,21,23,24,31,36
0,1,2,6,7,21,23,31,36,38
0,1,2,6,7,21,23,25,31,37
0,1,2,6,7,21,22,23,24,36
0,1,2,6,7,22,23,24,36,37
0,1,5,7,14,16,21,23,30,32
0,1,2,6,7,21,25,31,36,37
0,1,2,6,7,21,25,36,37,38
0,1,2,6,15,20,25,31,36,38
0,1,2,6,21,31,33,35,37,39
0,2,4,6,11,13,15,20,25,27
0,1,2,6,21,23,33,35,37,39
0,2,4,6,11,13,15,20,22,31
0,2,4,6,11,13,15,20,22,27
0,1,2,7,8,14,15,24,26,31
0,1,2,7,9,13,15,32,36,38
0,1,5,7,9,14,16,30,32,39
0,1,2,6,8,13,14,27,31,39
0,1,2,3,7,8,15,25,26,32
0,1,2,3,8,15,16,25,26,27
0,1,2,4,8,16,26,27,31,39
0,1,2,3,4,8,16,25,26,27
0,1,2,4,5,6,18,23,27,31
0,1,2,6,7,13,14,15,20,24
0,1,2,8,9,13,14,27,31,39
0,1,2,6,7,8,15,21,25,26
0,1,2,6,8,13,14,23,31,39
0,1,2,3,7,8,15,24,25,26
0,1,2,3,8,15,16,25,26,39
0,1,2,5,6,18,23,24,31,39
0,1,2,6,7,23,25,27,31,37
0,1,2,6,7,23,24,25,31,37
0,1,2,6,21,23,25,27,37,39
0,2,4,6,11,13,15,22,24,26
0,1,2,6,7,22,26,27,31,37
0,1,2,6,7,22,23,31,36,37
0,1,2,6,7,21,22,23,36,37
0,1,2,6,7,22,24,26,31,37
0,1,2,6,7,20,24,25,31,36
0,1,2,6,15,20,24,25,31,35
0,1,2,7,16,20,25,31,36,38
0,1,2,6,7,13,15,20,24,26
0,1,2,7,9,13,15,20,24,26
0,1,2,6,7,8,13,22,23,27
0,1,2,6,21,23,25,35,37,39
0,2,4,6,11,13,15,20,22,24
0,1,2,3,7,8,15,37,38,39
0,1,2,3,8,15,16,32,38,39
0,1,2,5,6,18,24,32,36,37
0,1,2,3,4,7,17,20,33,34
0,1,3,4,6,7,20,30,33,37
0,1,3,5,7,10,14,16,23,39
0,1,2,4,5,7,11,18,27,34
0,1,3,4,7,10,14,17,30,33
0,1,3,5,7,10,14,16,30,39
0,1,3,4,7,10,14,17,23,26
0,1,2,3,4,7,18,22,23,36
0,1,2,4,7,11,17,18,20,36
0,1,2,4,6,7,11,17,20,36
0,1,2,5,11,15,16,18,30,34
0,1,2,4,5,11,15,18,30,34
0,1,2,4,5,7,11,18,23,34
0,1,2,5,7,11,16,18,30,34
0,1,2,4,7,11,17,18,23,30
0,1,3,4,6,7,10,17,29,33
0,1,2,3,6,7,28,29,35,36
0,1,2,4,5,7,18,23,30,34
0,1,2,5,7,16,18,23,30,34
0,1,3,5,7,14,16,18,28,30
0,1,3,4,7,10,14,17,22,39
0,1,3,5,7,10,14,16,28,39
0,1,2,4,5,11,15,18,23,27
0,1,3,4,6,7,10,17,22,26
0,1,2,4,11,15,17,18,20,36
0,1,2,3,5,7,16,18,28,32
0,1,2,3,16,17,24,25,31,32
0,1,2,4,5,11,15,18,27,30
0,1,2,4,11,15,17,18,23,27
0,1,3,4,7,10,14,17,26,29
0,1,3,5,7,10,14,16,26,35
0,1,3,5,7,10,14,16,35,39
0,1,2,4,6,11,15,17,20,36
0,1,2,4,7,11,17,18,20,27
0,1,3,4,6,7,10,17,26,30
0,1,2,5,7,11,16,18,21,25
0,1,2,4,5,6,11,15,20,24
0,1,2,4,5,11,15,18,20,24
0,1,2,3,5,6,7,16,21,25
0,1,2,3,5,6,7,16,25,29
0,1,2,4,11,15,17,18,20,24
0,1,2,4,6,11,15,17,20,24
0,1,2,6,7,20,21,25,34,35
0,1,2,6,7,20,21,25,29,34
0,1,2,6,7,21,22,25,30,36
0,1,2,6,7,20,21,22,25,36
0,1,2,6,15,20,22,24,29,35
0,1,2,6,15,22,24,25,30,36
0,1,5,7,14,16,21,23,29,35
0,1,2,6,7,21,22,29,30,36
0,1,2,7,16,21,23,25,30,36
0,1,5,7,14,16,21,23,30,39
0,1,5,7,14,16,21,28,34,35
0,1,5,7,14,20,23,26,27,33
0,1,5,7,14,16,23,28,34,39
0,1,5,7,14,20,21,23,26,27
0,1,2,6,7,20,22,28,34,36
0,1,2,6,7,21,27,29,33,35
0,1,2,6,22,24,26,28,30,32
0,1,2,6,7,22,28,29,30,36
0,1,2,6,7,21,22,25,26,29
0,1,2,6,15,20,21,24,25,36
0,1,2,6,7,21,25,26,27,31
0,1,2,6,7,25,26,27,28,29
0,1,2,6,7,20,26,27,28,34
0,1,2,6,20,22,24,26,28,30
0,1,2,6,7,22,26,29,35,36
0,1,2,6,7,21,22,26,27,36
0,1,2,6,7,21,22,26,27,28
0,1,2,6,7,22,26,28,30,36
0,1,2,6,7,21,22,26,27,30
0,1,2,6,7,21,22,26,29,30
0,1,2,6,7,22,27,29,31,36
0,1,2,6,7,22,27,31,32,36
0,1,2,6,7,22,27,28,30,33
0,1,2,6,7,22,30,31,32,33
0,1,2,6,7,22,27,29,30,32
0,1,2,6,7,21,22,27,30,36
0,1,2,6,7,21,22,28,32,35
0,1,2,6,7,21,22,27,28,32
0,1,2,6,7,22,28,29,32,35
0,1,2,6,7,22,27,28,29,34
0,1,2,6,7,22,27,28,29,32
0,1,2,6,7,22,27,28,29,36
0,1,2,6,15,22,27,29,31,36
0,1,2,6,7,21,22,27,28,36
0,1,5,7,14,16,21,26,28,30
0,1,5,7,14,26,27,28,30,33
0,1,5,7,14,20,26,27,30,33
0,1,5,7,14,16,21,26,30,35
0,1,5,6,12,21,26,27,31,35
0,1,5,6,13,20,27,31,35,36
0,1,5,7,9,14,16,21,23,30
0,1,2,6,7,13,14,15,25,29
0,1,2,6,7,14,15,25,29,30
0,1,2,9,13,20,24,27,31,36
0,1,5,6,13,20,24,31,35,36
0,1,2,6,8,13,14,24,28,36
0,1,5,6,12,13,20,28,35,36
0,1,2,6,7,8,13,20,35,36
0,1,2,8,9,14,16,24,32,36
0,1,5,7,9,13,14,23,29,36
0,1,5,6,12,20,24,28,34,39
0,1,5,6,13,20,24,28,29,33
0,1,5,7,9,13,14,21,28,35
0,1,2,6,7,8,13,27,28,32
0,1,2,8,9,13,14,24,28,36
0,1,2,6,8,13,14,20,28,36
0,1,2,9,13,20,23,27,32,36
0,1,2,6,15,20,21,22,27,36
0,1,5,6,13,20,27,31,32,36
0,1,2,7,9,16,21,23,27,32
0,1,2,6,8,13,14,20,24,32
0,1,2,8,9,13,14,20,28,36
0,1,5,6,13,20,24,25,29,33
0,1,2,7,9,16,20,25,34,36
0,1,5,7,9,14,16,25,32,34
0,1,5,6,24,25,29,33,34,39
0,1,5,7,9,14,16,21,28,34
0,1,2,6,8,13,15,20,27,36
0,1,2,7,9,14,16,21,28,32
0,1,5,7,9,14,16,21,32,39
0,1,2,6,7,14,15,21,25,26
0,1,2,7,9,13,15,21,25,27
0,1,5,7,9,14,16,21,28,39
0,1,2,8,9,14,16,20,28,32
0,1,5,7,9,13,14,25,32,39
0,1,5,7,9,14,16,25,32,39
0,1,2,9,13,20,25,29,32,36
0,1,2,6,7,20,25,32,33,36
0,1,2,6,15,25,29,30,33,34
0,1,2,6,7,20,21,26,31,32
0,1,2,6,15,21,27,33,35,36
0,1,5,7,14,16,20,26,32,34
0,1,5,7,9,13,14,21,28,34
0,1,5,7,9,14,16,21,28,30
0,1,2,6,7,21,27,33,34,35
0,1,2,6,7,32,33,34,35,36
0,1,2,6,7,8,15,31,35,36
0,1,5,6,13,20,21,25,29,36
0,1,2,6,7,21,27,31,33,35
0,1,2,6,7,21,26,30,33,34
0,1,2,6,15,21,25,26,29,30
0,1,2,9,13,21,25,28,32,36
0,1,5,6,13,20,21,25,32,36
0,1,5,7,9,14,16,21,28,35
0,1,2,6,8,13,14,21,29,33
0,1,2,3,5,6,21,31,34,36
0,1,2,4,5,7,20,30,33,35
0,1,2,3,4,5,6,7,35,36
0,1,3,4,6,7,26,29,36,39
0,1,2,3,4,7,17,29,30,36
0,1,2,3,5,6,8,28,33,36
0,1,2,4,5,6,18,20,32,36
0,1,2,4,5,6,8,20,32,36
0,1,2,6,7,8,14,33,34,35
0,1,2,6,7,8,21,27,31,32
0,1,2,6,7,8,14,22,28,30
0,1,2,6,7,8,14,22,29,30
0,1,2,6,7,8,14,20,27,32
0,1,2,6,7,8,14,20,32,33
0,1,2,7,8,14,15,20,27,35
0,1,2,6,7,8,14,20,21,22
0,1,2,6,7,8,14,20,21,28
0,1,2,6,7,8,14,21,28,36
0,1,2,7,8,14,15,22,30,35
0,1,2,6,7,8,14,26,27,34
0,1,2,7,8,14,15,20,28,33
0,1,2,7,8,14,15,21,23,28
0,1,2,3,4,7,17,22,23,36
0,1,2,4,5,18,20,23,26,36
0,1,2,3,5,7,21,23,25,36
0,1,2,6,7,8,14,20,26,27
0,1,2,3,5,6,18,25,28,33
0,1,2,4,5,6,8,24,28,32
0,1,2,4,8,16,20,27,28,32
0,1,3,4,6,7,26,29,33,36
0,1,2,3,4,5,6,7,25,26
0,1,3,4,6,22,24,26,29,39
0,1,3,4,6,7,22,26,29,39
0,1,2,3,5,6,24,27,29,34
0,1,3,4,6,22,25,27,29,32
0,1,2,4,5,7,23,26,29,36
0,1,3,4,6,7,22,25,29,32
0,1,2,3,4,7,17,26,32,33
0,1,2,3,5,6,18,28,31,36
0,1,3,4,6,7,29,32,36,39
0,1,2,3,8,15,16,29,30,31
0,1,2,4,8,16,23,30,31,35
0,1,2,5,6,18,24,28,29,36
0,1,2,3,5,6,8,24,29,32
0,1,3,4,6,29,32,34,36,39
0,1,2,3,5,6,7,16,31,35
0,1,2,5,7,11,16,18,26,30
0,1,2,4,5,6,11,15,30,34
0,1,4,5,10,11,14,15,29,39
0,1,2,4,5,7,11,18,26,30
0,1,2,4,7,11,17,18,26,30
0,1,2,3,7,16,17,18,22,26
0,1,2,4,6,7,11,17,26,30
0,1,2,5,11,15,16,18,20,24
0,1,3,4,6,7,10,17,25,29
0,1,2,3,7,16,17,18,21,25
0,1,2,4,5,6,11,15,25,29
0,1,2,3,7,16,17,18,26,30
0,1,2,4,6,11,15,17,25,29
0,1,2,4,6,7,11,17,25,29
0,1,2,6,7,8,14,21,27,29
0,1,2,6,7,8,14,27,28,29
0,1,2,6,7,8,14,26,27,28
0,1,2,6,7,20,25,26,30,31
0,1,2,6,7,20,28,29,30,31
0,1,2,6,7,20,25,27,28,30
0,1,2,6,7,20,21,27,30,31
0,1,2,6,7,20,21,26,27,35
0,1,2,6,7,21,26,28,29,31
0,1,2,6,7,21,28,29,30,31
0,1,2,6,7,21,26,27,29,32
0,1,2,6,7,21,29,30,31,32
0,1,2,6,7,21,26,27,31,35
0,1,2,6,7,21,27,29,31,35
0,1,2,6,7,21,26,30,31,35
0,1,2,6,7,26,27,31,32,33
0,1,2,6,7,21,26,28,30,35
0,1,2,7,16,21,26,28,30,35
0,1,2,6,7,21,25,26,27,30
0,1,2,6,7,20,25,29,30,34
0,1,2,6,7,21,26,27,30,35
0,1,2,6,7,21,25,28,34,35
0,1,2,6,7,20,25,27,29,34
0,1,2,6,15,20,24,29,33,34
0,1,2,7,16,20,25,27,29,34
0,1,2,6,15,20,24,25,28,29
0,1,2,6,15,20,24,28,29,35
0,1,2,6,15,24,26,28,30,35
0,1,2,6,7,20,25,26,29,31
0,1,5,7,14,16,20,25,27,29
0,1,5,7,9,14,16,20,27,29
0,1,2,6,7,14,15,29,33,34
0,1,5,6,13,20,24,28,35,39
0,1,2,6,13,15,20,24,26,35
0,1,2,9,13,20,24,27,31,35
0,1,5,6,13,20,24,31,35,39
0,1,2,6,7,8,13,26,27,31
0,1,2,8,9,13,14,23,27,35
0,1,2,8,9,14,16,23,27,35
0,1,2,3,7,8,15,33,34,35
0,1,2,3,7,8,15,26,27,33
0,1,2,6,8,13,14,20,28,32
0,1,2,9,13,20,24,28,33,35
0,1,5,6,12,13,20,24,32,39
0,2,4,6,8,13,15,26,30,39
0,2,4,6,8,13,15,21,26,28
0,2,4,6,8,13,15,21,26,35
0,2,4,6,8,13,15,23,28,32
0,2,4,6,8,13,15,21,22,23
0,2,4,6,8,13,15,21,23,24
0,2,4,6,8,13,15,21,23,30
0,2,4,6,8,13,15,22,24,34
0,2,4,6,8,13,15,22,24,35
0,2,4,6,8,13,15,22,24,36
0,2,4,6,8,13,15,22,28,35
0,2,4,9,15,23,28,31,33,38
0,2,4,6,8,13,15,22,26,35
0,2,4,6,8,13,15,22,28,34
0,2,4,6,8,13,15,22,23,30
0,2,4,6,8,13,15,23,24,30
0,2,4,6,8,13,15,24,30,36
0,2,4,6,8,13,15,22,30,36
0,2,4,6,8,13,15,24,26,37
0,2,4,6,8,13,15,24,30,37
0,2,4,6,8,13,15,22,28,37
0,2,4,6,8,13,15,24,26,35
0,2,4,6,8,13,15,22,28,36
0,2,4,6,11,13,15,22,24,33
0,2,4,6,11,13,15,22,24,37
0,2,4,6,11,13,15,24,26,35
0,2,4,6,11,15,23,28,33,38
0,2,4,6,11,15,22,28,33,38
0,2,4,6,11,13,15,22,23,32
0,2,4,6,11,13,20,24,30,33
0,2,4,6,11,13,20,24,33,34
0,2,4,6,11,13,20,22,24,34
0,2,4,6,11,15,22,24,28,38
0,2,4,6,11,13,20,30,32,34
0,2,4,6,11,15,23,24,28,38
0,2,4,6,11,15,24,28,34,38
0,2,4,6,11,15,28,32,34,38
0,2,4,6,11,13,23,24,30,34
0,2,4,6,11,15,22,23,28,32
0,2,4,6,11,15,22,28,32,38
0,2,4,6,11,13,15,22,26,33
0,2,4,6,11,15,22,26,32,37
0,2,4,6,11,13,15,21,23,26
0,2,4,6,11,13,15,21,24,28
0,2,4,6,11,13,15,21,23,37
0,2,4,6,11,13,15,21,23,39
0,2,4,6,11,15,24,28,30,34
0,2,4,6,11,15,24,28,34,39
0,2,4,6,11,13,15,23,28,32
0,2,4,6,9,11,13,15,28,39
0,2,4,6,9,13,22,26,36,39
0,2,4,7,11,13,17,20,26,37
0,2,4,6,9,15,21,22,24,39
0,2,4,7,11,13,20,23,26,37
0,2,4,6,9,11,15,21,24,38
0,2,4,6,13,17,20,23,26,36
0,2,4,6,20,22,24,26,36,38
0,2,6,9,13,15,22,29,32,39
0,2,4,6,9,11,13,15,22,33
0,2,4,6,8,11,13,15,17,26
0,2,4,7,9,13,23,26,31,33
0,2,4,6,9,13,20,22,23,26
0,2,4,6,9,13,20,23,26,33
0,2,4,6,9,13,20,22,26,30
0,2,4,6,9,13,20,26,30,33
0,2,4,6,9,11,13,15,24,33
0,2,4,6,20,22,24,26,28,30
0,2,6,9,13,15,23,26,33,36
0,2,4,6,9,11,13,15,26,37
0,2,4,6,8,11,15,22,26,30
0,2,4,7,9,11,15,22,30,35
0,2,4,7,11,15,22,26,30,35
0,2,4,6,9,15,22,23,26,28
0,2,4,7,17,20,21,23,24,26
0,2,4,7,9,20,23,26,33,38
0,2,4,7,9,23,26,31,33,38
0,2,4,6,9,11,13,15,24,26
0,2,4,6,9,11,13,15,21,23
0,2,4,6,9,11,20,30,35,37
0,2,4,6,9,11,13,15,30,39
0,2,4,7,9,11,16,20,28,35
0,2,4,6,9,15,21,36,38,39
0,2,4,7,11,13,17,20,23,34
0,2,4,7,11,13,20,23,34,37
0,2,4,7,11,13,17,20,31,34
0,2,6,9,13,15,26,29,33,36
0,2,4,7,9,21,23,33,36,38
0,2,4,6,9,11,15,21,35,38
0,2,4,7,11,13,17,28,31,37
0,2,4,7,11,13,28,31,34,37
0,2,4,6,9,11,15,32,35,38
0,2,4,6,9,15,33,35,36,38
0,2,4,7,11,13,20,31,34,37
0,2,4,6,9,11,15,17,35,38
0,2,4,8,13,16,20,23,28,32
0,2,4,6,8,13,17,20,32,36
0,2,4,7,11,13,17,28,34,37
0,2,6,9,13,15,23,26,30,33
0,2,4,6,9,11,13,15,23,32
0,2,4,7,9,20,23,28,30,35
0,2,4,7,17,20,21,23,37,38
0,2,4,6,8,11,13,15,17,21
0,2,4,6,8,13,15,21,23,37
0,2,4,6,8,13,15,21,23,39
0,2,4,9,15,23,26,28,33,38
0,2,4,6,8,13,15,23,30,37
0,2,4,6,8,13,15,21,30,37
0,2,4,6,8,13,17,23,35,39
0,2,4,8,13,16,23,26,31,35
0,2,4,6,9,11,15,17,30,33
0,2,4,7,9,11,16,23,30,35
0,2,4,6,9,15,23,33,36,38
0,2,4,6,11,15,23,28,32,38
0,2,4,6,11,15,23,28,33,37
0,2,4,6,9,11,13,15,28,37
0,2,4,6,9,15,21,23,28,38
0,2,4,6,8,13,15,21,28,35
0,2,4,6,8,13,15,21,28,37
0,2,4,6,8,13,15,21,28,39
0,2,4,8,13,15,21,24,36,39
0,2,4,6,8,11,15,23,35,39
0,2,4,7,9,11,15,23,28,35
0,2,4,7,11,15,23,28,35,39
0,2,4,8,11,13,16,28,37,39
0,2,4,6,9,13,23,33,36,39
0,2,4,7,11,13,17,23,34,37
0,2,4,7,11,13,17,23,26,37
0,2,6,9,13,15,29,32,36,39
0,2,4,7,9,21,23,28,33,36
0,2,4,7,17,28,30,31,33,34
0,2,4,6,9,11,13,15,26,28
0,2,4,6,9,13,23,26,30,33
0,2,4,7,9,11,28,30,31,33
0,2,4,7,9,23,26,28,31,33
0,2,4,7,11,13,17,21,24,30
0,2,4,7,11,17,21,28,30,31
0,2,4,7,13,17,21,23,30,33
0,2,5,9,16,26,29,33,36,39
0,2,6,9,13,15,23,26,36,39
0,2,4,6,11,13,15,21,28,35
0,2,4,6,9,13,23,26,33,39
0,2,4,6,9,11,13,15,26,35
0,2,4,6,21,23,33,35,37,39
0,2,6,9,13,15,26,29,36,39
0,2,6,9,13,15,22,26,29,39
0,2,6,9,13,15,22,32,35,39
0,2,4,7,9,11,16,26,31,39
0,2,4,7,11,16,22,26,31,34
0,2,4,6,8,11,15,22,26,38
0,2,4,6,8,11,15,26,30,34
0,2,4,7,11,15,26,30,34,39
0,2,4,8,11,13,16,28,30,39
0,2,4,7,9,11,15,26,31,38
0,2,4,8,13,16,24,28,36,39
0,2,4,6,9,11,15,17,23,26
0,2,4,7,11,16,23,28,31,39
0,2,4,6,9,11,15,17,21,38
0,2,4,8,13,16,23,31,34,39
0,2,4,6,8,13,15,30,32,34
0,2,4,6,8,13,15,23,30,36
0,2,4,9,15,21,23,26,31,36
0,2,4,6,8,13,15,23,30,34
0,2,4,6,8,11,15,30,34,38
0,2,4,6,8,13,17,20,24,28
0,2,4,7,9,11,15,23,30,38
0,2,4,7,11,15,23,30,34,38
0,2,4,8,11,13,16,23,32,34
0,2,4,7,9,11,16,23,31,38
0,2,4,7,11,15,22,26,31,38
0,2,4,7,11,16,23,26,34,38
0,2,4,8,11,13,16,20,22,31
0,2,4,6,8,11,13,15,17,20
0,2,4,6,8,11,15,27,31,35
0,2,4,7,9,11,15,20,27,35
0,2,4,8,13,16,25,28,33,37
0,2,4,6,9,11,15,17,32,35
0,2,4,7,11,16,20,28,32,37
0,2,4,6,9,11,15,17,27,30
0,2,4,6,8,13,15,21,25,32
0,2,4,8,13,15,20,21,23,28
0,2,4,8,13,15,20,23,25,28
0,2,4,6,8,13,15,25,32,39
0,2,4,8,13,15,20,23,28,38
0,2,4,6,8,13,15,20,27,34
0,2,4,6,8,13,15,20,27,36
0,2,4,6,8,13,15,21,23,36
0,2,4,9,15,20,25,28,30,35
0,2,4,6,8,13,15,20,25,31
0,2,4,6,8,13,15,20,29,31
0,2,4,6,8,13,15,20,29,34
0,2,4,6,8,13,15,20,34,36
0,2,4,6,8,13,15,20,27,33
0,2,4,6,8,13,15,21,27,33
0,2,4,6,8,13,15,27,33,39
0,2,4,6,8,13,15,25,33,39
0,2,4,6,8,13,15,25,31,39
0,2,4,6,8,11,13,15,17,27
0,2,4,6,8,13,15,25,27,29
0,2,4,6,8,13,15,25,27,38
0,2,4,6,11,13,15,21,25,32
0,2,4,6,11,15,21,25,31,36
0,2,4,6,9,11,13,15,25,36
0,2,4,6,11,13,15,20,25,31
0,2,4,6,9,11,13,15,25,34
0,2,4,6,11,13,15,25,34,36
0,2,4,6,11,15,20,25,30,34
0,2,4,6,9,11,13,15,20,29
0,2,4,6,9,11,13,15,27,36
0,2,4,7,11,13,17,25,28,34
0,2,4,6,9,15,27,29,30,32
0,2,4,7,11,13,25,28,31,34
0,2,4,7,9,27,30,32,35,37
0,2,4,6,9,11,15,29,32,35
0,2,4,6,9,11,13,15,20,36
0,2,4,6,11,13,15,20,34,36
0,2,4,6,9,11,13,15,25,27
0,2,4,6,9,11,25,30,32,35
0,2,4,6,9,11,15,20,25,30
0,2,4,6,11,15,20,25,30,35
0,2,4,6,11,13,15,21,23,36
0,2,4,6,11,13,15,21,34,39
0,2,4,6,11,15,21,25,27,31
0,2,4,6,11,13,15,20,36,38
0,2,4,6,11,13,15,20,29,31
0,2,4,6,11,13,23,27,36,37
0,2,4,6,11,15,20,25,29,35
0,2,4,6,11,15,21,25,31,35
0,2,4,6,11,13,15,20,21,29
0,2,4,6,11,13,21,30,31,37
0,2,4,6,11,15,21,25,29,30
0,2,4,6,11,15,21,25,30,35
0,2,4,6,11,13,15,21,30,39
0,2,4,6,11,15,21,25,35,39
0,2,4,6,9,15,20,30,33,35
0,2,4,7,11,16,20,25,28,36
0,2,4,6,8,11,15,20,32,36
0,2,4,7,9,20,25,30,33,38
0,2,4,7,17,25,27,28,30,31
0,2,4,8,13,15,21,29,31,36
0,2,4,9,15,20,23,28,33,38
0,2,4,6,8,13,15,27,29,31
0,2,4,6,11,13,15,23,25,38
0,2,4,6,8,13,15,25,32,38
0,2,4,6,8,13,15,32,34,36
0,2,4,6,9,11,15,17,20,23
0,2,4,6,8,13,17,25,29,33
0,2,4,6,8,11,13,15,17,25
0,2,4,9,15,21,23,28,33,38
0,2,4,6,8,13,15,25,31,38
0,2,4,6,11,13,15,20,23,27
0,2,4,6,11,13,15,23,27,34
0,2,4,7,9,11,16,23,28,36
0,2,4,6,8,13,15,26,32,38
0,2,4,6,8,13,15,24,32,38
0,2,4,6,8,13,15,24,30,38
0,2,4,6,8,13,15,26,28,39
0,2,4,6,8,13,15,26,32,37
0,2,4,6,11,13,15,24,28,35
0,2,4,6,11,13,15,24,28,39
0,2,4,6,11,13,15,24,26,39
0,2,4,6,9,11,15,20,23,26
0,2,4,7,11,13,22,25,28,39
0,2,4,6,9,13,24,25,28,38
0,2,4,6,13,17,22,25,28,38
0,2,4,6,11,13,22,25,32,36
0,2,4,6,11,15,20,26,30,36
0,2,4,6,11,13,15,24,25,34
0,2,4,6,9,11,13,15,24,35
0,2,4,6,9,11,15,20,24,34
0,2,4,6,11,15,20,24,26,30
0,2,4,6,11,13,22,26,35,36
0,2,4,6,11,15,20,24,30,34
0,2,4,6,11,15,20,24,30,35
0,2,4,6,9,11,20,22,24,25
0,2,4,6,8,13,17,22,26,30
0,2,4,7,9,11,16,20,25,33
0,2,4,6,11,15,20,30,34,36
0,2,4,6,8,13,15,25,32,36
0,2,4,6,9,11,15,17,25,28
0,2,4,6,9,11,13,25,28,35
0,2,4,6,9,13,21,25,28,38
0,2,4,7,9,11,23,25,26,28
0,2,4,7,9,21,23,26,28,38
0,2,4,7,11,13,17,25,28,36
0,2,4,7,11,13,17,25,28,39
0,2,4,7,11,17,23,25,26,36
0,2,5,9,16,21,24,28,31,34
0,2,4,6,9,13,25,28,35,38
0,2,4,7,11,13,17,23,26,32
0,2,4,6,9,13,22,25,28,32
0,2,4,6,9,13,25,28,32,35
0,2,4,7,9,11,30,32,33,35
0,2,4,7,9,25,28,30,33,35
0,2,4,7,11,17,23,26,33,35
0,2,4,7,13,17,25,26,28,35
0,2,5,9,15,21,24,28,31,38
0,2,4,7,9,13,25,28,33,35
0,2,4,7,9,20,22,25,28,35
0,2,4,7,17,20,22,23,25,26
0,2,4,7,9,20,25,28,33,35
0,2,4,6,8,13,15,26,32,39
0,2,4,6,9,13,22,26,28,32
0,2,4,6,22,24,26,28,30,32
0,2,6,9,13,15,25,28,35,38
0,2,4,8,13,15,25,26,28,33
0,2,4,8,13,15,25,28,30,33
0,2,4,9,15,20,25,30,33,35
0,2,4,6,8,11,15,24,28,32
0,2,4,7,9,11,15,24,32,37
0,2,4,6,8,13,15,20,22,29
0,2,4,7,9,22,24,27,30,37
0,2,4,7,17,22,24,25,27,28
0,2,4,7,9,22,27,30,35,37
0,2,4,6,9,11,15,22,27,32
0,2,4,6,11,15,22,26,27,28
0,2,4,6,11,15,22,27,32,37
0,2,4,6,11,13,15,26,27,36
0,2,4,6,9,11,13,15,22,24
0,2,4,6,11,13,15,20,22,35
0,2,4,6,9,11,15,26,29,32
0,2,4,7,11,13,22,25,28,31
0,2,4,6,11,13,15,20,31,36
0,2,4,6,11,15,22,26,27,32
0,2,4,6,11,13,27,28,34,38
0,2,4,6,9,13,24,27,30,34
0,2,4,6,11,13,15,27,36,38
0,2,4,6,11,15,22,26,32,36
0,2,4,6,11,15,22,32,36,38
0,2,4,6,8,13,15,26,28,30
0,2,4,9,15,22,27,32,35,37
0,2,4,6,8,13,15,21,27,35
0,2,4,6,11,13,15,21,35,37
0,2,4,6,9,11,15,23,26,29
0,2,4,6,9,13,21,27,28,31
0,2,4,6,13,17,21,25,28,31
0,2,4,6,9,11,15,23,28,33
0,2,4,6,9,13,21,31,35,37
0,2,4,6,11,13,25,28,35,39
0,2,4,6,11,13,15,28,37,39
0,2,4,6,11,15,23,33,37,39
0,2,4,6,11,15,24,28,29,39
0,2,4,6,9,15,29,32,34,39
0,2,4,7,9,24,29,32,37,39
0,2,4,7,17,24,26,27,29,30
0,2,4,6,11,15,24,29,34,39
0,2,4,6,9,11,13,15,23,25
0,2,4,6,9,11,13,15,27,38
0,2,4,7,9,13,28,31,36,38
0,2,4,7,9,23,28,31,36,38
0,2,4,7,17,23,25,26,28,29
0,2,4,6,9,11,13,15,20,38
0,2,4,6,9,13,22,29,32,36
0,2,4,6,9,13,22,32,36,38
0,2,4,6,11,13,15,20,29,38
0,2,4,6,11,15,20,24,34,38
0,2,4,6,8,13,17,24,28,32
0,2,4,6,11,13,15,20,33,38
0,2,4,6,9,11,15,28,31,34
0,2,4,6,11,13,15,20,28,29
0,2,4,7,11,13,17,24,27,30
0,2,4,7,11,13,24,27,30,33
0,2,4,6,9,11,15,22,25,28
0,2,4,7,11,13,21,24,27,30
0,2,4,6,9,11,15,25,28,31
0,2,4,6,9,11,13,15,20,22
0,2,4,6,11,13,15,27,28,37
0,2,4,6,9,11,15,24,27,30
0,2,4,6,9,15,25,27,28,30
0,2,4,7,11,13,23,26,29,32
0,2,4,6,9,11,15,27,30,33
0,2,4,6,11,13,28,29,35,39
0,2,4,6,9,11,15,17,26,29
0,2,4,8,13,15,20,22,27,39
0,2,4,8,13,15,22,24,27,39
0,2,4,6,8,13,15,24,31,38
0,2,4,8,13,15,27,29,34,39
0,2,4,6,8,13,17,23,27,31
0,2,4,6,8,13,15,25,29,38
0,2,4,6,8,13,15,20,24,31
0,2,4,6,11,15,21,25,26,36
0,2,4,6,11,13,15,25,27,36
0,2,4,6,11,15,21,26,31,36
0,2,4,6,9,11,21,23,26,36
0,2,4,7,9,11,16,21,26,34
0,2,4,7,9,21,26,29,34,36
0,2,4,7,17,21,23,24,26,27
0,2,4,9,15,21,26,31,34,36
0,2,4,6,8,13,15,26,33,39
0,2,4,8,13,15,22,27,35,37
0,2,4,6,8,13,15,33,35,37
0,2,4,6,8,13,15,26,33,37
0,2,4,6,11,13,15,20,24,31
0,2,4,7,9,11,24,26,27,29
0,2,4,7,9,22,24,27,29,39
0,2,4,6,9,11,15,21,24,27
0,2,4,6,8,13,15,26,31,35
0,2,4,6,11,13,15,22,26,31
0,2,4,6,11,15,21,26,27,31
0,2,4,6,11,13,23,26,33,37
0,2,4,6,11,15,21,27,31,37
0,2,4,6,11,13,15,26,35,37
0,2,4,6,11,15,21,31,35,37
0,2,4,6,8,11,15,25,29,33
0,2,4,7,9,11,15,25,33,38
0,2,4,6,9,11,13,15,29,38
0,2,4,7,11,13,17,20,23,26
0,2,4,7,11,13,20,23,26,29
0,2,4,7,11,13,17,20,26,29
0,2,4,7,11,13,17,20,23,29
0,2,6,9,13,15,22,25,35,38
0,2,4,6,8,11,15,21,25,29
0,2,4,7,11,16,25,29,34,37
0,2,4,6,9,11,15,17,29,32
0,2,4,7,9,11,15,21,29,34
0,2,4,6,8,13,15,20,29,36
0,2,4,6,11,13,15,20,27,34
0,2,4,6,8,13,17,31,35,39
0,2,4,8,13,16,22,27,31,39
0,2,4,7,9,11,16,22,29,34
0,2,4,6,8,11,15,29,33,37
0,2,4,7,9,11,15,22,29,37
0,2,4,7,11,15,22,29,33,37
0,2,4,8,11,13,16,22,31,33
0,2,4,6,8,13,15,22,29,33
0,2,4,6,8,13,15,20,29,35
0,2,4,6,11,13,15,22,27,31
0,2,4,6,11,15,22,27,31,37
0,2,4,6,11,13,22,29,33,39
0,2,4,6,11,13,15,22,31,33
0,2,4,6,9,11,13,15,22,31
0,2,4,6,11,15,22,27,32,36
0,2,4,6,9,11,15,17,22,25
0,2,4,7,11,16,22,27,30,38
0,2,4,8,13,16,27,30,35,39
0,2,4,7,11,16,22,30,34,39
0,2,4,6,9,15,21,22,25,27
0,2,4,6,8,13,15,22,29,36
0,2,4,6,8,13,15,21,27,34
0,2,4,9,15,22,27,30,32,37
0,2,4,6,8,11,15,22,34,38
0,2,4,6,8,13,15,20,36,38
0,2,4,9,15,20,23,25,30,35
0,2,4,6,9,11,27,32,34,37
0,2,4,6,11,13,15,20,22,38
0,2,4,6,8,13,15,22,29,35
0,2,4,6,8,13,15,29,31,33
0,2,4,6,8,13,17,23,27,39
0,2,4,8,13,15,30,31,33,38
0,2,4,8,13,15,30,33,35,38
0,2,4,9,15,20,22,25,30,35
0,2,4,7,9,20,22,27,32,35
0,2,4,6,9,11,22,27,29,32
0,2,4,7,17,27,29,30,32,33
0,2,4,6,9,13,22,25,29,35
0,2,4,6,11,15,27,31,33,37
0,2,4,6,11,15,21,27,32,37
0,2,4,6,9,11,15,31,34,37
0,2,4,6,9,13,29,35,36,39
0,2,4,6,13,17,29,33,36,39
0,2,4,6,29,31,33,35,37,39
0,2,6,9,13,15,22,25,32,35
0,2,4,7,11,13,17,27,33,36
0,2,4,6,9,15,29,31,32,34
0,2,4,7,11,13,27,30,33,36
0,2,4,6,8,13,15,21,23,29
0,2,4,6,8,13,15,21,29,35
0,2,4,7,11,13,17,27,30,36
0,2,6,9,13,15,22,25,29,32
0,2,4,7,11,15,21,25,29,34
0,2,4,8,11,13,16,23,25,34
0,2,4,6,9,13,25,31,32,35
0,2,4,7,11,13,17,23,29,32
0,2,4,6,13,17,25,29,32,35
0,2,4,6,9,11,15,21,27,37
0,2,4,6,9,13,21,25,35,39
0,2,4,6,11,15,21,23,27,37
0,2,4,6,11,13,23,29,32,39
0,2,4,6,11,15,23,27,33,37
0,2,4,6,11,15,23,27,33,38
0,2,5,9,15,21,27,28,31,38
0,2,6,9,13,15,21,28,31,38
0,2,4,7,9,11,16,25,30,38
0,2,4,7,11,15,25,29,33,38
0,2,4,6,8,11,15,21,25,37
0,2,4,7,11,16,21,25,30,33
0,2,4,7,11,13,17,25,36,39
0,2,4,6,9,15,20,21,23,38
0,2,4,7,11,13,22,25,36,39
0,2,6,9,13,15,21,31,34,38
0,2,4,6,9,11,15,20,23,37
0,2,4,7,9,23,25,30,35,38
0,2,4,7,17,30,32,33,35,36
0,2,4,6,9,11,13,15,21,32
0,2,6,9,13,15,21,25,28,38
0,2,4,7,9,22,25,30,32,37
0,2,4,7,17,20,22,23,25,39
0,2,4,7,9,11,15,25,30,37
0,2,4,7,11,15,21,25,30,37
0,2,4,8,11,13,16,21,30,39
0,2,4,7,11,16,22,25,33,37
0,2,4,6,9,11,15,17,20,37
0,2,4,8,13,16,22,30,33,38
0,2,4,6,8,13,17,22,34,38
0,2,4,7,11,15,20,25,32,36
0,2,4,8,11,13,16,25,34,36
0,2,4,8,13,16,22,25,30,34
0,2,4,6,9,11,15,20,34,37
0,2,4,6,9,15,32,34,35,37
0,2,4,7,11,13,30,33,36,39
0,2,4,7,11,13,22,33,36,39
0,2,4,7,11,13,17,30,36,39
0,2,6,9,13,15,25,28,32,35
0,2,4,7,11,13,17,22,33,39
0,2,6,9,13,15,28,31,35,38
0,2,4,6,9,11,15,17,22,39
0,2,4,7,11,16,24,27,35,39
0,2,4,8,13,16,24,27,32,36
0,2,4,6,8,13,17,20,24,36
0,2,4,7,9,11,16,27,34,39
0,2,4,7,11,13,21,24,27,38
0,2,4,6,9,11,15,22,25,39
0,2,4,7,11,13,17,24,27,38
0,2,4,6,9,13,20,24,27,37
0,2,4,7,9,20,22,25,27,37
0,2,4,7,17,22,25,27,35,37
0,2,5,9,16,20,23,27,30,33
0,2,4,6,9,13,24,27,34,37
0,2,4,6,9,11,13,15,23,34
0,2,4,6,9,11,21,23,24,39
0,2,4,7,17,21,22,24,25,27
0,2,4,7,9,24,27,32,34,39
0,2,4,6,9,13,21,23,24,27
0,2,4,6,9,13,21,24,27,34
0,2,5,9,15,20,23,27,30,37
0,2,4,7,9,11,16,24,32,39
0,2,4,7,11,15,23,27,32,39
0,2,4,8,11,13,16,21,23,32
0,2,4,6,8,11,15,23,27,39
0,2,4,7,9,13,20,25,27,37
0,2,4,6,9,13,20,27,34,37
0,2,4,7,9,20,25,27,32,37
0,2,4,7,17,20,34,35,37,38
0,2,5,9,16,20,23,30,33,37
0,2,6,9,13,15,20,23,27,30
0,2,5,9,15,20,23,30,33,39
0,2,6,9,13,15,20,23,30,33
0,2,4,7,11,13,17,21,27,38
0,2,6,9,13,15,20,23,33,36
0,2,4,6,9,13,23,27,33,37
0,2,4,6,9,13,24,27,31,37
0,2,4,6,9,13,27,31,33,37
0,2,4,6,11,15,29,33,35,39
0,2,4,6,11,15,24,25,29,35
0,2,4,6,11,13,21,24,31,35
0,2,4,6,11,15,25,29,35,39
0,2,4,6,8,13,15,23,29,31
0,2,4,6,8,13,15,23,29,37
0,2,4,6,8,13,15,23,29,35
0,2,4,6,11,15,25,29,31,35
0,2,4,6,8,13,15,23,31,37
0,2,4,6,8,13,15,24,31,37
0,2,4,6,8,13,15,23,25,35
0,2,4,7,9,11,15,23,31,36
0,2,4,7,11,15,23,27,31,36
0,2,4,8,11,13,16,25,27,36
0,2,4,8,13,15,24,25,27,32
0,2,4,8,13,15,24,27,29,32
0,2,4,6,8,13,15,23,29,36
0,2,4,9,15,24,29,32,34,39
0,2,4,6,8,13,15,25,31,37
0,2,4,6,11,15,23,25,29,39
0,2,4,6,9,13,21,27,31,34
0,2,6,9,13,15,24,27,34,37
0,2,4,6,9,13,21,27,31,37
0,2,4,6,11,15,23,29,33,39
0,2,4,6,11,13,15,27,29,38
0,2,4,6,11,15,23,27,29,33
0,2,4,6,11,13,15,23,27,38
0,2,4,6,11,15,23,29,34,39
0,2,4,6,8,13,17,29,33,37
0,2,4,6,8,13,15,24,31,35
0,2,4,6,9,11,15,17,24,27
0,2,4,8,13,16,20,25,29,37
0,2,4,9,15,22,25,27,32,37
0,2,4,7,11,13,17,22,25,31
0,2,4,7,9,11,29,31,32,34
0,2,4,7,9,24,27,29,32,34
0,2,4,6,8,11,15,31,35,39
0,2,4,8,13,15,20,32,33,35
0,2,4,8,13,15,20,32,35,37
0,2,4,9,15,20,22,27,32,37
0,2,4,9,15,24,27,29,34,39
0,2,4,6,9,11,15,17,31,34
0,2,4,7,11,16,27,31,36,39
0,2,4,6,9,11,24,29,31,34
0,2,4,6,11,15,24,29,33,39
0,2,4,6,9,15,22,24,29,39
0,2,4,6,11,15,20,24,29,34
0,2,4,7,17,20,22,36,37,39
0,2,4,7,9,22,27,29,34,39
0,2,4,7,9,11,15,22,27,34
0,2,4,7,11,15,22,27,34,38
0,2,4,8,11,13,16,27,36,38
0,2,4,6,8,13,17,27,31,35
0,2,4,8,11,13,16,27,29,38
0,2,4,8,11,13,16,20,29,31
0,2,4,7,11,16,23,27,32,35
0,1,2,3,8,9,14,15,24,30
0,1,3,6,8,9,11,14,24,36
0,1,2,3,8,9,14,15,24,36
0,2,5,7,10,12,15,17,21,23
0,2,5,7,10,12,15,17,23,28
0,1,3,6,8,9,11,18,24,36
0,1,3,6,8,9,15,18,24,36
0,2,5,7,13,21,23,26,28,31
0,2,5,7,13,23,26,28,31,35
0,2,5,7,13,23,28,31,35,36
0,2,5,7,13,21,23,28,29,35
0,2,5,7,13,21,23,29,31,35
0,2,5,7,14,23,29,31,36,38
0,2,5,7,13,21,28,29,35,36
0,2,5,7,14,24,29,31,33,35
0,2,5,7,14,23,24,29,31,38
0,1,2,3,8,9,11,14,25,36
0,1,2,3,8,11,13,14,36,38
0,1,2,7,9,10,12,15,25,37
0,1,2,3,8,10,11,13,26,38
0,1,2,3,8,9,11,14,27,39
0,2,5,7,10,12,15,17,23,33
0,1,2,3,8,10,11,13,29,37
0,1,2,3,8,10,13,15,29,36
0,1,2,7,10,12,13,15,28,36
0,1,2,3,8,11,13,14,27,39
0,1,2,3,8,10,11,13,27,39
0,1,2,3,8,10,11,13,29,39
0,1,2,3,8,11,13,14,29,37
0,1,2,3,9,12,14,15,30,38
0,1,2,3,8,9,14,15,24,25
0,1,2,3,8,9,14,15,31,39
0,1,2,3,8,9,10,15,31,39
0,1,2,3,8,9,10,11,27,39
0,1,2,3,8,9,10,11,26,38
0,1,2,7,8,9,14,15,24,25
0,1,2,7,8,9,14,15,23,24
0,1,2,7,8,9,14,15,23,25
0,1,2,7,8,9,14,15,24,30
0,1,2,7,8,24,25,30,35,36
0,1,2,7,8,9,14,15,23,36
0,2,5,7,10,12,15,17,21,26
0,1,3,6,8,9,11,14,25,37
0,1,3,6,8,9,11,18,22,34
0,1,2,7,9,10,12,15,23,31
0,1,2,7,8,10,13,15,24,29
0,1,2,3,8,9,14,15,25,31
0,2,5,7,13,21,24,26,29,35
0,2,5,7,13,21,24,26,29,36
0,2,5,7,14,21,29,31,33,35
0,1,2,3,8,9,10,11,24,25
0,1,2,3,9,10,12,15,25,37
0,1,2,3,8,9,11,14,24,36
0,1,2,3,8,9,14,15,28,36
0,1,2,3,8,11,13,14,28,36
0,1,2,3,8,9,14,15,22,36
0,1,2,7,8,10,13,15,23,35
0,1,3,6,8,11,13,14,28,36
0,1,3,6,8,11,13,18,28,36
0,1,3,6,8,11,13,14,21,36
0,1,2,3,8,9,10,15,28,36
0,1,2,3,8,10,13,15,28,36
0,1,2,3,8,10,11,13,28,36
0,1,2,3,8,10,11,13,28,38
0,1,2,7,10,12,13,15,20,28
0,1,3,6,8,11,13,18,21,26
0,1,2,7,9,12,14,15,22,30
0,1,2,3,8,9,11,14,29,37
0,1,2,7,8,10,13,15,28,36
0,1,3,6,8,11,13,14,21,29
0,1,2,3,8,9,14,15,31,37
0,1,2,3,8,9,14,15,25,38
0,1,2,3,8,15,23,26,28,30
0,1,2,3,8,15,23,26,28,31
0,1,2,3,8,9,14,15,30,38
0,1,2,3,9,10,11,12,37,38
0,1,2,3,9,12,14,15,29,37
0,1,2,7,9,12,14,15,29,37
0,1,2,3,8,10,13,15,30,38
0,1,2,3,9,10,12,15,30,38
0,1,2,7,8,9,14,15,22,23
0,1,2,7,8,9,14,15,22,28
0,1,2,7,8,9,14,25,27,36
0,1,2,7,9,14,25,27,36,38
0,1,2,7,8,9,14,15,28,35
0,1,2,7,8,13,15,21,26,31
0,1,2,7,8,9,14,15,24,31
0,1,2,7,8,9,14,15,30,37
0,1,2,7,8,9,14,15,22,30
0,1,2,7,8,9,14,15,23,29
0,1,2,7,8,9,14,15,24,38
0,2,5,7,10,12,15,17,20,25
0,2,5,7,10,12,15,17,20,30
0,2,5,7,13,20,22,27,29,31
0,2,5,7,13,20,22,27,29,35
0,2,5,7,13,20,22,27,29,36
0,2,5,7,13,20,22,29,31,33
0,2,5,7,13,20,22,29,35,38
0,2,5,11,13,20,22,29,33,35
0,2,5,11,17,20,22,27,33,35
0,2,5,7,13,20,22,29,30,31
0,2,5,7,13,20,22,30,33,35
0,2,5,7,13,20,22,27,30,35
0,2,5,7,13,20,22,27,35,36
0,2,5,7,13,20,22,27,35,38
0,2,5,7,14,22,25,27,30,36
0,2,5,11,13,20,27,28,29,38
0,2,5,8,11,13,28,31,33,36
0,2,5,11,13,20,22,27,28,29
0,2,5,7,13,20,30,33,35,38
0,2,5,7,14,20,22,24,25,27
0,2,5,7,14,20,22,25,27,38
0,2,5,7,13,20,22,23,35,38
0,2,5,7,13,22,23,29,30,35
0,2,5,7,13,20,22,23,36,38
0,2,5,7,13,22,23,30,35,36
0,2,5,7,13,20,22,27,36,38
0,2,5,7,13,20,22,30,36,38
0,2,5,7,13,20,23,30,35,38
0,2,5,7,14,23,25,27,29,35
0,2,5,7,13,20,23,27,30,36
0,2,5,7,13,20,29,30,35,36
0,2,5,8,11,13,22,29,35,36
0,2,5,7,13,20,23,27,30,31
0,2,5,7,13,23,28,29,30,33
0,2,5,7,13,28,29,30,31,33
0,2,5,7,13,20,22,27,28,33
0,2,5,7,13,20,23,27,28,35
0,2,5,7,13,20,28,29,35,36
0,2,5,7,13,20,23,29,33,36
0,2,5,7,13,20,21,24,28,31
0,2,5,7,13,22,23,28,29,33
0,2,5,8,11,13,22,26,28,29
0,2,5,7,13,23,29,31,33,35
0,2,5,7,13,20,23,28,33,35
0,2,5,7,13,20,21,26,28,33
0,2,5,7,13,20,22,23,28,35
0,2,5,7,13,20,22,23,29,31
0,2,5,7,13,20,21,22,23,31
0,2,5,7,13,20,21,24,28,36
0,2,5,7,13,20,22,24,26,28
0,2,5,7,13,20,22,28,35,36
0,2,5,7,13,22,23,28,29,35
0,2,5,7,13,22,23,29,35,36
0,2,5,7,13,22,23,24,31,33
0,2,5,7,13,20,22,28,31,33
0,2,5,7,13,22,24,26,28,33
0,2,5,7,13,22,24,26,28,36
0,2,5,7,14,22,28,31,33,36
0,2,5,7,13,21,22,24,29,36
0,2,5,7,13,21,22,28,29,36
0,2,5,7,13,21,22,28,29,35
0,2,5,7,13,21,22,24,28,35
0,2,5,8,11,13,21,22,24,28
0,2,5,7,13,22,24,26,28,35
0,2,5,7,13,22,26,29,33,36
0,2,5,7,13,21,22,26,35,36
0,2,5,7,13,20,21,27,28,33
0,2,5,7,13,20,23,27,35,38
0,2,5,7,13,20,27,29,31,36
0,2,5,7,13,20,28,33,36,38
0,2,5,7,13,21,26,28,31,33
0,2,5,7,13,20,28,31,33,38
0,2,5,7,13,20,21,28,33,36
0,2,5,7,23,27,28,30,31,35
0,2,5,7,13,20,23,28,31,35
0,2,5,7,13,20,28,31,33,36
0,2,5,7,13,23,28,29,31,36
0,2,5,11,17,20,26,31,33,38
0,2,5,7,13,23,28,29,35,36
0,2,5,8,14,17,21,23,28,36
0,2,5,7,14,20,23,29,35,38
0,2,5,8,11,13,26,31,33,38
0,2,5,11,17,20,25,31,33,38
0,2,5,7,13,21,28,33,36,38
0,2,5,7,14,21,23,25,27,33
0,2,5,8,14,17,23,28,30,35
0,2,5,11,17,20,25,27,33,38
0,2,5,7,13,20,23,29,35,38
0,2,5,7,13,20,23,27,29,36
0,2,5,7,13,20,27,29,36,38
0,2,5,7,13,20,23,33,36,38
0,2,5,7,13,20,33,35,36,38
0,2,5,7,13,28,29,31,33,35
0,2,5,7,13,20,29,31,33,35
0,2,5,7,13,26,27,28,29,31
0,2,5,7,10,12,15,17,21,31
0,1,2,3,8,9,10,11,30,31
0,1,2,3,8,9,14,15,22,28
0,2,5,7,13,21,27,31,36,38
0,2,5,7,13,26,27,29,31,33
0,2,5,7,13,27,29,31,33,36
0,2,5,7,13,21,23,33,36,38
0,2,5,7,14,21,23,25,28,30
0,2,5,7,13,21,27,33,36,38
0,2,5,8,11,13,24,29,31,36
0,1,2,3,9,12,14,15,20,28
0,1,2,3,9,10,12,15,20,28
0,1,2,3,9,10,12,15,23,29
0,1,2,7,8,10,13,15,21,29
0,1,2,7,10,12,13,15,21,29
0,1,2,3,8,15,24,25,26,31
0,1,2,3,8,15,24,25,30,39
0,1,2,3,8,15,23,25,31,39
0,1,2,7,8,14,15,23,25,31
0,1,2,4,18,20,24,27,31,37
0,1,2,3,4,20,22,24,31,37
0,1,2,3,4,20,22,25,31,37
0,1,2,3,4,20,22,25,28,31
0,1,2,3,4,5,26,28,30,38
0,1,2,3,5,18,24,27,29,39
0,1,2,3,4,25,28,31,37,39
0,1,2,3,4,5,26,28,30,39
0,1,2,3,10,11,12,13,26,28
0,1,2,4,5,9,13,17,23,28
0,1,2,4,5,9,13,17,23,26
0,1,2,4,5,17,23,26,28,31
0,1,2,3,4,5,20,22,25,27
0,1,2,3,4,5,20,22,25,28
0,1,2,3,5,18,21,23,25,28
0,1,2,3,5,18,21,23,26,28
0,1,2,4,5,17,20,23,25,28
0,1,2,3,4,5,23,25,27,29
0,1,2,3,4,5,21,23,25,28
0,1,2,3,5,18,21,24,26,29
0,1,2,3,4,11,12,13,20,28
0,1,2,3,4,11,13,24,27,31
0,1,2,3,4,5,25,27,29,31
0,1,2,3,5,18,23,25,27,29
0,1,3,5,12,16,21,23,25,34
0,1,2,3,5,18,23,26,28,31
0,1,2,3,5,18,23,26,29,36
0,1,2,4,9,13,17,22,24,35
0,1,3,5,8,12,16,21,23,36
0,1,2,3,10,11,12,13,20,29
0,1,2,3,4,5,20,22,24,26
0,1,2,3,4,11,13,27,29,31
0,1,2,3,5,18,24,26,36,39
0,1,2,4,5,9,13,17,23,35
0,1,2,3,5,18,20,23,26,38
0,1,2,3,5,18,21,23,26,38
0,1,2,3,5,18,23,26,31,38
0,1,2,4,5,9,13,17,22,26
0,1,2,4,5,9,13,17,26,38
0,1,3,5,8,21,23,25,29,36
0,1,3,5,8,21,23,25,29,31
0,1,2,3,5,18,24,26,31,39
0,1,2,4,5,17,21,23,26,38
0,1,2,4,5,17,22,25,30,38
0,1,2,3,8,15,21,24,26,39
0,1,2,7,8,15,21,24,26,38
0,1,3,6,8,22,25,34,37,39
0,1,3,6,18,20,22,24,26,34
0,1,3,6,8,22,25,31,34,39
0,1,3,6,8,24,26,31,34,39
0,1,2,3,8,15,21,25,28,39
0,1,2,3,8,15,21,24,26,28
0,1,3,6,8,22,24,26,28,31
0,1,3,6,8,22,28,31,34,39
0,1,2,3,8,15,21,24,26,29
0,1,3,6,8,22,24,26,28,34
0,1,3,6,18,25,27,29,31,39
0,1,3,6,8,22,24,27,30,39
0,1,2,3,8,15,24,26,29,31
0,1,2,3,8,15,24,26,31,39
0,1,2,3,8,15,22,25,36,39
0,1,2,7,8,14,15,22,25,35
0,1,3,6,8,21,23,28,31,36
0,1,3,6,8,23,25,28,31,36
0,1,3,6,8,21,23,25,31,39
0,1,3,6,8,25,28,31,36,39
0,1,2,3,8,15,21,23,25,28
0,1,3,6,18,22,24,26,28,36
0,1,3,6,8,21,24,27,36,39
0,1,2,3,8,15,21,23,26,28
0,1,3,6,8,24,27,29,31,36
0,1,3,6,8,24,27,30,36,39
0,1,3,6,8,24,29,31,36,39
0,1,2,3,8,9,14,15,25,39
0,1,2,3,8,15,21,23,26,38
0,1,2,3,8,15,21,23,25,38
0,1,2,3,4,20,22,25,28,37
0,1,2,3,4,20,22,24,26,28
0,1,3,4,7,17,20,23,25,28
0,1,2,3,4,21,23,25,37,39
0,1,2,4,18,20,23,25,35,37
0,1,3,4,7,17,20,22,25,28
0,1,2,4,18,22,25,29,35,38
0,1,3,4,7,17,20,22,24,26
0,1,2,4,18,20,22,25,29,38
0,1,3,4,7,17,20,22,24,38
0,1,3,4,7,10,14,17,21,25
0,1,2,3,4,24,26,29,31,37
0,1,3,4,7,17,21,24,31,34
0,1,3,4,7,17,25,28,31,34
0,1,2,4,22,24,29,31,35,37
0,1,3,7,21,23,25,30,34,36
0,1,3,4,7,17,21,25,31,37
0,1,2,4,18,22,24,26,29,31
0,1,2,3,9,10,11,24,31,38
0,1,2,3,9,10,12,23,25,37
0,1,2,8,11,14,22,24,35,38
0,1,2,3,9,10,12,20,26,28
0,1,2,8,11,14,21,25,27,38
0,1,2,3,4,20,27,29,31,38
0,1,3,4,7,17,20,24,31,38
0,1,2,4,18,21,27,29,35,38
0,1,2,3,5,18,20,22,24,31
0,1,2,3,5,18,21,24,31,38
0,1,2,4,9,13,17,30,37,39
0,1,2,3,5,18,20,22,24,38
0,1,3,5,8,12,16,31,36,38
0,1,2,3,9,10,12,30,36,38
0,1,2,8,11,14,28,31,35,37
0,1,3,4,7,17,21,24,27,30
0,1,2,4,18,20,22,24,35,37
0,1,2,3,5,18,24,29,31,36
0,1,2,3,5,18,24,31,36,39
0,1,3,5,8,22,24,29,31,36
0,1,3,5,8,22,24,29,34,36
0,1,2,3,5,18,21,24,36,39
0,1,2,3,4,11,13,21,24,37
0,1,2,3,4,11,13,21,37,39
0,1,2,3,8,15,21,23,36,39
0,1,2,3,8,15,21,24,36,39
0,1,2,3,8,9,14,15,23,37
0,1,3,5,12,16,20,29,36,38
0,1,2,4,5,9,13,17,20,24
0,1,2,3,5,18,21,24,29,36
0,1,3,5,8,21,23,27,29,34
0,1,3,5,8,21,23,27,29,39
0,1,2,3,8,15,24,29,31,36
0,1,2,4,5,17,20,23,28,35
0,1,2,3,5,18,21,24,29,31
0,1,2,4,5,9,13,17,20,28
0,1,2,3,4,5,21,23,25,27
0,1,2,4,11,18,22,24,35,38
0,1,3,4,7,10,14,21,25,27
0,1,2,4,11,18,22,24,27,35
0,1,2,3,4,20,22,24,27,37
0,1,3,7,10,14,21,23,25,34
0,1,3,4,7,17,20,23,27,30
0,1,2,4,18,20,22,24,27,31
0,1,2,3,4,11,13,20,22,24
0,1,2,4,11,13,22,24,27,31
0,1,2,4,11,13,22,24,31,38
0,1,2,3,4,11,12,13,26,37
0,1,2,4,5,17,23,26,31,38
0,1,2,4,5,17,23,27,31,35
0,1,2,4,5,17,23,31,35,38
0,1,2,4,11,18,21,25,27,31
0,1,2,4,11,18,21,25,31,35
0,1,3,4,7,17,20,24,34,38
0,1,2,3,20,21,26,27,36,37
0,1,3,4,7,17,20,21,24,27
0,1,2,4,11,18,21,27,28,29
0,1,2,3,4,21,28,30,37,39
0,1,2,4,11,18,27,28,37,38
0,1,2,4,11,18,21,27,28,37
0,1,2,20,21,25,30,31,35,36
0,1,2,21,25,26,30,31,35,36
0,1,3,4,7,17,20,24,30,34
0,1,2,4,18,21,27,28,29,35
0,1,2,3,10,13,20,21,36,37
0,1,2,4,11,12,28,35,38,39
0,1,2,3,4,11,12,13,20,21
0,1,2,4,11,12,25,28,29,38
0,1,2,4,5,9,12,13,17,30
0,1,2,4,5,9,12,13,17,38
0,1,2,3,4,5,21,22,25,26
0,1,2,4,5,17,22,26,30,38
0,1,2,3,4,5,20,21,25,26
0,1,2,3,5,10,13,18,24,36
0,1,2,3,4,25,26,37,38,39
0,1,2,4,5,9,13,17,23,39
0,1,2,5,17,23,26,30,31,38
0,1,2,3,24,25,26,31,36,37
0,1,2,3,24,25,26,31,37,38
0,1,3,4,8,16,25,26,34,38
0,1,2,23,24,25,30,31,37,38
0,1,3,5,8,26,29,31,34,36
0,1,2,5,17,18,23,31,35,36
0,1,2,5,17,23,26,31,38,39
0,1,2,4,5,17,23,35,38,39
0,1,2,23,24,30,31,36,37,38
0,1,2,3,5,10,12,13,23,26
0,1,3,5,8,10,12,13,26,34
0,1,2,3,4,5,26,27,28,29
0,1,2,21,22,23,28,29,35,36
0,1,2,4,5,17,20,24,28,35
0,1,2,4,5,17,23,28,31,35
0,1,2,3,4,5,23,24,27,28
0,1,2,4,5,17,20,23,24,28
0,1,2,3,18,25,28,36,37,39
0,1,2,3,8,15,21,23,26,36
0,1,2,3,8,21,22,23,24,36
0,1,2,3,8,21,22,24,36,39
0,1,2,3,8,15,24,25,36,37
0,1,2,3,8,15,21,22,29,30
0,1,2,3,15,24,25,28,29,36
0,1,3,6,8,22,27,30,34,39
0,1,2,3,8,23,24,27,28,36
0,1,2,3,8,15,21,22,23,26
0,1,2,4,5,17,20,21,24,28
0,1,2,3,4,5,20,21,24,27
0,1,2,4,5,17,21,24,28,35
0,1,2,3,4,5,23,24,38,39
0,1,2,4,5,17,23,28,35,39
0,1,2,4,5,17,21,24,35,38
0,1,3,5,13,20,23,24,27,36
0,1,4,5,8,22,23,31,35,39
0,1,2,4,5,17,21,22,31,38
0,1,2,3,4,5,26,27,30,31
0,1,2,3,8,15,21,22,25,26
0,1,3,6,8,22,25,29,34,37
0,1,2,7,15,20,21,23,26,38
0,1,2,7,15,20,21,23,26,28
0,1,2,3,8,21,22,24,26,27
0,1,2,3,8,15,21,22,25,28
0,1,2,3,8,15,21,22,25,29
0,1,2,3,8,15,21,22,28,39
0,1,2,3,8,15,22,25,28,39
0,1,2,7,15,20,22,23,25,37
0,1,2,7,15,20,23,25,37,38
0,1,2,3,8,15,21,26,28,39
0,1,2,3,15,20,22,23,25,28
0,1,2,7,15,20,23,25,26,38
0,1,2,3,4,5,21,22,23,24
0,1,2,3,8,24,25,27,30,39
0,1,2,3,8,15,23,24,38,39
0,1,2,7,8,10,13,15,23,31
0,1,2,7,10,12,13,15,23,31
0,1,3,6,8,9,11,18,31,39
0,1,3,6,8,9,15,18,31,39
0,1,2,3,8,15,21,24,26,31
0,1,2,3,8,21,24,26,27,29
0,1,2,7,15,23,25,26,28,31
0,1,2,7,15,20,23,25,26,28
0,1,2,3,4,5,12,13,24,25
0,1,2,3,4,5,12,13,23,25
0,1,2,4,5,9,12,13,17,33
0,1,2,5,9,10,12,13,17,33
0,1,2,3,4,5,20,21,24,36
0,1,2,3,4,5,20,21,24,37
0,1,2,3,4,5,20,21,22,33
0,1,2,3,4,5,20,21,24,25
0,1,2,3,4,5,20,21,24,33
0,1,2,4,5,17,20,21,33,37
0,1,2,4,5,17,20,21,25,29
0,1,2,3,5,18,23,30,33,38
0,1,2,3,5,18,25,30,33,38
0,1,2,4,5,17,22,29,33,37
0,1,3,4,8,16,21,25,32,33
0,1,2,4,5,9,13,17,22,25
0,1,3,4,8,16,21,24,32,33
0,1,3,5,8,21,23,33,36,38
0,1,2,5,17,22,25,30,37,38
0,1,2,3,5,18,23,25,30,38
0,1,2,3,4,5,20,22,24,32
0,1,2,3,4,22,25,31,33,39
0,1,2,3,4,5,21,23,25,33
0,1,2,4,5,17,21,25,29,33
0,1,2,3,5,18,20,22,25,33
0,1,2,4,5,17,20,22,25,37
0,1,2,4,5,9,12,13,17,25
0,1,2,3,4,5,21,22,23,33
0,1,2,3,20,25,31,32,33,39
0,1,2,3,5,18,21,23,25,30
0,1,2,3,4,5,20,22,24,38
0,1,2,3,5,18,21,23,32,34
0,1,2,3,4,5,20,22,24,37
0,1,2,3,4,5,20,22,25,37
0,1,2,3,5,18,21,23,25,39
0,1,2,4,5,9,13,17,22,34
0,1,2,3,4,5,25,32,34,36
0,1,2,3,4,5,25,33,35,37
0,1,2,3,4,5,25,33,34,35
0,1,2,3,4,24,25,36,37,38
0,1,2,5,17,18,22,30,34,35
0,1,2,4,5,9,13,17,22,38
0,1,2,3,4,5,12,13,25,37
0,1,2,3,4,5,25,32,35,38
0,1,2,3,4,5,32,33,34,35
0,1,2,3,4,5,32,33,37,38
0,1,2,3,4,5,23,24,35,36
0,1,2,3,5,21,23,24,32,35
0,1,2,4,5,9,13,17,20,32
0,1,2,3,22,23,24,30,31,36
0,1,2,3,23,24,25,34,35,36
0,1,2,4,5,9,13,17,25,29
0,1,2,3,18,22,23,25,31,34
0,1,2,4,5,9,13,17,24,25
0,1,2,3,5,21,24,30,32,33
0,1,2,4,5,9,13,17,25,33
0,1,2,3,5,18,23,25,32,34
0,1,2,4,5,9,13,17,24,36
0,1,2,3,5,10,12,13,25,33
0,1,2,3,5,10,12,13,25,35
0,1,3,4,8,11,13,16,23,28
0,1,3,5,8,10,12,13,25,33
0,1,2,5,9,10,12,13,17,22
0,1,2,3,4,5,22,23,24,34
0,1,2,3,4,5,24,25,34,35
0,1,2,4,21,23,25,29,31,33
0,1,2,3,4,5,24,25,32,33
0,1,2,5,17,18,22,25,29,30
0,1,3,4,8,16,23,25,31,33
0,1,3,4,8,16,23,25,33,35
0,1,2,3,4,5,22,23,24,25
0,1,3,4,8,16,23,25,28,33
0,1,3,5,8,13,18,20,22,25
0,1,3,5,8,13,18,20,22,28
0,1,3,5,8,13,18,25,28,30
0,1,2,3,4,23,24,25,36,37
0,1,2,3,5,18,22,25,35,37
0,1,2,3,5,22,24,25,35,37
0,1,2,4,5,9,13,17,25,37
0,1,2,3,5,18,21,35,37,39
0,1,2,3,5,18,22,25,30,35
0,1,2,4,5,17,21,25,29,34
0,1,3,4,8,16,24,25,33,37
0,1,2,4,5,17,21,25,29,37
0,1,2,3,5,18,22,25,30,37
0,1,2,3,23,24,25,30,36,37
0,1,2,22,23,24,29,30,36,37
0,1,3,5,8,25,28,30,33,35
0,1,2,5,17,22,25,29,30,37
0,1,2,5,9,10,12,13,17,34
0,1,2,4,5,17,25,29,32,35
0,1,2,3,4,5,32,34,36,38
0,1,2,3,5,18,30,33,35,38
0,1,2,3,4,5,33,34,35,36
0,1,2,3,4,5,20,21,33,34
0,1,2,3,4,5,20,21,36,37
0,1,2,3,4,5,32,33,36,37
0,1,2,4,5,17,25,29,32,33
0,1,2,4,5,17,25,29,33,37
0,1,2,5,17,25,30,33,37,38
0,1,2,4,5,17,20,21,25,33
0,1,2,3,4,23,25,31,34,37
0,1,2,4,21,23,25,33,35,37
0,1,2,3,4,5,20,21,37,38
0,1,2,4,5,17,21,25,37,38
0,1,2,4,5,17,20,21,25,37
0,1,2,4,5,17,20,25,32,37
0,1,2,4,5,17,21,25,32,35
0,1,2,3,4,5,24,35,36,37
0,1,2,4,5,9,13,17,21,37
0,1,2,4,5,17,21,32,35,38
0,1,4,5,8,20,21,24,28,32
0,1,2,4,5,17,21,24,36,37
0,1,2,3,4,5,24,34,36,37
0,1,2,3,4,5,24,32,34,36
0,1,2,3,4,5,24,32,33,37
0,1,2,5,17,18,21,29,33,34
0,1,2,3,5,18,21,33,36,38
0,1,2,3,5,18,23,30,32,38
0,1,2,3,5,18,23,30,35,36
0,1,2,22,23,29,30,35,36,37
0,1,2,3,5,18,23,30,35,38
0,1,2,4,5,17,22,34,37,38
0,1,3,5,8,21,23,28,33,35
0,1,3,5,8,21,23,28,30,35
0,1,2,3,5,18,20,23,35,38
0,1,3,5,8,12,16,28,33,35
0,1,2,3,5,10,13,18,21,33
0,1,2,3,5,18,21,30,32,34
0,1,2,3,5,18,30,32,34,36
0,1,3,5,12,16,21,28,30,32
0,1,2,4,9,13,17,22,29,31
0,1,2,4,5,9,13,17,34,38
0,1,2,3,5,10,12,13,30,33
0,1,2,5,9,10,12,13,17,30
0,1,3,5,8,10,12,13,21,33
0,1,2,3,4,5,12,13,23,35
0,1,2,3,5,10,13,18,20,23
0,1,2,3,5,10,13,18,23,35
0,1,2,20,21,22,23,34,35,39
0,1,3,5,8,13,18,20,23,35
0,1,2,3,5,20,22,23,32,34
0,1,2,4,21,23,31,33,35,39
0,1,2,3,4,5,12,13,34,35
0,1,2,3,5,13,18,23,34,36
0,1,2,3,4,11,12,13,33,34
0,1,2,4,9,11,12,13,22,34
0,1,3,5,10,12,21,23,30,32
0,1,3,5,12,16,21,23,30,32
0,1,2,3,4,5,23,34,35,36
0,1,2,4,5,9,13,17,20,36
0,2,4,7,9,11,20,22,29,38
0,2,4,7,9,11,20,22,23,31
0,2,4,7,9,11,20,22,23,25
0,2,4,7,9,11,20,22,29,31
0,2,4,7,9,11,20,22,34,36
0,2,4,7,9,11,20,22,31,36
0,2,4,7,9,11,20,22,25,31
0,2,4,7,11,15,23,25,27,35
0,2,4,7,11,15,23,27,35,38
0,2,4,7,9,11,20,25,34,36
0,2,4,7,9,11,20,23,25,27
0,2,4,7,9,11,23,25,27,32
0,2,4,7,9,11,22,23,25,32
0,2,4,7,9,11,22,25,27,32
0,2,4,7,9,11,22,25,27,34
0,2,4,7,9,11,20,22,27,29
0,2,4,7,9,11,20,22,32,34
0,2,4,7,9,11,22,23,25,34
0,2,4,11,13,24,27,32,35,38
0,2,4,7,9,11,20,25,27,32
0,2,4,7,9,11,20,25,27,36
0,2,4,7,9,11,20,27,29,31
0,2,4,7,9,11,20,23,27,36
0,2,4,7,9,11,20,27,29,36
0,2,4,7,9,11,20,32,34,36
0,2,4,7,9,11,20,23,25,31
0,2,4,7,9,11,20,25,27,34
0,2,4,7,9,11,20,23,25,38
0,2,4,7,9,11,20,27,29,38
0,2,4,7,9,11,20,23,29,31
0,2,4,7,9,11,20,21,23,29
0,2,4,7,9,11,20,23,25,34
0,2,4,7,9,11,20,23,25,29
0,2,4,7,9,11,20,25,29,31
0,2,4,7,9,11,21,23,25,27
0,2,4,7,9,11,25,27,29,34
0,2,4,7,9,11,20,27,34,36
0,2,4,7,9,11,20,27,36,38
0,2,4,7,11,15,20,31,35,36
0,2,4,7,11,15,23,27,31,35
0,2,4,7,9,11,20,22,24,36
0,2,4,7,9,11,20,22,23,24
0,2,4,7,9,11,20,22,25,27
0,2,4,7,9,11,20,34,36,38
0,2,4,7,9,11,27,32,34,39
0,2,4,7,9,11,21,29,34,36
0,2,4,7,9,11,25,27,29,32
0,2,4,7,11,15,20,25,27,32
0,2,4,7,9,11,24,25,27,34
0,2,4,7,9,11,24,25,27,36
0,2,4,7,9,11,24,27,29,36
0,2,4,7,9,11,21,24,27,29
0,2,4,7,9,11,22,25,27,39
0,2,4,7,9,11,21,24,27,32
0,2,4,7,9,11,21,22,27,32
0,2,4,7,9,11,21,27,32,36
0,2,4,7,9,11,20,25,31,36
0,2,4,7,11,15,20,27,31,36
0,2,4,7,11,15,27,31,35,38
0,2,4,7,9,11,20,24,27,31
0,2,4,7,9,11,20,27,31,34
0,2,4,7,9,11,20,29,32,36
0,2,4,7,11,15,25,31,32,38
0,3,7,11,15,20,23,24,27,31
0,2,4,7,9,20,21,27,34,37
0,2,4,7,11,15,22,23,34,35
0,2,4,7,11,15,23,27,34,35
0,2,5,9,13,17,20,21,25,32
0,2,4,7,9,11,20,24,31,32
0,2,5,9,13,17,25,29,30,37
0,2,4,7,11,15,20,24,31,35
0,2,4,9,13,17,21,25,29,37
0,2,5,9,13,17,20,21,24,25
0,2,5,9,17,21,24,27,30,32
0,2,4,7,9,11,22,24,27,32
0,2,4,7,9,22,25,27,37,39
0,2,4,7,9,22,24,25,27,39
0,2,4,7,9,11,20,22,31,32
0,2,4,7,9,11,20,27,32,39
0,2,4,7,9,11,24,27,29,32
0,2,4,7,9,11,20,22,24,32
0,2,4,7,11,15,20,27,31,35
0,2,7,11,15,20,23,27,32,35
0,2,4,7,9,24,25,31,32,37
0,2,4,7,9,11,24,27,32,39
0,2,4,7,9,20,22,25,27,32
0,2,7,11,15,22,27,30,35,38
0,2,7,11,15,23,27,30,35,38
0,2,4,7,11,15,23,27,35,39
0,2,4,7,9,11,23,24,31,36
0,2,4,7,9,12,17,21,24,29
0,2,4,7,9,12,17,21,29,31
0,2,4,7,9,11,21,23,32,34
0,2,4,7,9,11,24,32,34,39
0,2,4,7,9,12,17,21,29,34
0,2,4,7,9,23,24,29,36,37
0,2,4,7,9,11,21,23,24,32
0,2,4,7,11,21,24,27,32,35
0,2,4,7,9,11,21,23,31,32
0,2,4,7,11,15,24,32,34,36
0,2,4,11,13,21,24,27,33,36
0,2,4,9,13,17,21,25,29,33
0,2,4,7,11,15,23,24,27,32
0,2,4,7,11,15,23,27,32,36
0,2,4,7,12,17,21,24,27,29
0,2,4,7,12,17,21,24,29,34
0,2,4,7,12,17,21,22,24,29
0,2,4,7,12,17,21,24,29,36
0,2,4,7,12,17,22,27,29,34
0,2,4,7,17,20,22,27,29,36
0,2,4,7,12,17,21,22,27,31
0,2,4,7,12,21,22,23,27,37
0,2,4,7,12,17,27,29,37,39
0,2,4,7,12,17,22,34,37,39
0,2,4,7,12,21,23,25,27,34
0,2,4,7,12,21,22,23,25,39
0,2,4,7,12,17,21,29,31,39
0,2,4,7,12,17,24,29,31,36
0,2,4,7,12,17,21,24,36,39
0,2,4,7,12,21,23,24,25,27
0,2,4,7,12,21,23,25,27,36
0,2,4,7,12,23,25,27,29,36
0,2,4,7,12,21,25,27,31,36
0,2,4,7,12,17,20,21,25,31
0,2,4,7,12,17,20,21,24,31
0,2,4,7,12,17,20,21,25,29
0,2,4,7,12,21,24,27,31,35
0,2,4,7,12,23,24,27,31,35
0,2,4,7,12,21,27,31,35,36
0,2,4,7,12,23,24,29,35,36
0,2,4,7,12,21,24,27,35,36
0,2,4,7,12,23,27,31,35,39
0,2,4,7,12,17,24,27,29,32
0,2,4,7,12,17,24,27,32,39
0,2,4,7,12,17,21,27,32,36
0,2,4,7,12,17,21,27,29,34
0,2,4,7,9,11,22,24,31,34
0,2,4,7,9,11,21,24,32,34
0,2,5,7,10,12,15,17,22,32
0,1,2,3,8,9,10,15,22,23
0,1,2,3,8,10,11,13,23,35
0,1,3,6,8,9,11,14,21,33
0,1,2,3,10,11,12,13,21,23
0,1,2,3,10,11,12,13,22,24
0,1,2,3,10,11,12,13,21,22
0,2,5,7,10,12,21,23,30,32
0,2,5,7,10,15,23,27,32,38
0,2,5,10,12,15,22,23,32,33
0,2,5,13,15,22,32,34,36,38
0,2,5,7,10,15,23,29,34,38
0,2,5,10,12,15,23,24,33,34
0,2,5,13,15,23,25,27,29,33
0,2,5,7,10,12,15,17,24,29
0,2,5,7,10,21,27,30,32,38
0,2,5,7,10,21,23,29,32,38
0,2,5,7,10,12,15,17,24,34
0,2,5,7,10,12,21,23,32,34
0,1,2,3,9,12,14,15,25,33
0,1,3,8,18,20,21,33,38,39
0,1,2,3,8,21,24,33,38,39
0,1,2,7,8,14,15,24,32,38
0,1,2,3,10,13,20,23,25,37
0,1,3,8,13,18,20,23,35,38
0,1,2,7,15,20,22,25,37,39
0,1,3,6,8,13,18,25,30,33
0,2,5,7,10,12,15,17,22,27
0,2,5,10,12,17,21,24,32,35
0,2,5,13,15,20,24,34,36,38
0,2,5,7,10,15,20,25,29,34
0,1,2,3,8,15,22,24,30,36
0,2,5,7,10,12,21,27,29,35
0,2,5,7,10,17,21,24,27,30
0,2,5,7,10,15,24,29,30,35
0,2,5,8,10,21,27,29,33,35
0,2,5,10,12,17,21,27,33,39
0,2,5,7,10,15,23,24,29,38
0,2,5,7,10,15,23,32,37,38
0,2,5,7,10,12,23,29,35,37
0,2,5,8,10,21,23,29,35,38
0,2,5,8,10,21,23,33,35,38
0,2,5,10,12,17,21,27,33,35
0,2,5,10,12,17,21,27,29,35
0,2,5,7,10,17,29,32,35,38
0,2,5,8,10,21,25,27,33,35
0,2,5,8,10,21,27,30,33,39
0,2,5,10,12,17,25,27,33,39
0,2,5,7,13,20,21,27,32,34
0,2,5,7,13,20,25,27,32,34
0,2,5,7,13,21,23,25,27,32
0,2,5,7,13,23,25,34,35,36
0,2,5,7,13,20,27,34,36,38
0,2,5,7,13,20,21,23,32,35
0,2,5,7,13,20,23,25,32,35
0,2,5,7,14,21,27,30,32,35
0,2,5,11,13,23,24,25,32,38
0,2,5,7,13,23,25,27,29,34
0,2,5,11,13,23,24,25,32,34
0,2,5,7,13,23,25,27,29,36
0,2,5,11,13,21,23,32,33,34
0,2,5,7,13,21,23,25,27,34
0,2,5,11,13,21,27,32,33,34
0,2,5,7,13,21,23,25,32,34
0,2,5,8,11,13,21,33,36,38
0,2,5,7,13,23,25,27,32,34
0,2,5,8,11,13,24,27,29,32
0,2,5,7,13,20,21,22,23,25
0,2,5,7,13,20,23,25,27,30
0,2,5,7,13,20,23,25,30,35
0,2,5,7,20,22,23,27,35,39
0,2,5,7,13,20,23,25,27,32
0,1,2,3,8,15,20,22,35,38
0,1,2,3,8,15,20,23,35,38
0,1,2,3,8,15,20,22,25,35
0,1,2,3,8,15,20,23,35,36
0,2,5,7,13,21,22,29,30,34
0,2,5,7,13,21,22,29,30,32
0,2,5,7,13,22,27,29,30,32
0,2,5,7,13,21,22,29,34,37
0,2,5,7,13,22,27,29,32,34
0,2,5,7,13,21,29,32,34,37
0,2,5,7,14,22,24,27,35,39
0,2,5,7,13,27,30,32,35,37
0,2,5,7,13,21,22,27,29,34
0,2,5,7,14,21,30,35,37,39
0,2,5,7,13,21,27,29,35,37
0,2,5,7,14,21,27,35,37,39
0,2,5,7,13,21,22,27,34,35
0,2,5,7,13,22,27,30,32,35
0,2,5,7,13,21,27,30,32,35
0,1,2,7,8,14,15,22,30,36
0,1,2,7,8,14,15,23,29,31
0,2,5,7,14,24,29,30,35,37
0,1,2,7,15,20,23,35,37,38
0,1,3,6,8,22,28,31,36,39
0,1,3,6,18,21,23,31,37,39
0,1,2,7,15,20,22,23,35,37
0,1,2,3,8,15,20,24,25,30
0,1,2,3,8,15,22,23,37,38
0,2,5,7,13,20,21,23,25,27
0,2,5,8,11,13,23,25,30,38
0,1,2,3,8,15,30,31,32,33
0,2,5,7,13,23,24,29,36,38
0,2,5,7,13,23,29,34,36,38
0,1,2,3,8,15,20,22,25,37
0,1,3,6,8,21,24,30,33,38
0,1,3,6,18,21,23,25,33,39
0,1,3,6,8,23,25,30,33,38
0,1,3,6,8,21,24,33,36,38
0,1,2,3,8,15,20,23,25,38
0,1,2,3,15,22,23,30,38,39
0,1,2,3,8,15,20,23,24,31
0,1,2,3,8,20,21,24,25,33
0,1,2,3,8,15,20,23,33,38
0,1,2,3,8,15,23,31,33,36
0,1,2,3,8,15,23,31,36,38
0,1,2,3,10,11,12,13,23,25
0,2,5,7,10,12,23,25,32,34
0,2,5,8,11,13,20,23,35,38
0,2,5,11,13,23,25,34,35,36
0,2,5,7,13,22,25,34,35,38
0,2,5,7,13,20,23,27,35,36
0,2,5,7,13,20,23,25,35,38
0,2,5,7,13,22,23,30,35,38
0,1,2,3,10,11,12,13,23,24
0,1,2,3,8,9,10,11,32,33
0,1,2,3,9,10,12,15,25,33
0,1,2,3,8,11,13,14,24,36
0,1,3,6,8,11,13,14,24,36
0,1,2,3,8,9,14,23,24,32
0,2,5,7,13,20,22,27,29,34
0,2,5,7,14,23,25,32,37,38
0,2,5,7,14,23,25,27,29,38
0,2,5,11,13,20,27,29,34,35
0,1,2,3,8,9,10,15,23,31
0,1,2,7,10,12,13,15,23,35
0,1,2,3,8,15,23,25,30,38
0,1,3,6,8,21,24,28,33,36
0,2,5,7,13,20,25,29,30,37
0,2,5,7,13,22,25,29,30,37
0,2,5,7,13,22,27,29,35,37
0,2,5,11,13,20,25,27,34,38
0,2,5,11,17,20,25,27,32,38
0,2,5,8,14,17,22,30,35,37
0,1,2,3,9,10,11,12,24,25
0,1,2,3,8,9,10,15,23,30
0,1,2,3,8,10,13,15,23,35
0,1,3,6,8,9,11,18,21,33
0,1,2,7,8,9,14,15,22,29
0,1,2,7,8,15,20,29,30,35
0,1,2,7,8,13,15,20,22,25
0,1,2,7,8,9,14,21,23,32
0,1,2,7,9,14,23,25,32,34
0,1,2,7,8,14,15,22,29,35
0,1,2,7,8,14,15,22,25,39
0,1,2,7,8,15,20,25,30,35
0,1,2,7,8,14,15,22,23,24
0,1,2,7,8,14,15,24,25,39
0,1,2,7,8,14,15,22,23,30
0,1,2,7,8,14,21,23,31,37
0,1,2,7,8,21,22,23,24,32
0,1,6,8,13,14,23,25,33,35
0,1,2,7,14,15,22,24,29,34
0,1,2,7,8,14,21,22,29,39
0,1,2,7,8,14,21,29,35,39
0,1,2,7,8,20,21,22,30,39
0,1,2,8,14,21,22,23,31,33
0,1,2,8,14,21,23,29,31,33
0,1,6,8,13,14,21,23,33,35
0,1,2,7,8,15,20,22,30,35
0,1,2,7,8,14,15,22,23,37
0,1,2,7,8,15,20,23,37,38
0,1,6,8,13,14,21,23,29,31
0,1,6,8,13,14,21,23,31,33
0,1,2,7,14,15,22,30,32,37
0,1,2,7,8,14,15,25,32,39
0,1,6,8,13,14,23,25,31,33
0,1,2,7,8,14,15,23,24,31
0,1,2,7,15,31,32,34,36,37
0,1,2,8,14,23,24,25,33,35
0,1,2,8,14,23,25,31,33,35
0,1,6,8,13,14,23,25,35,37
0,1,2,7,8,14,15,23,24,29
0,1,2,7,8,21,22,30,31,36
0,1,2,7,8,9,14,15,23,30
0,1,2,7,8,14,15,23,24,38
0,1,2,7,8,9,14,21,30,39
0,1,2,7,8,9,14,21,30,32
0,1,2,7,9,14,21,23,30,32
0,1,2,7,8,9,14,15,25,32
0,1,2,7,8,24,29,30,38,39
0,1,2,3,8,9,10,15,32,39
0,1,2,3,8,11,13,14,24,32
0,1,2,3,8,9,11,14,24,32
0,1,2,3,8,20,21,22,23,39
0,1,2,3,20,22,32,34,36,38
0,1,3,8,18,31,36,37,38,39
0,1,2,3,21,23,31,33,36,38
0,1,2,3,20,21,31,34,37,38
0,1,2,3,20,23,33,36,37,39
0,1,2,3,8,15,22,24,37,39
0,1,2,3,8,15,24,32,37,38
0,1,3,8,18,20,32,37,38,39
0,1,2,3,15,32,33,34,36,37
0,1,2,3,15,24,33,36,38,39
0,1,2,3,8,9,10,11,23,24
0,1,2,3,9,12,14,15,24,36
0,1,2,3,8,15,22,24,35,37
0,1,2,3,8,20,21,22,23,35
0,1,2,3,8,20,21,23,35,38
0,1,2,3,8,10,13,15,23,31
0,1,2,3,9,10,12,15,23,31
0,1,2,3,8,11,13,14,21,23
0,1,2,7,9,10,12,15,22,30
0,1,2,3,8,11,13,14,23,35
0,1,2,7,8,20,21,29,30,35
0,1,2,3,8,9,14,22,23,31
0,1,2,7,8,9,21,22,30,31
0,1,2,7,9,14,22,24,31,33
0,1,2,7,8,9,14,15,20,32
0,1,2,7,8,9,14,15,20,26
0,1,2,7,8,9,14,22,31,33
0,1,2,7,8,9,14,20,22,31
0,1,2,3,8,9,11,14,23,34
0,1,2,3,9,12,14,15,23,35
0,1,2,3,8,11,13,14,22,36
0,1,2,7,8,10,13,15,21,36
0,1,2,7,9,12,14,15,23,35
0,1,2,7,8,9,14,15,20,27
0,1,2,7,8,9,14,15,20,21
0,1,2,7,8,9,14,15,20,28
0,1,2,3,8,9,14,15,22,34
0,1,2,3,8,11,13,14,22,34
0,1,2,7,8,20,28,29,34,39
0,1,2,7,8,9,14,15,21,28
0,1,2,7,8,13,15,21,24,29
0,1,3,6,8,9,11,14,22,37
0,1,3,6,8,11,13,14,22,34
0,1,3,6,8,9,11,14,22,34
0,1,2,3,8,9,11,14,22,34
0,1,2,7,8,9,21,22,32,33
0,1,2,7,9,14,22,24,26,33
0,1,2,7,9,14,22,24,33,35
0,1,2,7,8,9,14,22,24,33
0,1,2,7,9,10,12,15,23,35
0,1,2,3,9,10,12,15,23,35
0,1,2,7,8,22,23,28,33,34
0,1,2,7,8,13,15,23,28,33
0,1,2,7,8,9,14,15,22,35
0,1,2,3,4,5,12,13,26,27
0,1,2,3,5,10,12,13,27,35
0,1,2,3,4,5,26,27,28,35
0,1,2,3,5,18,24,26,28,35
0,1,2,3,5,18,22,24,33,35
0,1,2,4,9,13,17,21,23,34
0,1,2,4,5,9,13,17,28,36
0,1,2,3,4,5,26,27,28,37
0,1,2,3,4,5,28,29,30,37
0,1,2,3,5,24,26,27,35,38
0,1,2,3,4,25,26,32,33,34
0,1,2,3,5,18,24,26,31,34
0,1,2,4,5,9,13,17,26,34
0,1,2,3,5,18,24,26,33,35
0,1,2,3,5,18,26,33,35,37
0,1,3,5,12,16,24,26,33,35
0,1,2,4,5,9,13,17,30,34
0,1,2,3,5,26,29,35,37,38
0,1,2,4,5,9,13,17,30,38
0,1,2,5,9,10,12,13,17,26
0,1,2,3,10,11,12,13,24,25
0,1,2,3,4,5,12,13,35,36
0,1,2,3,5,10,12,13,24,36
0,1,2,3,5,13,18,24,35,37
0,1,3,5,12,16,24,31,33,35
0,1,3,5,8,10,12,13,24,36
0,1,2,3,5,10,13,18,26,34
0,1,2,3,5,18,24,27,32,34
0,1,2,3,4,25,26,27,33,34
0,1,2,4,5,9,13,17,23,31
0,1,2,3,5,18,26,28,31,34
0,1,2,3,5,18,26,29,31,34
0,1,2,3,4,5,28,30,32,34
0,1,2,3,18,24,25,27,33,36
0,1,2,3,4,20,21,32,33,39
0,1,2,3,5,18,21,31,33,38
0,1,2,4,5,9,13,17,21,33
0,1,2,3,5,18,31,33,36,39
0,1,2,3,5,18,31,34,36,39
0,1,2,4,9,13,17,23,30,32
0,1,2,3,4,5,22,23,24,33
0,1,2,3,4,5,24,25,26,33
0,1,2,3,5,18,22,24,26,33
0,1,3,5,12,16,20,22,24,31
0,1,2,4,5,9,13,17,24,28
0,1,2,4,5,9,13,17,24,32
0,1,2,3,5,18,20,22,31,33
0,1,2,3,5,18,20,23,26,33
0,1,2,4,9,13,17,21,32,39
0,1,2,3,18,23,24,26,31,33
0,1,2,4,5,9,13,17,26,30
0,1,2,3,4,24,25,26,32,33
0,1,2,4,5,9,13,17,22,30
0,1,2,3,5,23,26,32,34,35
0,1,2,3,4,5,25,26,27,34
0,1,2,4,5,9,13,17,27,31
0,1,2,4,5,9,13,17,28,32
0,1,2,3,4,5,24,25,26,27
0,1,2,3,5,18,22,24,26,28
0,1,3,5,12,16,20,22,24,33
0,1,2,3,5,18,20,23,25,28
0,1,2,3,4,11,12,13,25,26
0,1,2,4,5,9,12,13,17,35
0,1,2,5,9,10,12,13,17,35
0,1,2,5,9,10,12,13,17,23
0,1,3,5,8,10,12,13,26,38
0,1,3,5,12,16,26,33,35,37
0,1,2,3,4,5,30,31,32,33
0,1,3,5,12,16,26,28,30,39
0,1,2,3,4,5,35,36,37,38
0,1,2,3,5,18,20,23,28,35
0,1,2,4,5,9,13,17,27,39
0,1,2,3,4,5,12,13,23,24
0,1,2,5,9,10,12,13,17,32
0,1,2,3,5,10,13,18,24,32
0,1,2,4,5,9,12,13,17,36
0,1,2,5,9,10,12,13,17,24
0,1,3,5,8,10,12,13,22,30
0,1,3,5,8,10,12,13,27,35
0,1,3,5,12,16,22,24,26,35
0,1,2,3,5,10,13,18,22,30
0,1,2,3,4,5,20,21,22,23
0,1,2,3,5,18,22,24,27,30
0,1,2,3,5,18,22,25,27,30
0,1,2,3,5,18,24,27,29,32
0,1,2,3,5,10,13,18,22,29
0,1,2,4,5,9,12,13,17,21
0,1,2,4,5,9,13,17,21,25
0,1,2,3,5,10,13,18,25,37
0,1,2,3,5,10,12,13,27,37
0,1,2,5,9,10,12,13,17,21
0,1,3,5,8,10,12,13,24,32
0,1,3,5,12,16,21,23,32,39
0,1,2,3,5,18,22,24,27,29
0,1,2,4,5,9,13,17,21,29
0,1,2,3,5,18,21,24,27,39
0,1,2,3,5,18,22,24,27,39
0,1,2,3,5,10,12,13,29,39
0,1,3,5,8,10,12,13,29,37
0,1,3,5,8,10,12,13,31,39
0,1,2,3,5,10,12,13,20,28
0,1,3,5,8,10,12,13,20,28
0,1,2,3,10,11,12,13,27,28
0,1,2,3,10,11,12,13,27,29
0,1,2,3,4,11,12,13,29,30
0,1,2,3,4,11,12,13,38,39
0,1,2,4,5,9,13,17,23,27
0,1,2,3,4,5,12,13,27,39
0,1,2,3,5,10,13,18,27,39
0,1,2,5,9,10,12,13,17,28
0,1,2,5,9,10,12,13,17,36
0,1,2,4,5,9,13,17,27,35
0,1,2,3,5,10,13,18,20,28
0,1,2,3,4,5,12,25,27,28
0,1,2,3,5,10,12,13,28,38
0,1,2,5,9,10,12,13,17,38
0,1,2,3,4,5,12,13,21,29
0,1,2,3,4,5,12,13,20,28
0,1,2,5,9,10,12,13,17,20
0,1,2,3,5,10,13,18,21,29
0,1,2,3,5,10,13,18,23,31
0,1,2,3,5,18,20,22,24,26
0,1,3,5,12,16,20,22,31,38
0,1,3,5,8,10,12,13,23,31
0,1,2,3,5,10,13,18,26,38
0,1,3,6,8,9,11,14,21,26
0,1,2,7,8,10,13,15,25,33
0,1,2,3,8,9,10,15,20,21
0,1,2,3,8,9,11,14,26,34
0,1,3,6,8,9,11,14,26,34
0,1,2,3,8,9,14,15,20,34
0,1,2,3,8,9,10,15,26,34
0,1,2,7,9,10,12,15,27,35
0,1,2,3,8,9,11,14,26,35
0,1,2,7,9,12,14,15,27,35
0,1,2,3,8,9,11,14,21,35
0,1,2,3,9,12,14,15,27,35
0,1,3,6,8,9,15,18,21,33
0,1,2,3,8,9,14,15,27,33
0,1,2,7,9,12,14,15,25,33
0,1,2,3,8,9,10,15,21,33
0,1,2,3,8,10,13,15,21,33
0,1,2,7,10,12,13,15,25,33
0,1,2,7,9,10,12,15,25,33
0,1,2,3,8,9,10,15,21,34
0,1,2,3,8,11,13,14,26,34
0,1,3,6,8,9,11,14,29,34
0,1,3,6,8,11,13,14,26,34
0,1,2,7,8,10,13,15,21,33
0,1,2,3,8,10,13,15,26,34
0,1,2,3,8,9,14,15,20,26
0,1,2,3,8,10,13,15,31,38
0,1,2,3,9,10,12,15,26,38
0,1,2,3,9,12,14,15,26,38
0,1,2,3,8,9,10,15,26,39
0,1,2,3,8,9,10,11,31,32
0,1,2,3,8,9,11,14,23,31
0,1,2,3,8,11,13,14,23,31
0,1,2,3,8,9,14,15,24,38
0,1,2,3,9,12,14,15,24,32
0,1,2,7,8,9,14,26,35,37
0,1,2,7,8,9,14,15,21,27
0,1,2,7,8,9,14,26,28,37
0,1,2,7,9,14,26,28,30,37
0,1,2,7,9,14,26,28,37,39
0,1,2,7,9,14,21,28,30,39
0,1,2,7,8,9,14,15,20,33
0,1,2,7,8,20,21,26,31,32
0,1,2,7,8,9,14,15,25,26
0,1,2,7,8,9,14,23,32,34
0,1,2,7,8,9,14,15,25,39
0,1,2,7,8,9,14,15,25,38
0,1,2,7,8,9,14,28,37,39
0,1,2,7,8,9,14,28,30,39
0,1,2,7,8,13,23,28,29,38
0,1,2,7,8,15,23,32,33,38
0,1,2,7,8,23,24,32,33,38
0,1,2,7,8,9,14,24,26,35
0,1,2,7,9,14,23,25,27,34
0,1,2,7,9,14,23,25,34,36
0,1,2,7,8,9,14,23,25,34
0,1,2,7,8,13,15,24,26,29
0,1,2,7,8,9,14,15,26,33
0,1,2,7,9,14,24,26,28,35
0,1,2,7,9,14,24,26,35,37
0,1,2,3,8,9,10,11,23,35
0,1,2,7,8,9,14,24,33,35
0,1,2,3,8,9,11,14,25,37
0,1,2,3,8,9,10,15,24,25
0,1,2,3,8,10,11,13,25,37
0,1,2,3,8,11,13,14,25,37
0,1,2,7,8,22,23,31,32,37
0,1,3,6,8,9,11,14,23,35
0,1,3,6,8,9,11,18,20,32
0,1,2,3,8,9,11,14,23,28
0,1,2,3,8,9,14,15,23,29
0,1,2,3,8,11,13,14,23,25
0,1,2,3,8,10,13,15,24,32
0,1,2,3,9,10,12,15,24,32
0,1,3,6,8,9,15,18,30,38
0,1,3,6,8,11,13,14,23,35
0,1,2,7,10,12,13,15,22,30
0,1,2,7,8,10,13,15,22,30
0,1,2,3,8,9,11,14,23,35
0,1,2,7,8,9,14,20,29,31
0,1,3,6,8,9,11,18,21,29
0,1,3,6,8,9,15,18,21,29
0,1,3,6,8,9,11,14,21,29
0,1,2,3,8,9,14,15,29,35
0,1,2,3,8,9,11,14,21,32
0,1,2,3,9,10,12,15,21,33
0,1,2,3,8,9,11,14,20,32
0,1,3,6,8,9,11,14,20,32
0,1,2,7,9,10,12,15,21,33
0,1,2,7,10,12,13,15,21,33
0,1,2,7,8,23,28,29,37,38
0,1,2,7,8,9,14,15,31,38
0,1,2,7,8,13,15,24,29,34
0,1,2,7,8,23,24,29,34,35
0,1,3,6,8,9,11,18,29,37
0,1,3,6,8,9,15,18,29,37
0,1,2,3,9,12,14,15,23,31
0,1,3,6,8,9,11,14,29,37
0,1,2,7,9,10,12,15,30,38
0,1,2,3,8,9,14,15,32,38
0,1,3,6,8,9,11,14,24,32
0,1,3,6,8,9,11,18,24,32
0,1,2,3,9,10,12,15,24,36
0,1,2,3,8,10,13,15,24,36
0,1,2,7,8,10,13,15,31,39
0,1,3,6,8,11,13,14,24,32
0,1,2,7,9,10,12,15,24,36
0,1,2,7,9,12,14,15,24,36
0,1,2,7,10,12,13,15,24,36
0,1,2,7,8,10,13,15,24,36
0,1,2,7,9,12,14,15,23,31
0,1,2,3,8,10,13,15,31,39
0,1,3,6,8,11,13,14,29,37
0,1,3,6,8,9,15,18,24,32
0,1,2,7,9,12,14,15,30,38
0,1,2,3,8,15,31,32,34,36
0,1,2,3,8,15,31,34,36,38
0,1,2,3,8,15,22,25,27,29
0,1,2,3,8,15,22,25,27,30
0,1,2,3,8,9,14,15,21,27
0,1,2,3,8,15,20,23,25,28
0,1,2,3,8,15,24,25,27,32
0,1,2,3,8,15,24,27,29,32
0,1,2,3,8,15,26,27,29,34
0,1,2,3,8,15,26,29,31,34
0,1,2,3,8,15,22,24,27,39
0,1,2,3,8,9,14,15,20,32
0,1,2,3,8,15,20,21,33,38
0,1,2,3,8,15,21,33,36,38
0,1,2,3,8,15,28,31,33,36
0,1,2,7,8,14,15,20,21,22
0,1,2,7,8,14,15,20,22,28
0,1,2,7,8,14,15,20,21,29
0,1,2,7,8,14,15,20,21,35
0,1,2,7,8,14,15,21,29,34
0,1,2,7,8,14,15,21,22,23
0,1,2,7,8,14,15,21,22,29
0,1,2,7,8,14,22,24,28,34
0,1,2,7,8,15,22,23,25,28
0,1,2,8,14,22,24,26,28,34
0,1,2,8,14,24,26,34,35,36
0,1,6,8,13,14,26,28,34,36
0,1,2,7,8,15,23,25,28,35
0,1,2,7,14,15,22,27,35,37
0,1,2,3,8,15,20,22,27,37
0,1,2,3,8,15,22,24,27,29
0,1,2,3,8,15,20,22,23,24
0,1,3,6,8,23,26,28,30,35
0,1,3,6,8,23,26,28,30,38
0,1,3,6,8,23,28,30,35,38
0,1,3,6,8,23,26,29,35,38
0,1,3,6,18,24,26,28,30,38
0,1,2,7,15,22,24,25,27,30
0,1,2,7,15,22,24,27,29,30
0,1,2,7,15,21,22,24,27,29
0,1,2,3,8,20,22,23,25,28
0,1,2,7,15,21,22,24,27,39
0,1,2,3,8,15,20,22,25,27
0,1,3,6,8,20,23,26,35,38
0,1,3,6,18,21,23,25,27,35
0,1,2,3,8,15,20,23,25,30
0,1,2,7,15,22,24,25,27,39
0,1,2,3,5,18,20,22,24,27
0,1,2,4,5,17,22,24,27,39
0,1,2,3,5,18,22,24,30,35
0,1,2,3,5,18,22,27,28,35
0,1,2,3,8,15,20,21,24,27
0,1,2,3,8,15,20,21,27,38
0,1,2,3,8,15,21,24,27,38
0,1,2,7,15,20,22,25,27,39
0,1,2,7,15,20,22,25,27,28
0,1,2,3,15,21,22,24,27,30
0,1,2,7,15,20,22,23,25,28
0,1,2,3,8,15,21,24,27,30
0,1,2,3,8,15,21,23,24,27
0,1,2,3,8,15,23,25,28,30
0,1,2,3,4,5,25,27,29,37
0,1,2,3,4,5,25,26,29,30
0,1,2,3,5,18,23,26,28,38
0,1,2,4,5,17,22,25,27,30
0,1,2,4,5,17,22,27,34,38
0,1,2,4,5,17,22,27,30,34
0,1,2,3,5,18,23,28,30,35
0,1,3,6,8,21,26,29,33,38
0,1,2,3,8,15,23,28,30,35
0,1,3,6,8,21,23,26,29,38
0,1,3,6,8,21,24,26,30,36
0,1,3,6,8,21,24,30,33,36
0,1,3,6,8,24,26,28,30,36
0,1,2,7,15,22,25,27,28,30
0,1,3,6,8,21,24,26,29,36
0,1,2,3,8,15,20,21,24,28
0,1,2,3,8,15,20,21,24,37
0,1,3,6,8,21,27,30,33,38
0,1,3,6,8,21,23,25,27,33
0,1,2,3,8,22,23,26,27,35
0,1,3,6,8,21,26,28,33,36
0,1,3,6,8,21,24,27,33,36
0,1,2,3,8,20,21,22,23,24
0,1,4,5,8,21,24,25,28,37
0,1,2,3,4,5,24,25,29,30
0,1,2,4,5,17,21,24,27,30
0,1,2,3,4,5,21,22,26,27
0,1,2,4,5,17,21,24,27,34
0,1,2,4,5,17,21,22,34,38
0,1,2,3,20,22,24,26,36,38
0,1,3,8,18,20,21,22,23,35
0,1,2,3,4,5,22,23,26,27
0,1,2,4,5,17,22,23,27,34
0,1,2,20,21,22,27,28,34,35
0,1,2,4,5,17,22,23,27,39
0,1,2,3,4,5,22,23,37,38
0,1,2,4,5,17,20,23,27,34
0,1,2,4,5,17,20,23,27,39
0,1,2,4,5,17,22,27,34,39
0,1,3,5,8,20,22,26,28,33
0,1,3,5,8,20,22,26,28,38
0,1,2,4,5,17,22,30,34,37
0,1,2,4,5,17,22,25,30,37
0,1,2,4,5,17,22,25,26,30
0,1,2,4,5,17,22,23,26,30
0,1,2,4,5,17,20,21,30,37
0,1,2,4,5,17,20,23,30,34
0,1,2,4,5,17,20,23,34,37
0,1,4,5,8,21,22,30,34,38
0,1,2,4,5,17,20,23,26,37
0,1,4,5,8,20,21,24,33,37
0,1,2,4,5,17,21,24,25,29
0,1,2,3,8,15,20,22,24,37
0,1,2,7,15,22,24,25,37,39
0,1,2,3,5,18,20,22,25,37
0,1,3,5,8,20,22,24,28,30
0,1,3,5,8,20,22,24,28,35
0,1,2,3,8,15,21,24,35,37
0,1,2,7,8,14,15,21,24,34
0,1,3,6,8,20,22,24,27,35
0,1,3,6,8,22,24,27,30,35
0,1,3,6,8,20,22,27,30,35
0,1,2,7,15,21,22,24,36,39
0,1,2,7,15,22,24,36,37,39
0,1,2,3,8,15,21,24,35,38
0,1,3,6,8,20,22,24,30,38
0,1,3,6,8,22,24,27,30,38
0,1,3,6,8,24,27,30,35,38
0,1,2,3,8,15,22,23,24,29
0,1,2,3,8,15,21,22,36,37
0,1,2,7,8,14,15,21,22,36
0,1,2,3,8,22,23,24,25,26
0,1,2,3,8,15,22,24,29,37
0,1,2,7,15,22,23,25,28,30
0,1,2,3,8,15,21,23,28,36
0,1,2,3,8,15,21,23,28,38
0,1,2,5,17,18,20,27,35,39
0,1,3,8,18,21,22,23,24,36
0,1,3,8,18,22,23,24,25,37
0,1,3,8,18,23,24,25,26,38
0,1,2,3,22,24,27,29,37,39
0,1,3,4,8,16,21,26,30,37
0,1,2,5,17,22,23,27,30,35
0,1,2,5,17,22,23,30,35,38
0,1,3,5,8,21,23,26,28,38
0,1,2,3,4,5,25,26,27,38
0,1,2,3,20,22,24,26,28,38
0,1,2,3,4,5,20,22,30,38
0,1,2,4,5,17,21,24,27,38
0,1,2,3,4,5,22,24,26,34
0,1,2,3,4,5,26,34,36,38
0,1,2,3,4,5,26,28,30,32
0,1,2,3,4,5,27,29,31,39
0,1,2,3,4,5,26,33,36,37
0,1,2,3,4,5,21,28,31,32
0,1,2,3,4,5,20,28,36,38
0,1,2,3,8,15,20,21,27,28
0,1,2,3,8,15,20,27,28,36
0,1,2,3,8,15,20,26,28,34
0,1,2,3,8,15,20,21,27,34
0,1,2,3,8,15,21,27,35,39
0,1,2,3,15,26,27,35,36,38
0,1,2,3,8,15,20,23,26,36
0,1,2,3,4,5,23,24,27,36
0,1,2,3,4,5,24,26,28,36
0,1,2,3,8,15,22,23,26,34
0,1,2,4,5,17,20,23,24,33
0,1,2,3,8,15,20,21,24,31
0,1,2,3,8,15,21,22,25,33
0,1,2,3,8,15,20,21,24,32
0,1,2,3,8,15,24,25,26,33
0,1,2,3,8,15,24,25,32,33
0,1,2,3,5,21,23,24,33,35
0,1,2,4,5,17,20,24,28,32
0,1,2,3,8,15,21,22,28,34
0,1,2,3,8,15,24,26,27,33
0,1,2,3,8,15,24,27,30,33
0,1,2,3,8,15,21,24,28,31
0,1,2,3,8,15,24,27,31,34
0,1,2,3,8,15,24,26,27,30
0,1,2,3,8,15,21,32,35,38
0,1,2,3,8,15,21,34,35,38
0,1,2,3,8,15,21,35,38,39
0,1,3,6,8,21,27,35,37,39
0,1,2,3,8,15,20,21,28,29
0,1,2,3,8,15,26,32,34,38
0,1,2,3,8,26,27,35,37,38
0,1,2,3,4,5,21,28,29,30
0,1,2,3,8,15,27,31,33,39
0,1,2,7,8,14,15,25,31,33
0,1,2,3,8,15,20,21,28,31
0,1,2,4,5,17,25,28,29,38
0,1,2,4,5,17,22,25,28,31
0,1,2,3,4,5,26,27,28,38
0,1,2,3,4,5,26,27,30,33
0,1,2,3,4,5,26,27,28,39
0,1,2,4,5,17,23,26,27,36
0,1,2,3,4,5,23,24,27,30
0,1,2,3,4,5,24,31,32,35
0,1,2,3,4,5,20,21,24,32
0,1,2,4,5,17,20,29,36,39
0,1,2,3,4,5,24,25,28,36
0,1,2,4,5,17,25,26,29,33
0,1,2,4,5,17,20,23,24,36
0,1,2,4,5,17,20,23,26,29
0,1,4,5,8,20,23,24,27,36
0,1,2,3,8,15,22,24,28,34
0,1,2,3,8,15,22,24,28,36
0,1,2,3,8,15,20,23,24,27
0,1,2,3,8,15,20,22,24,26
0,1,2,3,8,15,20,23,24,37
0,1,2,3,8,15,20,23,26,37
0,1,2,7,8,14,15,23,26,36
0,1,3,6,8,20,22,24,26,32
0,1,2,7,8,14,15,23,31,37
0,1,2,3,4,5,21,23,31,39
0,1,2,3,8,15,22,24,25,28
0,1,2,3,8,15,22,25,28,29
0,1,2,3,8,15,22,24,28,31
0,1,2,7,8,14,15,21,24,28
0,1,3,6,8,25,27,29,31,37
0,1,2,3,8,15,22,25,28,31
0,1,2,3,4,5,24,31,34,35
0,1,2,4,5,17,20,21,24,32
0,1,2,4,5,17,21,22,25,32
0,1,2,4,5,17,22,25,36,39
0,1,4,5,8,20,23,24,32,36
0,1,2,3,8,15,20,23,26,27
0,1,2,3,8,15,20,22,23,29
0,1,2,3,8,15,20,23,26,29
0,1,2,3,8,15,20,23,27,30
0,1,2,4,5,17,23,26,29,32
0,1,2,3,4,5,23,24,27,31
0,1,4,5,8,23,26,27,30,39
0,1,2,4,5,17,22,25,28,39
0,1,2,4,5,17,24,25,28,32
0,1,2,3,8,15,23,26,29,30
0,1,2,3,8,15,23,25,26,32
0,1,2,3,8,15,23,25,29,32
0,1,2,3,8,15,23,26,29,32
0,1,2,3,4,5,23,25,27,35
0,1,2,3,4,5,25,26,29,33
0,1,4,5,8,22,25,26,29,38
0,1,2,3,8,15,23,27,29,35
0,1,2,3,4,5,22,23,24,35
0,1,2,4,5,17,23,24,27,31
0,1,2,3,4,5,23,30,31,32
0,1,2,3,4,5,23,31,33,35
0,1,2,3,4,5,23,31,32,35
0,1,2,3,8,15,20,21,33,37
0,1,2,4,5,17,23,30,33,34
0,1,2,3,4,5,33,35,37,39
0,1,2,4,5,17,23,35,36,39
0,1,2,3,8,15,21,23,29,37
0,1,2,3,8,15,20,23,34,37
0,1,3,6,8,21,23,29,37,39
0,1,2,3,8,15,22,28,34,36
0,1,2,7,8,14,15,21,23,29
0,1,2,7,8,14,15,21,27,29
0,1,2,7,8,14,15,21,27,34
0,1,2,8,14,21,23,25,27,33
0,1,2,8,14,23,25,33,34,35
0,1,2,7,23,24,26,33,34,36
0,1,2,8,14,23,25,27,33,35
0,1,2,8,23,24,25,33,34,35
0,1,2,8,14,23,25,27,29,35
0,1,2,8,14,25,27,35,36,37
0,1,2,7,8,14,22,30,32,36
0,1,2,7,8,22,23,31,32,33
0,1,2,8,14,22,23,24,32,34
0,1,2,8,14,22,24,30,32,34
0,1,2,7,8,14,15,20,21,32
0,1,2,7,8,14,15,24,25,26
0,1,2,7,8,14,15,24,25,32
0,1,2,7,20,21,23,30,31,33
0,1,2,7,8,14,28,30,31,38
0,1,2,7,8,14,15,24,31,38
0,1,2,8,20,21,22,30,31,32
0,1,2,8,14,20,22,24,30,32
0,1,2,8,14,20,22,30,31,32
0,1,2,7,8,14,15,20,26,28
0,1,2,7,8,14,15,20,26,32
0,1,2,7,8,14,15,20,21,39
0,1,2,7,8,14,20,22,26,32
0,1,2,8,14,20,22,24,26,32
0,1,2,8,14,22,24,32,33,34
0,1,2,8,22,23,24,32,33,34
0,1,2,8,14,22,24,26,32,34
0,1,2,7,8,14,15,20,21,28
0,1,2,7,8,14,15,20,27,39
0,1,2,7,8,14,15,20,23,27
0,1,2,3,8,15,26,29,33,36
0,1,2,7,8,14,20,27,37,39
0,1,2,7,8,14,15,25,26,33
0,1,2,7,8,14,25,26,33,35
0,1,2,7,25,26,28,35,36,38
0,1,2,7,8,14,27,28,35,37
0,1,2,7,8,14,15,21,25,28
0,1,2,7,8,14,25,27,37,38
0,1,2,7,20,27,28,30,37,38
0,1,4,5,8,21,25,28,29,32
0,1,2,3,8,15,20,28,34,36
0,1,2,3,8,15,29,32,35,38
0,1,3,6,8,24,32,34,36,38
0,1,2,3,8,15,29,31,32,35
0,1,2,3,8,20,28,29,37,39
0,1,2,7,8,14,15,20,28,34
0,1,2,7,8,25,26,34,35,36
0,1,2,7,8,14,25,33,35,39
0,1,2,7,8,14,15,20,27,33
0,1,2,7,8,14,27,33,37,39
0,1,2,7,8,20,28,37,38,39
0,1,2,8,14,27,29,37,38,39
0,1,2,8,14,25,27,29,31,37
0,1,2,8,25,26,27,35,36,37
0,1,2,8,14,25,27,29,35,37
0,1,2,8,14,27,28,29,37,39
0,1,2,8,14,21,27,29,35,37
0,1,2,8,27,28,29,37,38,39
0,1,2,8,14,21,27,29,31,37
0,1,2,8,14,25,26,27,35,37
0,1,2,8,14,25,27,33,35,37
0,1,2,3,4,5,28,29,32,35
0,1,2,4,5,17,21,25,28,31
0,1,2,4,5,17,21,28,31,32
0,1,2,3,4,5,31,33,35,37
0,1,2,4,5,17,25,28,31,34
0,1,2,3,8,15,26,29,32,33
0,1,2,3,8,15,26,28,32,35
0,1,2,7,8,14,15,25,28,32
0,1,3,6,8,21,29,31,33,35
0,1,2,3,8,15,26,29,32,35
0,1,2,7,8,14,15,20,26,34
0,1,2,8,14,21,27,29,31,33
0,1,2,8,14,20,21,29,31,39
0,1,6,8,13,14,21,31,33,39
0,1,2,7,8,15,23,27,28,33
0,1,2,7,8,15,20,23,27,28
0,1,2,7,8,15,20,23,28,33
0,1,2,7,14,15,20,22,27,32
0,1,2,7,8,15,20,28,33,38
0,1,6,8,13,14,21,29,31,39
0,1,2,3,15,20,21,28,36,37
0,1,2,3,4,5,22,23,31,38
0,1,2,4,5,17,23,31,35,39
0,1,2,3,4,5,20,23,31,38
0,1,2,3,4,20,23,29,31,37
0,1,2,4,5,17,20,23,35,38
0,1,2,4,5,17,22,27,35,39
0,1,2,3,15,20,22,23,28,37
0,1,6,8,13,14,21,27,29,39
0,1,2,3,4,21,23,29,32,35
0,1,2,3,8,15,21,29,34,35
0,1,2,3,8,20,29,34,35,37
0,1,2,4,5,17,22,23,27,35
0,1,2,4,5,17,23,30,35,38
0,1,2,3,8,20,31,34,37,39
0,1,2,3,8,15,21,31,34,36
0,1,2,3,8,31,34,36,37,39
0,1,2,3,8,15,20,23,34,36
0,1,2,3,8,15,20,33,36,38
0,1,3,6,8,22,31,34,36,39
0,1,2,3,8,15,21,23,36,38
0,1,2,3,8,15,21,31,36,37
0,1,2,8,14,22,30,31,36,39
0,1,2,3,8,22,23,31,38,39
0,1,2,7,15,20,21,23,35,38
0,1,3,6,8,23,26,29,34,37
0,1,2,3,8,20,22,23,34,37
0,1,2,7,15,21,33,35,36,38
0,1,3,6,8,20,26,29,34,37
0,1,2,7,15,20,21,33,35,38
0,1,3,6,8,21,26,29,34,39
0,1,2,7,15,21,23,35,36,38
0,1,3,6,18,21,29,35,37,39
0,1,3,6,8,21,22,26,31,34
0,1,3,6,8,22,26,31,34,39
0,1,2,4,5,17,20,23,27,35
0,1,2,5,17,20,23,28,35,36
0,1,2,3,5,18,21,23,28,36
0,1,3,4,8,16,22,23,30,31
0,1,3,5,8,21,31,34,36,39
0,1,2,3,5,18,21,28,33,36
0,1,2,4,5,17,20,32,35,36
0,1,2,7,14,15,20,28,30,35
0,1,2,3,8,15,21,29,34,36
0,1,2,4,5,17,20,27,32,36
0,1,2,5,17,18,20,28,32,33
0,1,2,3,4,5,30,31,35,36
0,1,2,3,5,18,21,28,30,36
0,1,2,3,5,18,21,28,33,34
0,1,3,5,8,21,26,31,33,39
0,1,3,5,8,21,26,28,33,35
0,1,2,20,21,27,28,33,34,35
0,1,3,4,8,16,22,23,31,35
0,1,2,5,17,20,23,27,28,35
0,1,3,4,8,16,22,23,31,34
0,1,3,5,8,23,26,28,31,33
0,1,2,3,5,18,28,31,33,36
0,1,2,3,4,5,31,32,35,36
0,1,2,5,17,23,28,31,35,36
0,1,2,3,5,18,24,29,31,33
0,1,2,3,5,18,24,29,31,34
0,1,2,3,5,18,29,32,34,37
0,1,2,3,4,5,31,32,36,37
0,1,2,3,4,5,24,31,32,36
0,1,3,4,8,16,23,24,32,36
0,1,2,5,17,21,28,29,33,36
0,1,3,4,8,16,23,24,32,35
0,1,3,5,8,24,27,29,32,34
0,1,2,3,5,18,22,24,29,37
0,1,2,4,5,17,21,28,33,36
0,1,2,3,4,23,26,29,35,37
0,1,2,3,4,27,28,29,35,36
0,1,2,5,17,18,21,25,26,33
0,1,2,4,5,17,25,28,29,33
0,1,2,3,5,18,24,26,29,34
0,1,2,4,5,17,21,24,26,29
0,1,2,7,8,15,21,24,27,29
0,1,2,3,8,24,27,29,30,32
0,1,2,3,8,15,24,27,29,34
0,1,2,7,15,23,26,28,29,31
0,1,3,6,8,22,25,27,30,37
0,1,3,6,8,22,25,31,34,37
0,1,2,7,15,21,23,24,26,29
0,1,2,7,15,21,23,26,28,29
0,1,3,6,8,22,27,29,34,37
0,1,3,6,8,22,25,28,34,37
0,1,3,6,18,23,25,27,29,37
0,1,2,3,8,15,24,27,29,31
0,1,6,8,13,14,22,25,27,37
0,1,6,8,13,14,27,29,35,37
0,1,2,7,8,15,24,29,34,36
0,1,6,8,13,14,25,27,35,37
0,1,2,7,8,15,22,27,32,37
0,1,2,7,8,15,22,24,32,37
0,1,2,7,14,15,24,26,31,36
0,1,2,7,15,23,24,26,29,31
0,1,2,23,24,29,30,31,36,37
0,1,2,3,5,18,24,29,32,37
0,1,3,5,8,22,24,29,31,35
0,1,3,5,8,22,27,29,35,37
0,1,2,4,5,17,28,31,32,36
0,1,2,3,8,15,22,23,29,37
0,1,2,3,8,24,25,28,29,37
0,1,3,6,8,20,23,27,32,35
0,1,2,5,17,21,24,28,29,36
0,1,2,4,5,17,24,28,32,36
0,1,3,6,8,20,22,25,28,37
0,1,2,8,14,22,25,28,36,37
0,1,2,4,5,17,21,24,29,36
0,1,2,5,17,21,24,29,36,37
0,1,3,5,8,20,22,32,35,37
0,1,3,4,8,16,20,24,31,32
0,1,2,5,17,18,21,22,29,37
0,1,2,3,4,5,24,25,28,29
0,1,3,6,8,20,23,25,27,35
0,1,3,6,8,23,25,27,29,35
0,1,3,6,8,20,23,29,32,35
0,1,3,6,8,20,23,25,28,35
0,1,2,7,15,21,24,26,27,29
0,1,2,3,8,15,22,25,27,32
0,1,2,3,8,22,27,28,30,33
0,1,2,3,22,23,25,28,31,34
0,1,3,8,18,22,27,28,29,30
0,1,2,7,8,14,15,21,22,27
0,1,6,8,13,14,25,27,33,35
0,1,2,7,8,14,15,20,21,25
0,1,2,7,8,14,15,20,25,26
0,1,2,7,8,14,15,20,21,26
0,1,2,3,8,21,26,27,29,32
0,1,2,8,14,20,23,26,31,32
0,1,3,6,8,20,23,26,32,35
0,1,3,6,8,20,25,27,32,35
0,1,2,7,15,21,24,26,27,39
0,1,3,8,18,21,26,27,28,29
0,1,2,3,21,22,24,27,30,33
0,1,2,4,5,17,23,26,31,39
0,1,2,4,5,17,23,26,27,31
0,1,2,5,17,18,23,24,31,39
0,1,2,3,4,5,26,27,31,32
0,1,3,8,18,20,25,26,27,28
0,1,2,3,4,5,22,23,27,28
0,1,2,3,4,20,25,26,32,33
0,1,2,3,5,18,20,21,26,33
0,1,2,3,4,5,21,22,26,34
0,1,2,3,4,5,23,24,28,36
0,1,2,3,4,5,23,24,28,29
0,1,2,3,8,15,21,26,34,39
0,1,2,3,20,22,23,25,35,37
0,1,3,8,18,20,21,22,34,39
0,1,2,3,21,24,26,34,36,39
0,1,2,7,15,21,23,24,26,38
0,1,2,3,8,20,22,23,25,37
0,1,2,7,15,21,24,26,38,39
0,1,3,8,18,24,25,26,27,39
0,1,2,3,8,15,22,24,29,39
0,1,3,6,8,20,22,25,32,37
0,1,3,6,8,20,26,29,32,37
0,1,2,7,8,14,15,21,26,33
0,1,2,7,8,15,21,23,26,30
0,1,2,7,8,15,21,23,26,31
0,1,2,7,8,15,21,26,31,33
0,1,2,7,8,15,21,23,26,33
0,1,2,7,8,14,15,20,26,33
0,1,6,8,13,14,24,26,32,34
0,1,2,7,8,15,21,26,30,36
0,1,2,7,8,15,21,26,31,36
0,1,2,7,14,15,21,23,28,33
0,1,6,8,13,14,22,24,32,34
0,1,2,7,8,15,21,23,31,36
0,1,2,4,5,17,20,23,28,36
0,1,2,4,5,17,20,24,28,36
0,1,2,5,17,18,20,21,28,36
0,1,2,3,4,22,24,30,33,36
0,1,2,7,8,15,24,29,31,39
0,1,6,8,13,14,20,22,30,32
0,1,2,7,8,15,21,24,28,29
0,1,2,7,8,15,21,24,29,39
0,1,2,7,8,15,24,28,34,39
0,1,2,7,8,15,24,29,34,39
0,1,6,8,13,14,22,24,30,32
0,1,3,6,8,20,23,29,32,37
0,1,3,6,18,20,22,24,32,38
0,1,3,6,8,22,24,29,32,37
0,1,2,7,15,21,23,24,36,38
0,1,2,4,5,17,21,24,36,39
0,1,2,3,8,15,21,24,34,39
0,1,2,3,8,20,21,22,34,39
0,1,2,7,15,21,24,36,38,39
0,1,3,6,8,20,23,32,35,37
0,1,2,3,4,5,20,23,24,39
0,1,2,4,5,17,23,30,34,38
0,1,3,4,8,16,22,26,33,34
0,1,2,3,4,5,33,34,38,39
0,1,2,3,4,5,26,27,31,39
0,1,2,4,5,17,23,27,31,39
0,1,3,4,8,16,22,27,31,38
0,1,2,3,5,18,24,32,37,39
0,1,2,5,17,23,24,31,36,39
0,1,3,5,8,22,24,27,29,39
0,1,2,3,5,18,24,34,36,39
0,1,2,4,5,17,31,34,36,39
0,1,2,3,4,25,26,33,38,39
0,1,2,3,5,18,24,26,32,39
0,1,2,24,25,26,31,32,38,39
0,1,2,3,5,18,24,27,32,39
0,1,3,5,8,22,24,26,30,37
0,1,3,5,8,22,24,26,30,32
0,1,3,5,8,22,24,34,37,39
0,1,2,4,5,17,28,31,33,36
0,1,2,4,5,17,23,28,31,36
0,1,2,5,17,23,24,28,31,36
0,1,2,3,15,24,32,33,36,37
0,1,3,6,8,22,27,30,35,38
0,1,2,3,8,15,24,32,37,39
0,1,2,3,8,15,24,32,34,38
0,1,2,3,8,15,24,30,34,36
0,1,2,3,8,15,29,30,31,34
0,1,2,7,14,15,23,31,33,38
0,1,2,7,8,14,15,26,33,39
0,1,2,7,8,15,24,26,33,34
0,1,2,7,8,15,24,26,34,39
0,1,2,7,8,15,23,24,26,36
0,1,2,7,8,15,24,26,29,36
0,1,2,7,14,15,23,28,36,38
0,1,2,3,8,15,26,29,31,33
0,1,2,7,8,14,15,25,26,31
0,1,2,3,4,5,28,29,33,34
0,1,2,7,8,15,21,26,28,36
0,1,6,8,13,14,27,29,37,39
0,1,2,7,8,15,26,31,36,38
0,1,2,7,8,14,15,25,31,38
0,1,6,8,13,14,29,31,37,39
0,1,2,7,14,15,20,25,30,38
0,1,2,3,8,15,21,27,31,33
0,1,2,3,8,21,28,29,32,33
0,1,2,3,8,15,21,26,28,31
0,1,2,7,15,25,26,28,31,33
0,1,3,6,8,24,27,33,36,39
0,1,3,6,8,27,29,31,33,39
0,1,2,4,5,17,25,28,30,33
0,1,2,3,5,18,21,26,31,33
0,1,2,3,5,18,26,31,33,38
0,1,2,20,25,26,32,33,38,39
0,1,3,4,8,16,20,21,29,33
0,1,2,5,17,21,25,26,33,38
0,1,3,5,8,21,24,26,29,31
0,1,2,4,5,17,20,25,33,37
0,1,2,4,5,17,20,25,28,33
0,1,2,20,21,26,27,28,33,34
0,1,3,5,8,21,26,28,32,34
0,1,3,5,8,24,26,28,32,34
0,1,2,3,5,18,21,26,29,34
0,1,2,3,4,21,27,29,35,38
0,1,2,4,5,17,21,33,36,38
0,1,2,3,15,26,34,35,38,39
0,1,3,6,8,20,24,29,32,37
0,1,2,3,5,18,21,26,34,39
0,1,2,3,15,20,21,26,35,38
0,1,6,8,13,14,25,27,37,39
0,1,2,7,14,15,26,28,33,38
0,1,2,3,5,18,26,31,33,39
0,1,2,25,26,31,32,33,38,39
0,1,3,5,8,24,26,31,33,37
0,1,3,5,8,24,29,31,37,39
0,1,2,3,5,18,26,31,34,39
0,1,2,3,8,15,21,31,35,36
0,1,2,8,14,20,21,29,32,35
0,1,2,3,15,21,29,30,33,34
0,1,2,3,8,15,21,32,34,39
0,1,2,3,8,20,32,34,37,39
0,1,2,7,8,14,15,21,31,34
0,1,2,3,15,21,32,33,35,38
0,1,2,3,8,15,21,29,31,35
0,1,2,3,8,15,29,31,34,35
0,1,2,3,8,15,21,31,36,39
0,1,2,3,8,15,31,34,36,39
0,1,2,3,8,15,29,31,34,36
0,1,3,6,8,24,27,29,32,35
0,1,3,6,18,24,30,32,34,36
0,1,2,3,8,29,31,32,34,35
0,1,3,6,18,27,33,35,37,39
0,1,2,3,8,32,34,35,37,38
0,1,3,6,8,24,27,32,35,38
0,1,3,6,8,24,27,32,37,39
0,1,2,7,15,31,33,34,36,39
0,1,2,7,15,31,33,36,38,39
0,1,2,7,15,21,33,36,38,39
0,1,2,3,8,15,21,34,36,39
0,1,3,6,8,20,29,32,34,37
0,1,3,6,8,21,24,27,32,35
0,1,3,6,8,24,27,32,35,39
0,1,2,3,5,18,21,29,34,36
0,1,2,3,5,18,21,26,28,33
0,1,2,5,17,20,21,25,28,33
0,1,2,5,17,18,21,25,33,37
0,1,3,5,8,20,24,26,36,38
0,1,3,5,8,20,24,26,31,33
0,1,2,3,5,18,21,26,33,38
0,1,3,4,8,16,24,28,35,36
0,1,2,3,4,5,20,21,35,36
0,1,2,3,4,5,20,21,38,39
0,1,3,4,8,16,24,27,35,36
0,1,3,5,8,21,24,26,36,39
0,1,2,5,17,20,21,28,33,36
0,1,2,4,5,17,20,28,32,35
0,1,3,6,8,24,27,31,36,39
0,1,2,3,8,15,21,26,28,33
0,1,2,7,14,15,20,25,33,35
0,1,2,3,4,5,20,24,25,39
0,1,2,3,5,18,20,21,22,32
0,1,2,3,5,18,20,21,32,39
0,1,2,3,5,18,20,25,32,39
0,1,2,3,8,15,23,26,28,33
0,1,2,7,15,25,27,28,30,33
0,1,2,7,8,14,15,25,28,35
0,1,3,6,18,21,27,29,31,33
0,1,3,6,8,21,26,31,33,38
0,1,3,6,8,21,26,29,32,38
0,1,3,8,18,23,28,29,30,31
0,1,2,3,23,24,26,29,32,35
0,1,2,3,15,23,24,26,29,32
0,1,2,3,8,15,26,28,31,33
0,1,3,6,8,21,24,26,29,32
0,1,2,3,15,24,25,27,30,33
0,1,2,3,8,24,26,29,31,32
0,1,2,7,15,23,25,28,30,31
0,1,2,7,15,25,28,30,31,33
0,1,2,3,8,15,26,29,31,36
0,1,3,8,18,24,29,30,31,32
0,1,2,3,8,15,26,31,33,38
0,1,2,3,8,15,31,32,33,36
0,1,2,3,5,18,26,31,34,36
0,1,2,4,5,17,30,33,35,38
0,1,2,3,8,26,33,34,37,38
0,1,3,6,8,21,24,29,32,36
0,1,2,4,5,17,26,30,34,38
0,1,2,5,17,18,22,23,30,38
0,1,2,4,5,17,25,30,33,38
0,1,2,4,5,17,30,33,34,38
0,1,2,5,17,25,26,30,33,38
0,1,2,3,15,23,31,32,35,36
0,1,3,6,8,21,26,29,34,37
0,1,2,3,5,18,23,31,36,38
0,1,2,5,17,23,30,31,35,38
0,1,2,5,17,18,23,27,28,35
0,1,2,3,8,15,28,29,31,33
0,1,2,3,8,15,28,31,33,35
0,1,2,3,8,15,31,33,36,38
0,1,3,6,18,26,32,34,36,38
0,1,3,6,8,26,29,31,34,37
0,1,2,3,8,31,33,34,36,37
0,1,2,3,5,18,23,28,31,36
0,1,2,4,5,17,27,30,31,35
0,1,2,22,23,27,28,29,35,36
0,1,2,22,23,28,29,30,35,36
0,1,3,5,8,21,26,28,34,36
0,1,3,5,8,21,23,28,30,34
0,1,2,4,5,17,22,27,30,35
0,1,2,4,5,17,27,30,32,35
0,1,2,3,8,15,28,29,30,33
0,1,2,3,8,15,28,29,33,35
0,1,2,7,15,27,28,30,33,35
0,1,3,6,8,21,26,29,35,38
0,1,2,3,8,28,29,31,33,34
0,1,2,3,8,23,28,29,31,34
0,1,2,7,15,28,30,31,33,36
0,1,3,6,8,21,24,29,34,36
0,1,3,6,8,21,24,29,32,35
0,1,2,3,8,15,29,31,35,36
0,1,2,3,8,31,34,35,36,37
0,1,2,3,15,29,30,32,35,38
0,1,2,7,15,28,30,33,35,36
0,1,2,3,8,31,32,34,36,37
0,1,2,7,15,30,33,35,36,38
0,1,3,6,8,21,24,29,32,38
0,1,2,7,15,30,31,33,36,38
0,1,2,7,8,14,15,22,23,28
0,1,6,8,13,14,22,24,34,36
0,1,2,7,8,15,23,31,33,36
0,1,2,7,14,15,23,25,30,35
0,1,6,8,13,14,24,26,34,36
0,1,2,7,8,15,22,23,33,38
0,1,2,7,8,15,22,23,33,35
0,1,2,7,8,15,23,28,33,35
0,1,2,7,8,15,22,23,28,38
0,1,2,7,8,15,23,28,33,38
0,1,2,7,8,15,23,28,30,38
0,1,2,7,8,15,23,25,33,38
0,2,5,7,13,21,24,34,37,39
0,2,5,7,13,21,28,30,32,34
0,2,5,7,13,21,28,29,34,36
0,2,5,7,13,21,34,36,37,39
0,2,5,7,13,24,29,30,36,37
0,2,5,7,13,21,24,29,34,36
0,2,5,7,13,24,28,30,32,34
0,2,5,7,13,21,24,30,32,39
0,2,5,7,13,21,30,32,34,36
0,2,5,7,13,24,30,32,34,36
0,2,5,7,14,21,24,30,36,39
0,2,5,7,13,21,24,30,36,39
0,2,5,7,13,21,28,30,37,39
0,2,5,7,14,24,26,31,37,39
0,2,5,7,13,21,22,27,34,36
0,2,5,7,13,21,28,34,36,39
0,2,5,8,14,17,24,29,31,36
0,2,5,7,13,21,22,28,36,37
0,2,5,7,14,22,24,31,36,37
0,2,5,7,14,24,26,31,36,37
0,2,5,11,17,21,26,28,34,39
0,2,5,7,13,21,24,28,29,36
0,2,5,7,13,21,24,28,31,32
0,2,5,7,13,21,23,24,31,32
0,2,5,7,13,21,22,25,29,32
0,2,5,7,13,21,24,30,34,37
0,2,5,7,13,21,23,24,30,32
0,2,5,7,13,23,24,30,36,37
0,2,5,7,13,29,30,32,34,36
0,2,5,8,11,13,23,27,29,30
0,2,5,7,13,23,24,29,30,34
0,2,5,7,13,23,27,30,34,37
0,2,5,7,13,22,23,27,36,37
0,2,5,8,11,13,20,22,23,36
0,2,5,7,13,22,23,29,30,36
0,2,5,7,13,23,25,27,29,37
0,2,5,7,13,22,25,27,30,37
0,2,5,7,13,22,25,27,30,36
0,2,5,7,13,21,28,29,36,37
0,2,5,7,10,15,22,31,36,37
0,2,5,7,10,12,22,28,34,36
0,2,5,7,10,17,28,31,34,37
0,2,5,10,12,17,20,26,28,34
0,2,5,7,10,17,22,25,28,31
0,2,5,7,10,15,25,30,31,36
0,2,5,7,13,21,23,31,37,39
0,2,5,7,13,21,23,28,31,36
0,2,5,7,13,23,24,31,36,37
0,2,5,7,13,21,23,24,37,39
0,2,5,7,13,21,24,28,31,37
0,2,5,7,13,21,30,31,36,37
0,2,5,8,11,13,23,30,36,37
0,2,5,7,13,23,25,27,30,34
0,2,5,7,13,23,25,27,34,36
0,2,5,7,14,22,23,30,32,37
0,2,5,7,14,22,23,30,36,37
0,2,5,7,13,21,22,23,30,32
0,2,5,7,13,22,25,27,30,32
0,2,5,11,13,20,23,25,32,34
0,2,5,11,13,20,21,27,32,34
0,2,5,11,17,20,25,27,32,34
0,2,5,7,13,21,27,30,32,34
0,2,5,11,13,21,25,27,32,34
0,2,5,11,17,25,27,32,34,39
0,2,5,11,17,21,27,32,34,39
0,2,5,7,13,21,29,32,34,39
0,2,5,7,13,21,27,29,34,39
0,2,5,8,14,17,22,24,29,37
0,2,5,7,14,22,24,26,28,34
0,2,5,7,13,21,22,28,29,34
0,2,5,7,13,22,29,34,37,39
0,2,5,7,13,22,28,34,37,39
0,2,5,7,14,22,24,26,28,37
0,2,5,11,17,21,26,32,34,39
0,2,5,7,13,27,28,29,30,32
0,2,5,7,13,21,23,30,32,34
0,2,5,7,13,21,28,29,30,39
0,2,5,7,13,22,23,29,30,37
0,2,5,8,10,20,22,32,34,37
0,2,5,10,12,17,20,26,32,34
0,2,5,7,13,21,24,28,36,39
0,2,5,11,13,20,21,28,30,39
0,2,5,11,13,20,21,28,34,39
0,2,5,8,11,13,20,23,25,28
0,2,5,11,13,21,28,29,30,39
0,2,5,8,11,13,29,32,34,37
0,2,5,7,13,21,23,28,30,36
0,2,5,7,13,23,28,31,36,37
0,2,5,7,14,23,26,28,31,37
0,2,5,11,13,21,23,28,29,30
0,2,5,7,10,12,26,28,37,39
0,2,5,7,10,15,25,30,34,39
0,2,5,7,10,17,25,26,34,37
0,2,5,7,10,25,28,34,37,39
0,2,4,7,9,11,21,27,30,32
0,2,4,7,9,11,21,27,30,39
0,2,5,10,12,15,20,29,30,39
0,2,5,13,15,21,23,25,29,39
0,2,4,7,11,15,21,30,31,34
0,2,4,7,9,11,21,28,30,38
0,2,4,7,9,11,21,23,28,30
0,2,4,7,11,15,23,31,34,39
0,2,4,7,9,11,21,30,38,39
0,2,4,11,13,20,23,28,31,34
0,2,4,7,11,15,21,23,31,39
0,2,4,9,13,17,20,23,28,32
0,2,4,7,9,11,23,27,32,38
0,2,4,7,9,11,23,25,27,29
0,2,4,7,9,11,23,27,30,31
0,2,4,7,9,11,23,27,30,34
0,2,4,7,9,25,28,31,32,38
0,2,4,7,9,11,23,25,32,34
0,2,4,7,11,15,22,23,26,30
0,2,4,7,11,15,22,26,30,34
0,2,4,7,11,15,23,26,30,34
0,3,7,11,15,21,22,25,29,38
0,2,4,7,11,15,23,29,30,36
0,2,4,7,9,11,23,27,31,34
0,2,4,7,9,11,23,29,32,36
0,2,4,7,9,11,21,25,26,30
0,2,4,7,9,11,25,30,34,39
0,2,5,10,12,15,20,21,30,31
0,2,5,13,15,20,30,32,34,36
0,2,5,7,10,15,21,25,30,36
0,2,5,7,10,25,28,30,36,39
0,2,5,7,10,12,28,30,37,39
0,2,4,7,9,11,21,25,34,38
0,2,4,7,9,11,21,25,28,32
0,2,4,7,11,15,23,27,32,38
0,2,4,9,12,20,23,27,36,39
0,3,7,11,15,23,27,30,31,34
0,2,4,7,11,15,25,32,38,39
0,2,4,7,9,11,21,23,25,39
0,2,4,7,9,11,21,23,26,28
0,2,4,7,9,11,23,30,31,38
0,2,4,7,9,11,23,25,27,36
0,2,4,9,12,20,23,24,27,31
0,2,4,7,11,15,22,23,29,36
0,2,4,7,11,15,23,27,31,39
0,2,4,7,9,11,21,34,36,39
0,2,4,7,11,15,27,32,34,39
0,2,4,7,9,11,21,23,28,36
0,2,4,7,9,11,21,26,31,36
0,2,4,7,9,11,26,28,30,31
0,2,4,7,9,11,21,23,26,32
0,2,4,7,9,11,21,30,32,36
0,2,4,7,9,11,23,28,34,39
0,2,4,7,9,11,23,26,28,31
0,2,4,7,9,11,25,27,28,36
0,2,4,7,11,25,28,31,36,39
0,2,4,7,9,11,23,25,28,36
0,2,5,9,13,17,20,21,29,37
0,2,4,7,9,11,23,28,30,38
0,2,4,7,9,23,30,31,36,38
0,2,7,11,15,23,26,31,34,38
0,2,5,9,17,20,23,26,28,37
0,2,4,7,9,21,23,28,36,38
0,2,4,7,9,11,21,23,30,31
0,2,4,7,9,11,21,26,31,39
0,2,4,7,9,23,24,30,31,36
0,2,4,7,11,15,21,26,34,39
0,2,5,9,13,17,21,28,29,36
0,2,7,11,15,23,26,31,34,39
0,3,7,11,15,22,23,31,34,35
0,2,4,7,9,11,30,32,34,36
0,2,4,7,9,11,23,25,30,38
0,2,4,7,11,15,23,26,30,38
0,2,4,7,9,11,21,23,30,39
0,2,4,7,12,22,26,28,30,34
0,2,4,7,12,22,26,30,34,38
0,2,4,7,9,11,23,28,31,36
0,2,4,7,9,21,23,26,29,31
0,2,5,9,17,25,28,31,34,36
0,2,4,7,9,23,26,28,29,31
0,2,4,7,9,11,23,31,36,38
0,2,4,7,9,11,21,23,29,32
0,2,5,7,10,12,21,30,32,39
0,2,5,7,10,17,27,28,36,39
0,2,5,7,10,21,27,30,36,39
0,2,5,10,12,17,22,28,31,39
0,2,5,13,15,21,23,25,27,31
0,2,5,7,10,15,21,27,32,36
0,2,5,7,10,12,21,28,30,39
0,2,5,8,11,13,22,25,27,30
0,2,5,11,13,21,22,23,30,32
0,2,5,11,13,21,22,23,30,36
0,2,5,7,13,21,23,30,31,32
0,2,5,7,13,21,23,31,34,36
0,2,5,8,11,13,31,34,36,39
0,2,5,11,13,21,23,30,31,32
0,2,5,11,13,23,25,30,31,32
0,2,5,11,13,21,23,29,30,32
0,2,5,11,13,21,23,29,32,34
0,2,5,7,13,21,23,24,29,36
0,2,5,7,13,21,23,24,36,39
0,2,5,7,13,23,24,29,30,31
0,2,5,11,13,21,23,29,30,36
0,2,5,8,11,13,27,32,34,39
0,2,5,7,13,23,24,30,31,36
0,2,5,7,14,24,26,28,30,39
0,2,5,7,14,24,26,28,30,36
0,2,5,7,13,21,24,31,36,39
0,2,5,7,13,21,23,30,31,36
0,2,5,11,17,21,23,28,34,36
0,2,5,7,13,22,24,34,37,39
0,2,5,7,14,22,24,26,29,31
0,2,4,7,9,11,21,28,30,31
0,2,4,7,9,11,21,29,30,32
0,2,4,7,9,11,21,29,32,34
0,2,4,7,9,11,21,30,32,34
0,2,4,7,11,15,21,22,25,30
0,2,4,7,11,15,21,25,30,34
0,3,7,11,15,21,22,25,34,38
0,2,4,7,11,15,25,26,32,39
0,2,4,7,9,11,26,28,30,32
0,2,4,11,13,22,25,31,34,39
0,2,4,7,11,15,22,30,32,34
0,2,4,7,9,11,21,30,31,39
0,2,4,7,9,11,26,28,31,34
0,2,4,7,9,11,21,26,30,31
0,2,4,7,9,11,21,26,28,29
0,2,4,7,9,11,21,26,34,39
0,2,4,7,9,11,21,26,29,32
0,2,5,7,13,22,27,30,32,37
0,2,5,8,11,13,25,30,32,37
0,2,5,7,13,27,28,30,32,34
0,2,5,7,13,22,27,30,34,39
0,2,5,7,14,22,28,34,37,39
0,2,5,7,10,12,20,22,31,33
0,2,5,7,13,22,24,26,31,33
0,2,5,8,11,13,23,26,28,31
0,2,5,11,13,22,23,24,31,33
0,2,5,11,13,22,24,33,34,35
0,2,5,7,13,22,24,26,33,35
0,2,5,8,11,13,22,34,37,39
0,2,5,11,13,22,28,33,34,35
0,2,5,11,13,22,23,24,31,37
0,2,5,11,13,23,24,30,35,37
0,2,5,7,13,24,26,28,30,35
0,2,5,7,13,24,25,26,33,35
0,2,5,7,13,24,26,28,30,37
0,2,5,11,13,24,25,26,33,35
0,2,5,11,13,24,25,26,33,39
0,2,5,7,13,24,26,28,33,35
0,2,5,8,11,13,25,28,30,33
0,2,5,7,13,25,28,30,33,35
0,2,5,11,13,23,26,28,35,37
0,2,4,7,9,11,21,30,32,39
0,2,4,7,11,22,25,30,33,39
0,2,4,7,9,11,21,22,30,32
0,2,4,7,11,15,21,25,33,37
0,2,4,7,9,11,21,24,30,32
0,2,5,7,10,17,22,30,31,39
0,2,5,10,12,17,22,25,31,34
0,2,5,10,12,17,20,23,31,34
0,2,4,7,9,11,21,24,30,33
0,2,5,7,10,12,22,24,31,33
0,2,4,7,9,11,24,26,28,30
0,2,4,7,9,11,24,26,28,35
0,2,4,7,9,11,22,24,33,35
0,2,4,7,9,11,21,28,30,39
0,2,5,7,10,12,22,24,33,35
0,2,4,7,9,11,22,24,32,35
0,2,4,7,9,11,22,24,30,35
0,2,5,7,10,15,24,30,35,39
0,2,5,7,10,15,24,28,33,39
0,2,4,7,9,11,21,22,26,32
0,2,4,7,9,11,22,32,33,37
0,2,4,7,11,15,24,25,28,33
0,2,4,7,11,15,24,25,28,32
0,2,5,9,13,17,22,23,31,34
0,2,5,9,17,20,22,31,34,37
0,2,4,7,9,22,30,32,35,37
0,2,7,11,15,20,25,28,32,37
0,2,4,7,11,15,25,33,35,37
0,2,5,10,12,15,24,25,34,35
0,2,5,13,15,24,26,28,30,34
0,2,5,13,15,23,33,35,37,39
0,2,4,7,9,11,26,28,30,33
0,2,4,7,9,11,26,28,30,35
0,2,4,7,9,11,22,26,33,37
0,2,4,7,9,11,22,28,33,37
0,2,5,9,13,17,22,23,30,31
0,2,4,7,15,25,30,33,35,37
0,2,7,11,15,20,25,28,33,37
0,2,4,7,11,15,24,28,32,37
0,2,4,9,13,17,22,26,30,34
0,2,4,7,9,11,21,26,32,37
0,2,4,7,9,11,24,26,28,37
0,2,4,7,11,15,20,23,24,32
0,2,4,7,9,22,25,26,32,39
0,2,4,7,9,11,22,24,35,37
0,2,4,7,9,11,24,28,32,35
0,2,4,7,9,11,24,30,33,37
0,2,4,7,9,11,24,28,33,37
0,2,4,7,11,15,23,24,30,37
0,3,7,11,15,20,23,24,32,36
0,2,4,7,9,11,20,22,25,28
0,2,4,7,9,11,22,24,25,30
0,2,4,7,9,11,22,25,28,30
0,2,4,7,9,20,23,25,35,37
0,2,5,9,17,22,25,28,30,39
0,2,4,7,9,11,25,26,33,35
0,2,4,7,9,11,26,28,33,35
0,2,4,7,9,11,25,26,28,37
0,2,4,7,9,11,25,28,30,37
0,2,4,7,9,11,22,25,30,37
0,2,4,7,9,11,20,21,25,30
0,2,4,7,9,21,25,32,35,38
0,2,4,7,11,15,21,25,30,36
0,2,4,7,11,15,23,30,36,37
0,2,4,7,11,15,20,21,30,37
0,3,7,11,15,21,25,28,29,32
0,2,4,7,9,11,21,23,28,33
0,2,4,7,9,11,21,23,28,35
0,2,4,7,9,11,20,22,28,35
0,2,4,7,9,11,22,30,35,37
0,2,4,7,9,11,28,30,33,35
0,2,4,7,11,15,21,26,28,33
0,2,4,7,9,20,22,23,25,37
0,2,4,7,9,11,25,30,32,37
0,2,4,7,9,11,24,32,37,39
0,2,5,7,13,22,24,26,28,30
0,2,5,7,13,23,24,30,31,37
0,2,5,7,13,24,26,28,30,38
0,2,5,8,11,13,21,23,24,37
0,2,5,7,13,26,28,37,38,39
0,2,5,7,13,23,24,25,26,28
0,2,5,7,22,23,25,26,30,38
0,2,5,7,13,23,26,28,33,38
0,2,5,7,13,21,23,24,26,28
0,2,5,7,13,21,23,26,28,38
0,2,5,7,13,21,23,26,28,30
0,2,5,7,13,23,26,28,31,38
0,2,5,7,13,23,24,30,31,38
0,2,5,7,13,23,24,26,35,38
0,2,5,7,13,23,26,28,35,38
0,2,5,7,14,24,30,33,35,38
0,2,5,8,11,13,21,26,28,33
0,2,5,7,13,23,24,26,28,30
0,2,5,7,13,22,23,28,33,37
0,2,5,7,13,23,24,28,37,38
0,2,5,7,13,24,28,31,35,38
0,2,5,7,13,23,26,35,36,39
0,2,5,7,13,22,23,26,30,33
0,2,5,11,13,21,22,24,33,35
0,2,5,7,13,23,26,28,31,33
0,2,5,11,13,21,24,26,33,35
0,2,5,11,13,21,22,28,33,35
0,2,5,7,13,21,22,23,28,35
0,2,5,8,14,17,23,31,36,38
0,2,5,7,13,21,23,26,28,37
0,2,5,7,13,21,23,28,37,39
0,2,5,7,13,24,26,28,35,37
0,2,5,7,14,23,24,31,37,38
0,2,5,11,17,21,26,28,33,35
0,2,5,11,17,21,26,28,33,39
0,2,5,7,13,21,24,26,36,39
0,2,5,7,13,24,26,35,36,37
0,2,5,11,13,24,26,35,36,37
0,2,5,8,11,13,21,24,36,39
0,2,5,11,13,21,28,30,35,36
0,2,5,7,10,12,24,26,33,35
0,2,5,7,10,17,21,22,30,33
0,2,5,7,10,21,24,30,33,35
0,2,5,7,10,15,21,26,30,35
0,2,5,13,15,21,25,35,37,39
0,2,5,7,13,22,23,28,33,35
0,2,5,7,13,22,23,28,35,36
0,2,5,7,13,22,28,31,33,36
0,2,5,7,14,20,22,31,36,38
0,2,5,11,17,20,26,28,33,35
0,2,5,7,13,22,23,30,31,35
0,2,5,7,13,22,30,33,35,38
0,2,5,7,13,23,28,30,33,35
0,2,5,7,13,22,28,30,36,38
0,2,5,7,13,23,28,31,33,35
0,2,5,7,13,23,28,31,33,36
0,2,5,7,14,20,22,28,36,38
0,2,5,7,13,22,23,28,30,35
0,2,5,8,14,17,23,25,30,38
0,2,4,7,11,15,20,28,33,35
0,2,4,7,9,11,20,22,25,37
0,2,4,7,11,15,20,25,32,37
0,2,4,7,9,22,24,25,30,37
0,2,4,7,11,15,20,24,28,32
0,2,4,7,9,11,21,23,25,32
0,2,4,7,9,11,21,23,30,32
0,2,4,7,9,11,23,28,32,33
0,2,4,7,11,15,21,24,32,36
0,2,4,7,9,11,21,23,32,33
0,2,4,7,11,15,24,28,32,36
0,2,4,7,9,11,20,21,23,28
0,2,4,7,9,11,20,21,28,33
0,2,4,7,9,11,20,25,28,33
0,2,4,7,9,11,20,25,28,30
0,2,4,7,9,11,25,28,30,33
0,2,4,7,11,15,20,24,25,28
0,2,4,7,11,15,20,24,28,33
0,2,7,11,15,20,25,28,33,36
0,2,5,9,13,17,22,23,31,39
0,2,4,7,9,20,23,25,30,38
0,2,4,7,11,15,21,23,25,33
0,2,4,9,13,17,22,25,30,34
0,2,5,7,14,24,26,33,38,39
0,2,5,7,13,23,24,31,36,39
0,2,5,7,13,23,26,30,31,38
0,2,4,7,9,25,26,30,32,38
0,2,4,7,9,25,26,32,33,38
0,2,5,9,13,17,23,30,31,38
0,2,7,11,15,21,25,28,33,36
0,2,4,7,11,15,21,25,32,36
0,2,4,7,11,15,20,25,28,36
0,2,4,7,15,20,25,28,30,32
0,2,7,11,15,20,23,28,32,35
0,2,4,7,9,11,28,30,32,37
0,2,4,7,9,11,28,30,35,37
0,2,4,7,9,11,20,32,35,37
0,2,4,7,9,20,25,32,33,39
0,2,4,7,9,11,20,28,30,32
0,2,4,7,11,15,23,28,30,35
0,2,4,7,9,11,20,21,23,32
0,2,4,7,9,11,20,23,25,37
0,2,4,7,9,20,25,32,33,38
0,2,4,7,11,15,20,25,28,32
0,2,4,7,9,11,20,25,32,37
0,2,4,7,9,20,32,35,37,38
0,2,4,7,9,20,30,32,35,38
0,2,5,9,17,20,23,25,34,37
0,2,4,7,9,11,20,21,23,35
0,2,4,7,9,11,20,23,35,37
0,2,4,7,9,11,20,21,23,37
0,2,4,7,9,11,21,23,37,39
0,2,4,7,9,11,23,28,30,35
0,2,4,7,9,11,21,23,25,28
0,2,4,7,11,15,21,23,28,36
0,2,4,7,9,11,23,28,32,37
0,2,5,7,13,23,28,33,37,38
0,2,5,7,13,23,30,31,37,38
0,2,5,7,14,20,25,31,33,38
0,2,5,7,14,26,31,33,35,37
0,2,5,7,13,25,28,30,33,37
0,2,5,7,13,23,26,28,30,37
0,2,5,11,13,21,23,28,30,37
0,2,5,7,13,23,26,28,31,37
0,2,5,11,17,21,23,28,30,35
0,2,5,7,13,23,25,26,28,30
0,2,5,7,13,23,25,30,37,38
0,2,5,8,14,17,20,25,33,38
0,2,5,7,14,23,31,33,35,37
0,2,5,11,17,23,28,30,35,37
0,2,5,7,13,25,28,33,37,38
0,2,5,7,13,25,30,33,37,38
0,2,5,7,13,21,23,25,28,30
0,2,5,7,20,21,25,33,37,38
0,2,5,7,13,21,23,28,33,38
0,2,5,7,13,21,28,30,33,39
0,2,5,8,11,13,21,23,28,36
0,2,5,7,13,25,28,30,33,39
0,2,5,7,13,21,23,25,38,39
0,2,5,7,13,21,23,25,30,38
0,2,5,7,14,25,28,30,33,39
0,2,5,7,13,21,23,26,33,38
0,2,5,7,13,21,26,33,38,39
0,2,5,7,13,21,23,25,33,39
0,2,5,7,13,25,26,33,38,39
0,2,5,7,13,21,23,25,30,39
0,2,5,7,13,23,30,31,36,38
0,2,5,11,17,21,23,28,30,36
0,2,5,8,14,17,26,31,33,38
0,2,5,7,13,21,23,26,36,39
0,2,5,7,13,21,23,36,37,38
0,2,5,7,13,25,26,28,30,39
0,2,5,7,13,26,28,30,33,37
0,2,5,7,13,26,28,30,37,39
0,2,5,7,13,21,23,26,28,39
0,2,5,7,23,31,35,36,38,39
0,2,5,8,11,13,21,26,34,39
0,2,5,7,13,21,23,36,37,39
0,2,5,7,13,20,21,23,25,38
0,2,5,7,13,20,28,32,34,36
0,2,5,7,13,20,21,28,33,34
0,2,5,7,13,20,25,32,33,38
0,2,5,8,14,17,20,28,33,35
0,2,5,7,14,21,26,28,30,33
0,2,5,7,13,20,21,25,28,32
0,2,5,7,13,20,21,25,26,32
0,2,5,7,13,20,25,28,32,33
0,2,5,7,13,20,23,25,28,32
0,2,5,7,13,21,23,25,26,38
0,2,5,7,13,21,23,25,32,38
0,2,5,7,14,26,28,30,32,38
0,2,5,7,14,21,26,28,30,32
0,2,5,11,13,21,23,25,32,36
0,2,5,7,13,25,26,32,33,38
0,2,5,11,17,23,25,30,36,38
0,2,5,7,13,21,31,34,36,38
0,2,5,7,13,31,32,33,34,36
0,2,5,7,13,31,32,34,36,38
0,2,5,7,26,30,31,33,34,38
0,2,5,7,13,21,23,26,31,36
0,2,5,8,11,13,21,29,34,36
0,2,5,7,13,21,23,26,32,38
0,2,5,7,13,20,23,25,28,34
0,2,5,7,13,20,23,25,28,33
0,2,5,7,13,20,23,25,28,36
0,2,5,7,20,28,32,33,35,36
0,2,5,8,11,13,23,31,36,38
0,2,5,7,13,20,33,34,36,38
0,2,5,7,13,20,23,25,34,36
0,2,4,7,9,11,23,25,27,30
0,2,4,7,11,15,23,25,30,38
0,2,4,7,11,15,23,30,35,38
0,2,4,7,9,11,20,23,35,38
0,2,4,7,9,11,23,30,35,38
0,2,4,7,9,30,33,35,36,38
0,2,5,9,17,21,23,32,35,38
0,2,4,7,9,28,30,33,36,38
0,2,4,7,9,11,20,32,35,38
0,2,5,9,13,17,20,21,29,32
0,2,5,9,17,20,29,32,35,38
0,2,7,11,15,23,26,30,35,38
0,2,4,7,9,20,28,30,33,35
0,2,4,7,9,11,27,30,32,35
0,2,4,7,9,11,20,27,32,35
0,2,4,7,9,25,27,30,33,35
0,2,4,7,9,27,30,32,33,35
0,2,4,7,9,11,20,25,29,30
0,2,4,7,9,11,22,25,30,31
0,2,4,7,9,11,20,22,27,35
0,2,4,7,9,11,20,25,30,38
0,2,4,7,9,22,23,29,30,35
0,2,4,7,11,15,20,25,33,38
0,2,4,7,9,11,20,22,30,38
0,2,4,7,9,11,22,25,27,30
0,2,4,7,9,11,27,29,30,31
0,2,4,7,9,11,20,29,31,35
0,2,4,7,9,11,22,27,30,33
0,2,4,7,9,11,25,27,29,31
0,2,4,7,9,11,25,27,30,33
0,2,4,7,9,20,22,25,28,30
0,2,5,9,17,24,27,30,33,35
0,2,4,7,9,22,25,27,28,30
0,2,4,7,9,11,22,27,30,35
0,2,4,7,11,15,22,25,26,30
0,2,4,7,9,11,23,25,34,35
0,2,4,7,11,15,26,30,34,38
0,2,4,7,9,11,25,30,33,36
0,2,4,7,9,11,25,30,33,38
0,2,4,7,11,15,25,29,30,33
0,2,7,11,15,21,25,30,33,38
0,2,4,7,9,23,25,28,30,35
0,2,4,7,9,11,25,30,33,35
0,2,4,7,9,25,28,30,31,33
0,2,4,7,9,23,25,28,31,33
0,2,5,9,17,27,30,33,36,38
0,2,5,9,13,17,23,24,27,28
0,2,4,7,9,11,20,27,30,31
0,2,4,7,9,11,22,27,29,32
0,2,4,7,9,11,27,29,31,32
0,2,4,7,9,11,27,29,31,33
0,2,4,9,13,17,20,24,28,32
0,2,4,7,9,20,22,23,28,35
0,2,4,7,11,15,22,26,30,38
0,2,5,9,13,17,23,24,28,35
0,2,7,11,15,21,26,30,33,38
0,2,4,7,9,11,30,33,35,38
0,2,4,7,9,11,20,22,30,35
0,2,4,7,9,22,23,28,30,35
0,2,4,7,9,11,20,22,31,33
0,2,5,7,13,20,23,32,33,36
0,2,5,7,14,20,21,26,28,35
0,2,5,7,13,20,21,27,28,34
0,2,5,7,13,21,23,25,27,35
0,2,5,7,13,20,21,27,28,35
0,2,5,11,17,23,25,30,32,38
0,2,5,7,13,20,21,25,34,35
0,2,5,7,13,21,25,28,32,35
0,2,5,8,11,13,20,21,23,27
0,2,5,7,13,20,23,25,28,35
0,2,5,7,13,20,27,28,34,35
0,2,5,7,14,20,28,30,32,34
0,2,5,7,13,22,27,30,34,35
0,2,5,7,13,20,23,27,30,39
0,2,5,7,13,20,25,30,32,39
0,2,5,7,13,20,25,32,34,39
0,2,5,7,13,20,22,27,32,34
0,2,5,7,13,20,25,30,32,34
0,2,5,7,13,25,30,32,34,39
0,2,5,7,13,20,25,27,28,32
0,2,5,7,13,20,25,27,30,32
0,2,5,7,13,20,25,27,32,39
0,2,5,7,13,25,27,30,32,39
0,2,5,7,13,20,25,28,30,33
0,2,5,7,13,20,25,32,33,39
0,2,5,11,17,23,25,30,32,37
0,2,5,7,13,20,23,25,28,30
0,2,5,7,13,27,30,32,35,39
0,2,5,7,20,24,25,27,28,32
0,2,5,7,13,20,25,28,30,32
0,2,5,7,13,20,25,28,30,35
0,2,5,7,13,20,25,28,32,37
0,2,5,7,13,20,25,28,30,37
0,2,5,7,14,20,26,32,35,37
0,2,5,7,13,20,25,26,28,33
0,2,5,8,11,13,23,28,30,35
0,2,5,7,13,20,25,26,30,32
0,2,5,7,13,20,26,28,30,32
0,2,5,7,13,20,25,26,32,33
0,2,5,8,14,17,20,22,27,35
0,2,5,7,14,25,33,35,37,39
0,2,5,7,13,20,26,32,33,39
0,2,5,7,13,20,21,23,30,32
0,2,5,7,13,20,21,28,30,39
0,2,5,7,13,20,24,27,28,37
0,2,5,7,13,20,21,30,33,37
0,2,5,7,13,23,26,30,33,39
0,2,5,7,13,21,30,31,34,38
0,2,5,7,13,25,26,32,33,39
0,2,5,8,11,13,21,25,38,39
0,2,5,7,13,23,32,33,38,39
0,2,5,7,13,20,25,26,30,39
0,2,5,7,13,25,26,28,30,32
0,2,5,8,11,13,23,25,26,39
0,2,5,7,13,20,26,30,33,37
0,2,5,7,13,20,26,30,35,37
0,2,5,7,13,26,28,30,32,35
0,2,4,7,9,11,20,21,30,35
0,2,4,7,9,11,22,26,30,33
0,2,4,7,9,11,21,22,26,37
0,2,4,7,9,11,21,22,28,35
0,2,4,7,11,15,21,28,34,35
0,3,7,11,15,21,22,30,33,34
0,2,4,7,11,15,21,22,28,35
0,2,4,7,9,11,22,26,35,39
0,2,4,7,9,11,24,28,35,39
0,2,4,7,9,11,24,30,35,39
0,2,4,7,9,11,20,28,30,37
0,2,4,7,11,15,23,31,35,39
0,2,4,7,9,11,22,24,30,33
0,2,5,7,10,20,22,28,31,37
0,2,5,7,10,15,22,28,33,37
0,2,5,13,15,22,24,26,28,32
0,2,4,7,11,15,24,25,28,31
0,2,4,7,11,15,21,25,29,33
0,2,4,7,9,11,20,25,29,34
0,2,4,7,9,11,20,28,29,30
0,2,4,7,9,11,20,29,30,38
0,2,4,7,9,11,20,27,28,39
0,2,4,7,9,11,20,27,37,38
0,2,4,7,9,11,25,27,35,36
0,2,4,7,11,15,20,28,31,32
0,2,4,7,9,11,22,31,33,37
0,2,4,7,9,11,29,31,32,33
0,2,4,7,9,11,29,31,33,35
0,2,4,7,9,11,24,29,32,35
0,2,4,7,9,11,21,22,29,34
0,2,4,7,9,11,22,30,32,37
0,2,4,7,9,21,22,27,34,35
0,2,4,7,9,11,21,22,34,37
0,2,4,7,9,11,22,29,32,33
0,2,4,7,9,11,22,32,34,37
0,2,4,7,9,11,29,32,34,37
0,2,4,7,9,11,22,24,29,37
0,2,4,7,11,15,22,25,29,37
0,2,4,7,11,15,21,22,25,37
0,2,4,7,9,24,27,30,31,37
0,2,4,7,9,11,21,34,37,39
0,2,4,7,11,15,25,30,32,37
0,2,4,7,9,11,24,26,29,32
0,2,4,7,9,11,26,27,28,29
0,2,4,7,9,11,24,25,32,34
0,2,4,7,9,22,24,27,30,32
0,2,5,9,17,26,29,32,35,37
0,2,4,7,9,24,27,29,30,32
0,2,4,7,9,11,24,29,32,37
0,2,4,7,9,11,24,28,29,39
0,2,4,7,9,11,25,27,36,37
0,2,4,7,11,15,20,28,32,36
0,2,4,7,9,11,27,30,32,37
0,2,4,7,9,11,27,30,32,39
0,2,4,7,9,25,27,30,32,37
0,2,4,7,9,11,27,28,30,37
0,2,4,7,9,11,27,28,30,39
0,2,5,9,13,17,25,26,29,30
0,2,4,7,9,11,23,25,34,37
0,2,4,7,9,11,21,25,30,36
0,2,4,9,13,17,23,27,35,39
0,2,4,7,9,11,21,26,30,35
0,2,5,7,10,12,26,28,35,37
0,2,5,7,10,15,23,28,34,39
0,2,5,7,10,15,23,28,32,37
0,2,5,7,10,17,23,24,32,35
0,2,5,10,12,17,24,27,35,38
0,2,5,13,15,21,23,27,37,39
0,2,5,13,15,28,30,32,34,38
0,2,5,8,11,13,21,23,26,38
0,2,5,11,13,23,28,30,37,38
0,2,5,11,13,23,30,32,37,38
0,2,5,11,13,26,28,37,38,39
0,2,5,7,10,17,23,26,34,35
0,2,5,7,10,23,26,28,34,37
0,2,5,7,13,21,24,33,34,37
0,2,5,7,14,22,24,29,34,35
0,2,5,7,14,22,24,29,35,37
0,2,5,7,13,21,22,28,35,39
0,2,5,7,13,21,28,35,37,39
0,2,5,8,11,13,21,28,34,35
0,2,4,7,9,11,21,28,34,37
0,2,4,7,9,11,21,23,32,35
0,2,5,7,10,17,21,24,32,33
0,2,5,7,10,21,24,26,32,35
0,2,5,7,10,12,24,26,35,37
0,2,5,10,12,17,24,27,33,36
0,2,5,13,15,26,28,30,32,36
0,2,5,7,10,15,21,26,32,37
0,2,5,7,13,22,26,29,30,39
0,2,5,7,13,21,22,28,32,35
0,2,5,7,13,21,22,27,28,32
0,2,5,8,11,13,21,25,27,28
0,2,5,7,14,21,22,27,28,35
0,2,5,7,13,26,27,28,35,37
0,2,5,7,13,21,22,28,34,35
0,2,5,11,13,26,27,28,35,37
0,2,5,11,13,21,26,27,28,35
0,2,5,8,11,13,27,30,32,35
0,2,4,7,11,15,21,27,28,34
0,2,4,7,9,11,21,30,32,33
0,2,4,7,9,11,21,30,33,36
0,2,5,11,13,25,26,28,37,39
0,2,5,11,13,25,28,30,37,39
0,2,5,11,13,25,26,32,37,39
0,2,5,7,13,22,27,28,34,35
0,2,5,7,13,22,28,30,32,34
0,2,5,7,13,28,30,32,34,39
0,2,5,11,17,25,30,32,37,39
0,2,5,7,13,21,25,31,33,39
0,2,5,7,14,21,23,25,34,39
0,2,5,7,13,21,25,26,33,34
0,2,5,7,13,21,25,26,33,38
0,2,5,7,14,21,28,33,34,39
0,2,4,7,9,11,20,25,27,38
0,2,4,7,9,20,21,27,28,33
0,2,4,7,9,11,20,23,25,28
0,2,4,7,11,15,20,23,24,28
0,2,4,7,9,11,22,23,24,25
0,2,4,7,9,11,20,22,24,26
0,2,4,7,9,11,20,23,24,33
0,2,4,7,9,11,20,24,25,35
0,2,4,7,11,15,20,23,28,39
0,2,4,7,9,11,23,24,31,33
0,2,4,7,9,11,23,24,26,35
0,2,4,11,13,25,28,33,36,39
0,2,5,9,17,22,25,28,31,33
0,2,4,7,9,21,23,26,28,33
0,2,7,11,15,23,28,31,36,39
0,2,5,9,13,17,21,22,25,26
0,2,4,9,13,17,21,25,33,37
0,2,7,11,15,20,23,28,31,36
0,2,4,7,11,15,20,24,28,36
0,2,5,9,13,17,25,26,34,37
0,2,4,7,11,15,20,28,36,38
0,2,4,7,9,20,25,33,35,38
0,2,4,7,9,11,20,24,31,35
0,2,4,7,9,11,20,26,31,35
0,2,4,7,9,20,21,23,35,38
0,2,4,7,9,21,23,33,35,38
0,2,4,7,9,11,20,23,28,35
0,2,5,7,13,24,26,33,34,39
0,2,5,7,13,26,28,33,34,39
0,2,4,7,11,15,20,23,24,33
0,2,4,9,17,20,25,33,35,37
0,2,7,11,15,20,23,28,31,35
0,2,4,9,13,17,20,25,29,37
0,2,4,7,9,11,20,24,29,35
0,2,5,7,13,20,25,28,33,36
0,2,5,7,14,20,23,25,28,34
0,2,5,7,13,20,27,28,29,38
0,2,5,7,13,21,25,28,29,38
0,2,5,8,11,13,20,27,33,34
0,2,4,7,9,22,25,28,29,35
0,2,4,7,11,15,22,23,26,31
0,2,4,7,15,23,28,31,33,35
0,2,7,11,15,23,26,31,35,38
0,2,4,7,9,11,23,31,33,35
0,2,4,7,11,15,23,31,36,38
0,2,5,7,13,21,25,27,34,36
0,2,5,7,13,21,25,33,36,38
0,2,5,8,14,17,21,26,28,33
0,2,5,11,17,23,25,31,36,38
0,2,5,7,13,20,28,34,36,38
0,2,4,7,11,15,26,31,33,38
0,2,4,7,9,11,20,25,33,38
0,2,4,7,9,11,20,28,33,35
0,2,5,7,20,21,23,24,28,36
0,2,5,8,11,13,24,26,31,39
0,2,5,7,13,21,22,24,26,28
0,2,4,7,9,20,23,26,28,38
0,2,4,7,9,20,23,25,26,28
0,2,5,8,10,22,25,27,31,33
0,2,5,8,10,22,25,27,33,39
0,2,5,8,10,22,25,27,37,39
0,2,5,10,12,17,25,31,37,39
0,2,5,7,10,15,22,27,28,33
0,2,5,7,10,17,22,25,28,39
0,2,5,7,10,15,28,33,34,39
0,2,5,7,10,17,25,28,31,34
0,2,5,7,10,12,25,31,33,39
0,2,5,8,10,23,25,31,33,37
0,2,5,10,12,17,23,25,31,37
0,2,4,7,12,17,25,29,35,39
0,2,4,7,12,17,25,29,30,34
0,2,4,7,12,17,25,30,34,39
0,2,4,7,12,17,29,30,34,35
0,2,4,7,12,21,25,29,33,37
0,2,5,7,10,15,21,30,35,36
0,2,5,7,10,17,27,30,33,36
0,2,5,7,10,17,20,23,34,37
0,2,5,7,10,15,22,23,28,37
0,2,5,10,12,17,20,26,32,38
0,2,5,7,10,17,20,23,26,29
0,2,5,7,10,15,23,28,29,34
0,2,4,7,12,17,20,24,30,34
0,2,4,7,12,17,20,25,29,34
0,2,4,7,12,17,24,25,29,30
0,2,4,7,12,20,24,28,32,36
0,2,5,7,10,15,21,22,27,36
0,2,5,7,10,17,22,33,36,39
0,2,5,8,10,21,25,27,33,39
0,2,5,10,12,17,25,31,33,39
0,2,4,7,9,11,20,23,26,31
0,2,5,7,13,26,29,31,34,36
0,2,5,7,14,21,23,26,34,38
0,2,5,9,17,20,23,26,29,31
0,2,4,7,9,21,23,24,26,38
0,2,4,7,9,21,24,26,36,38
0,2,4,7,9,11,23,26,31,38
0,2,5,7,13,25,26,27,34,36
0,2,5,11,13,25,26,27,34,36
0,2,5,8,11,13,26,29,31,34
0,2,5,11,13,20,25,26,27,34
0,2,5,7,13,20,25,26,31,38
0,2,5,7,13,20,25,31,36,38
0,2,5,7,13,24,25,27,36,39
0,2,5,7,13,25,27,34,36,39
0,2,5,7,13,24,25,26,31,38
0,2,5,11,13,24,25,31,36,38
0,2,5,11,13,24,27,29,36,38
0,2,5,7,13,24,27,29,34,39
0,2,5,8,11,13,22,27,29,34
0,2,5,7,13,25,27,29,31,36
0,2,5,7,13,24,25,26,27,29
0,2,5,7,13,24,25,27,29,31
0,2,5,11,17,23,29,31,36,38
0,2,5,7,13,25,31,34,36,39
0,2,5,7,13,25,26,31,38,39
0,2,5,7,13,26,31,34,36,39
0,2,5,7,14,21,23,25,31,39
0,2,5,7,10,12,23,25,34,36
0,2,5,7,10,15,22,27,31,36
0,2,5,7,10,22,25,31,34,36
0,2,5,7,10,17,22,23,31,34
0,2,5,10,12,17,23,26,34,37
0,2,5,13,15,20,22,26,36,38
0,2,5,10,12,17,23,29,31,37
0,2,5,7,10,15,20,25,34,39
0,2,5,7,10,17,20,31,34,37
0,2,5,8,10,23,25,29,31,35
0,2,5,8,10,23,25,29,31,37
0,2,5,10,12,17,23,29,35,37
0,2,5,7,10,15,20,25,26,31
0,2,5,7,10,17,20,23,26,37
0,2,5,8,10,21,23,29,31,35
0,2,5,10,12,17,21,23,29,35
0,2,5,7,10,15,26,31,32,37
0,2,5,7,10,17,23,26,29,32
0,2,4,7,9,11,21,24,25,34
0,2,4,7,9,11,21,26,29,34
0,2,4,7,9,21,24,26,27,29
0,2,4,7,9,21,24,27,29,39
0,2,5,9,17,23,26,29,32,34
0,2,4,7,11,15,21,24,25,29
0,2,4,7,9,11,21,25,26,36
0,2,4,7,11,15,20,21,24,25
0,2,4,7,11,15,20,21,24,27
0,2,4,7,11,15,20,24,27,36
0,2,4,7,11,15,21,25,29,37
0,2,4,7,9,22,23,29,36,39
0,2,4,7,11,15,20,21,25,34
0,2,4,7,11,15,20,21,27,34
0,3,7,11,15,20,21,29,32,33
0,2,4,7,9,11,21,23,26,34
0,2,4,7,9,11,23,25,26,34
0,2,4,7,9,11,24,25,29,34
0,2,4,7,11,15,20,24,25,29
0,2,5,9,13,17,22,23,26,27
0,2,4,7,11,15,25,27,29,37
0,2,4,7,9,22,24,27,29,34
0,2,7,11,15,20,24,29,32,37
0,2,4,7,15,22,25,27,29,37
0,2,7,11,15,20,25,29,32,37
0,2,4,7,9,11,23,25,34,36
0,2,4,7,9,11,23,27,34,38
0,2,4,7,9,11,23,29,34,38
0,2,4,9,13,17,23,27,31,39
0,2,4,7,11,15,22,25,33,37
0,2,4,7,9,11,20,21,26,31
0,2,4,7,9,11,20,22,31,34
0,2,4,7,11,15,25,29,33,37
0,2,4,7,9,11,21,22,29,31
0,2,4,7,11,15,22,26,34,38
0,2,4,7,11,15,22,24,26,34
0,2,4,7,9,11,21,22,24,31
0,2,4,7,9,11,21,22,24,33
0,2,4,7,9,11,21,24,26,31
0,2,4,7,11,15,21,22,26,37
0,2,4,7,9,11,21,24,26,33
0,2,7,11,15,21,26,29,34,37
0,2,5,9,13,17,20,23,24,32
0,2,4,7,9,21,24,26,31,39
0,2,4,7,9,11,21,23,26,38
0,2,4,7,9,11,21,26,34,36
0,2,4,7,9,25,26,31,38,39
0,2,4,7,11,15,21,26,37,38
0,2,4,9,13,17,23,26,31,35
0,2,4,7,9,11,23,25,33,38
0,2,4,7,9,25,26,31,33,38
0,2,4,7,11,15,21,29,34,36
0,2,4,7,9,23,31,33,36,38
0,2,7,11,15,21,26,29,33,38
0,2,7,11,15,21,26,29,34,38
0,2,4,7,11,15,26,34,36,38
0,2,4,7,9,11,23,25,33,34
0,2,4,7,9,11,23,33,34,38
0,2,4,7,11,15,25,26,29,34
0,2,5,9,13,17,23,24,32,35
0,2,4,9,13,17,23,27,31,35
0,2,4,7,11,15,21,22,31,38
0,2,4,7,9,11,22,25,29,38
0,2,4,7,9,11,22,27,31,38
0,2,4,7,9,11,22,27,33,38
0,2,4,7,9,11,22,24,26,33
0,2,4,7,11,15,21,26,33,38
0,2,4,7,11,15,24,25,31,38
0,3,7,11,15,20,21,24,33,37
0,2,5,7,13,23,24,29,34,38
0,2,5,7,13,23,24,27,31,34
0,2,5,7,13,23,24,29,31,36
0,2,5,7,13,24,26,31,36,38
0,2,5,7,13,23,24,31,32,36
0,2,5,7,13,23,29,31,37,39
0,2,5,8,14,17,24,26,31,39
0,2,5,10,12,15,25,26,35,36
0,2,5,13,15,25,27,29,31,35
0,2,5,7,10,20,23,25,31,34
0,2,5,7,10,15,20,25,31,36
0,2,5,7,13,25,26,32,38,39
0,2,5,7,13,25,26,31,32,36
0,2,5,7,13,23,25,32,34,36
0,2,5,8,11,13,25,29,31,32
0,2,5,7,13,23,26,32,36,39
0,2,5,7,14,21,26,31,32,39
0,2,5,7,14,21,26,32,34,39
0,2,5,11,17,21,23,29,34,36
0,2,5,7,13,26,31,32,34,39
0,2,5,7,13,26,31,32,38,39
0,2,5,7,13,26,32,34,36,38
0,2,5,7,13,23,26,31,34,36
0,2,5,7,14,21,23,26,32,38
0,2,5,11,17,21,27,29,34,36
0,2,5,7,13,23,24,29,36,37
0,2,5,7,13,24,29,32,34,37
0,2,5,7,14,21,23,29,37,39
0,2,5,7,13,22,23,24,25,27
0,2,5,7,13,23,24,25,32,34
0,2,5,7,13,24,27,29,32,34
0,2,5,7,21,22,24,25,29,37
0,2,5,8,11,13,20,25,27,32
0,2,5,7,13,23,29,32,34,37
0,2,5,7,13,22,23,25,27,29
0,2,5,7,13,22,23,25,34,37
0,2,5,7,14,23,29,32,34,37
0,2,5,7,13,22,23,29,34,36
0,1,2,3,4,11,12,13,20,39
0,1,2,3,4,11,12,20,23,39
0,1,2,3,4,11,22,23,26,29
0,1,2,3,4,11,13,22,25,29
0,1,2,3,4,11,13,20,22,38
0,1,2,3,10,13,21,22,25,29
0,1,4,8,11,12,20,23,32,36
0,1,2,4,11,13,22,25,29,36
0,1,2,3,4,11,12,13,24,35
0,1,2,3,4,11,12,13,20,24
0,1,2,3,4,11,13,22,24,26
0,1,2,3,4,11,12,21,24,25
0,1,2,3,4,11,13,20,23,27
0,1,2,4,11,13,20,23,27,34
0,1,2,4,11,13,20,23,27,38
0,1,2,3,4,11,13,20,23,36
0,1,2,3,10,13,20,22,23,39
0,1,3,4,11,12,21,30,33,37
0,1,2,3,4,11,12,13,22,33
0,1,2,3,4,11,12,24,25,28
0,1,2,3,4,11,13,23,25,27
0,1,2,3,10,13,22,23,26,27
0,1,2,4,11,12,21,24,25,34
0,1,2,3,4,11,12,24,27,28
0,1,2,3,4,11,13,23,26,30
0,1,2,3,4,11,23,24,27,30
0,1,2,3,4,23,24,25,26,27
0,1,2,3,10,13,22,23,26,30
0,1,2,3,4,11,12,13,23,24
0,1,2,3,4,11,12,13,24,28
0,1,2,3,4,11,12,13,23,32
0,1,2,4,12,13,21,25,29,33
0,1,2,3,4,11,12,13,25,30
0,1,2,3,4,11,12,13,25,34
0,1,2,3,4,11,13,25,27,29
0,1,2,3,4,11,13,25,28,30
0,1,2,3,4,11,13,25,28,32
0,1,2,3,4,11,25,26,29,32
0,1,2,3,4,25,26,27,28,29
0,1,2,3,10,13,24,25,28,32
0,1,2,4,11,12,23,26,27,36
0,1,2,4,11,13,23,29,32,36
0,1,3,4,11,12,22,26,30,39
0,1,4,8,11,12,22,23,26,30
0,1,2,3,4,11,12,13,30,34
0,1,2,4,12,13,23,27,31,35
0,1,2,3,4,11,12,13,29,38
0,1,2,4,11,12,13,23,30,39
0,1,2,4,11,12,13,27,34,38
0,1,2,3,4,11,12,13,27,36
0,1,2,4,11,13,21,25,27,30
0,1,2,4,11,13,21,25,27,34
0,1,2,4,11,13,21,25,30,34
0,1,2,3,10,13,26,27,29,30
0,1,3,4,11,12,20,24,28,37
0,1,2,4,11,13,21,27,30,34
0,1,4,8,11,12,20,21,24,28
0,1,2,4,11,12,13,21,28,37
0,1,2,4,12,13,21,25,28,29
0,1,2,3,4,11,12,13,27,28
0,1,2,3,4,11,12,13,20,31
0,1,2,4,11,12,13,20,29,36
0,1,2,9,10,12,13,21,29,37
0,1,2,3,4,11,12,20,23,24
0,1,2,3,10,11,12,13,24,26
0,1,2,3,10,13,21,22,25,26
0,1,2,4,11,12,20,23,24,33
0,1,2,3,4,11,13,32,34,36
0,1,2,4,11,12,13,23,30,34
0,1,2,4,11,12,23,30,33,34
0,1,2,4,11,13,23,30,36,39
0,1,2,3,4,11,12,20,21,37
0,1,2,3,4,11,13,21,23,36
0,1,2,3,4,11,13,21,23,39
0,1,3,4,11,12,26,29,33,37
0,1,2,4,11,12,13,21,30,34
0,1,2,3,4,11,12,13,21,25
0,1,2,3,4,11,12,20,21,24
0,1,2,9,10,12,13,22,30,38
0,1,2,4,11,12,20,21,30,37
0,1,2,4,11,13,23,26,30,37
0,1,3,4,11,12,20,24,33,36
0,1,4,8,11,12,20,21,24,33
0,1,2,4,11,12,13,21,25,34
0,1,3,4,11,20,21,23,33,37
0,1,3,10,13,22,23,26,33,39
0,1,4,8,11,12,21,30,33,34
0,1,2,3,4,11,20,21,23,36
0,1,2,3,4,11,20,21,23,37
0,1,2,9,13,23,34,35,38,39
0,1,3,10,13,22,26,35,36,39
0,1,4,8,11,12,26,30,33,34
0,1,2,3,10,13,22,25,26,38
0,1,2,3,4,11,20,23,26,39
0,1,4,8,11,12,20,24,33,36
0,1,2,3,10,11,12,13,20,21
0,1,2,3,4,11,13,30,32,34
0,1,2,4,11,12,21,28,31,32
0,1,2,4,11,12,13,21,28,32
0,1,2,3,4,11,12,13,27,38
0,1,2,4,11,13,23,25,28,32
0,1,2,4,11,13,23,25,32,39
0,1,2,4,11,12,13,23,27,36
0,1,2,4,13,23,25,27,28,32
0,1,4,8,11,12,22,23,26,35
0,1,2,4,11,13,25,28,32,39
0,1,2,3,4,11,12,23,26,27
0,1,2,3,4,11,13,21,23,25
0,1,2,4,11,12,13,23,32,36
0,1,2,9,10,12,13,20,24,32
0,1,2,3,10,13,20,21,24,25
0,1,2,4,11,12,22,23,32,39
0,1,2,3,4,11,22,25,38,39
0,1,2,3,10,13,21,24,25,37
0,1,4,8,11,12,23,32,35,36
0,1,2,4,11,13,21,28,32,37
0,1,2,4,11,13,21,28,32,34
0,1,2,4,11,12,13,28,32,39
0,1,2,9,13,20,21,32,36,37
0,1,4,8,11,12,28,31,32,35
0,1,4,8,11,12,28,32,35,36
0,1,2,4,11,13,21,25,32,38
0,1,2,4,11,13,21,25,32,36
0,1,2,3,4,11,13,21,34,36
0,1,2,3,4,11,13,21,34,38
0,1,2,4,11,12,13,25,32,36
0,1,2,3,4,11,13,34,36,38
0,1,2,4,11,12,25,32,35,36
0,1,2,4,11,12,13,25,29,36
0,1,2,4,11,12,13,25,34,38
0,1,2,9,10,12,13,22,26,34
0,1,3,4,13,27,29,30,33,37
0,1,4,8,11,12,21,24,25,28
0,1,2,4,11,12,13,25,29,38
0,1,2,4,11,13,25,29,34,38
0,1,2,4,11,13,25,29,31,38
0,1,2,3,10,13,20,23,27,39
0,1,2,3,4,11,20,21,24,27
0,1,4,8,11,12,21,25,34,37
0,1,2,4,11,13,24,27,31,38
0,1,2,3,4,11,12,21,22,25
0,1,4,8,11,12,21,22,25,34
0,1,2,3,4,11,24,25,28,31
0,1,2,3,4,11,13,24,26,28
0,1,2,3,4,11,12,25,26,29
0,1,2,9,10,12,13,23,27,35
0,1,2,3,10,13,23,24,27,28
0,1,2,4,11,12,22,25,26,35
0,1,2,3,4,11,12,26,29,30
0,1,3,10,13,24,27,28,31,38
0,1,4,8,11,12,22,26,35,38
0,1,2,4,13,20,22,23,27,38
0,1,3,4,13,20,22,23,26,30
0,1,4,8,11,12,21,30,34,37
0,1,2,9,10,12,13,23,31,39
0,1,2,4,12,13,23,27,30,31
0,1,2,3,4,11,12,21,37,38
0,1,2,9,10,12,13,27,35,39
0,1,2,3,4,11,12,21,22,38
0,1,2,3,10,13,20,23,24,39
0,1,2,4,11,12,21,22,31,38
0,1,2,3,4,11,21,24,37,38
0,1,2,3,10,13,20,23,24,36
0,1,4,8,11,12,22,31,34,35
0,1,2,3,10,13,20,21,23,24
0,1,2,4,11,13,21,24,28,35
0,1,2,9,10,12,13,20,28,36
0,1,4,8,11,12,22,31,35,38
0,1,2,3,9,10,23,29,30,36
0,1,2,3,9,10,12,23,29,31
0,1,2,8,11,14,21,22,28,31
0,1,2,8,11,14,21,22,30,31
0,1,2,3,9,10,23,30,31,37
0,1,2,3,9,10,11,12,22,23
0,1,2,3,20,21,23,30,34,39
0,1,2,3,21,23,30,32,34,39
0,1,2,4,11,18,20,21,31,34
0,1,2,4,11,22,23,32,33,38
0,1,2,3,4,20,21,22,23,35
0,1,2,3,4,20,21,31,32,33
0,1,2,4,11,18,21,31,32,34
0,1,2,3,4,20,22,30,36,38
0,1,3,4,7,10,14,17,20,30
0,1,3,4,7,10,14,17,20,33
0,1,3,4,7,17,23,30,36,37
0,1,2,3,4,20,21,32,33,36
0,1,2,3,4,20,21,32,35,36
0,1,2,3,4,20,21,22,23,39
0,1,2,3,4,20,21,33,34,35
0,1,2,3,4,30,31,32,33,34
0,1,2,3,11,13,14,21,23,29
0,1,2,8,10,11,20,23,29,30
0,1,2,3,4,20,21,33,36,37
0,1,3,4,7,17,20,23,30,33
0,1,2,3,4,20,23,34,35,39
0,1,2,3,4,22,23,33,37,38
0,1,2,3,4,33,34,35,36,37
0,1,2,4,11,18,21,31,34,38
0,1,3,7,10,14,21,30,37,39
0,1,3,7,10,14,26,28,30,37
0,1,2,4,11,18,21,27,29,30
0,1,2,3,4,20,21,29,30,31
0,1,2,4,11,18,21,27,30,36
0,1,2,4,11,18,27,29,30,36
0,1,3,7,10,14,26,28,35,37
0,1,2,4,11,18,29,32,36,39
0,1,3,7,10,14,28,35,37,39
0,1,3,7,10,14,26,33,35,37
0,1,2,3,4,29,30,31,35,36
0,1,2,4,18,21,27,31,32,37
0,1,2,4,18,27,31,32,33,37
0,1,3,4,7,17,20,30,34,36
0,1,2,3,4,20,21,34,35,36
0,1,2,3,4,31,32,33,37,38
0,1,2,4,18,29,33,34,35,39
0,1,2,4,18,21,31,35,36,37
0,1,2,4,11,18,21,27,32,36
0,1,3,7,10,14,17,26,28,37
0,1,2,3,9,10,11,23,36,37
0,1,2,3,9,10,23,29,36,37
0,1,2,3,4,20,22,23,31,34
0,1,2,4,11,18,20,21,23,38
0,1,2,3,4,20,21,22,33,34
0,1,2,4,11,21,22,23,27,32
0,1,3,7,10,14,17,28,37,39
0,1,2,3,4,20,21,22,23,30
0,1,2,4,11,18,20,21,23,27
0,1,2,4,11,18,20,29,30,39
0,1,2,4,18,20,21,27,33,39
0,1,2,21,22,23,27,28,32,37
0,1,2,22,23,27,28,32,33,37
0,1,2,3,4,23,31,32,33,34
0,1,2,3,4,23,29,31,32,34
0,1,2,3,22,23,28,31,34,37
0,1,2,3,4,29,30,31,32,33
0,1,2,3,4,20,21,29,36,37
0,1,2,3,4,20,23,32,33,36
0,1,2,4,18,20,21,30,33,37
0,1,3,4,7,17,20,22,32,39
0,1,2,3,4,20,23,33,34,37
0,1,2,3,4,22,23,32,33,39
0,1,2,4,18,20,21,30,34,37
0,1,2,4,18,21,30,34,37,38
0,1,3,4,7,17,20,23,26,29
0,1,3,4,7,17,20,23,33,36
0,1,3,4,7,17,20,23,36,39
0,1,2,22,23,27,31,32,37,38
0,1,2,22,23,27,32,33,37,38
0,1,3,4,7,17,20,26,30,36
0,1,3,4,7,17,20,22,26,36
0,1,2,4,18,23,33,37,38,39
0,1,2,3,23,28,29,34,38,39
0,1,2,22,23,27,28,33,37,38
0,1,2,3,4,21,22,29,36,37
0,1,3,4,7,17,22,23,29,36
0,1,2,3,4,20,21,22,35,36
0,1,2,3,4,35,36,37,38,39
0,1,3,4,7,17,22,26,32,36
0,1,2,3,4,29,30,33,34,38
0,1,2,4,18,23,30,34,35,39
0,1,2,4,18,23,32,35,36,39
0,1,3,4,7,17,26,30,32,36
0,1,2,4,11,18,23,27,36,37
0,1,2,4,11,18,23,27,34,39
0,1,2,4,11,18,23,29,33,39
0,1,3,4,7,17,22,32,36,38
0,1,2,4,11,18,23,29,30,39
0,1,2,4,11,18,23,27,32,36
0,1,2,4,11,18,20,27,31,36
0,1,3,4,7,10,14,17,23,36
0,1,3,4,7,10,14,17,22,26
0,1,2,4,11,20,22,29,31,36
0,1,3,4,7,10,14,17,22,32
0,1,3,4,7,10,14,17,22,35
0,1,2,3,4,23,29,30,34,35
0,1,3,4,7,17,23,29,30,36
0,1,3,7,10,14,21,23,32,39
0,1,2,4,11,18,20,23,33,36
0,1,2,3,4,22,23,32,33,34
0,1,2,3,4,32,33,34,35,36
0,1,2,4,18,20,23,32,33,36
0,1,3,4,7,17,22,26,29,33
0,1,3,4,7,17,22,23,26,39
0,1,2,3,9,10,11,22,23,36
0,1,2,3,9,10,22,23,29,35
0,1,2,3,11,13,14,22,34,36
0,1,2,8,10,11,22,23,33,36
0,1,2,8,11,14,20,22,23,36
0,1,2,3,9,10,11,23,29,36
0,1,2,8,11,14,20,21,23,27
0,1,2,8,11,14,20,23,33,34
0,1,2,8,11,14,22,23,33,34
0,1,2,4,11,20,22,27,29,31
0,1,2,4,11,18,20,23,27,29
0,1,3,7,10,14,21,28,30,32
0,1,2,4,11,18,20,23,27,30
0,1,3,7,10,14,26,28,30,39
0,1,2,3,4,22,23,30,31,32
0,1,3,4,7,17,22,29,32,39
0,1,2,3,4,22,23,29,30,31
0,1,2,4,11,18,20,23,29,31
0,1,3,7,10,14,17,28,30,39
0,2,6,9,13,16,21,22,28,31
0,2,6,9,13,16,21,22,28,34
0,2,6,9,13,16,21,22,25,28
0,2,4,11,13,22,25,33,36,39
0,2,4,6,20,21,22,23,25,37
0,2,4,6,21,23,25,35,37,39
0,2,6,9,13,16,25,28,31,34
0,2,4,6,20,21,22,23,25,39
0,2,4,6,13,20,21,25,31,35
0,2,4,6,13,20,22,27,29,31
0,2,6,9,13,16,21,22,27,28
0,2,6,9,13,16,21,22,28,35
0,2,6,9,13,16,21,25,31,35
0,2,4,6,13,23,29,33,34,39
0,2,6,9,13,16,21,25,29,35
0,2,4,11,13,21,25,30,33,36
0,2,4,6,13,21,23,25,27,29
0,2,4,6,13,21,23,29,32,35
0,2,4,11,13,21,30,33,36,39
0,2,6,9,13,16,22,25,28,39
0,2,4,6,13,21,22,23,32,34
0,2,4,6,13,22,23,25,32,35
0,2,4,6,13,21,22,29,32,39
0,2,4,20,22,25,30,32,35,37
0,2,6,9,13,16,21,28,31,38
0,2,4,6,13,20,32,33,35,36
0,2,4,6,13,20,25,29,32,33
0,2,4,6,13,21,22,23,25,38
0,2,4,6,13,21,22,25,34,38
0,2,6,9,13,16,21,22,25,38
0,2,4,6,13,20,25,29,32,36
0,2,4,6,13,20,21,22,23,29
0,2,4,6,13,20,22,29,32,36
0,2,4,6,13,22,25,32,34,36
0,2,4,6,13,20,22,27,29,34
0,2,4,6,13,20,22,29,36,38
0,2,4,6,13,20,25,31,32,36
0,2,4,6,13,20,21,25,31,36
0,2,4,6,13,22,27,31,32,36
0,2,6,9,13,16,25,29,35,39
0,2,4,6,13,29,32,33,34,35
0,2,4,6,13,21,22,23,25,32
0,2,4,6,13,22,25,32,36,38
0,2,6,9,13,16,22,25,29,36
0,2,4,6,13,20,23,31,35,39
0,2,6,9,13,16,25,29,31,35
0,2,6,9,13,16,22,25,29,32
0,2,4,6,13,20,22,23,25,27
0,2,4,6,13,20,23,27,36,39
0,2,4,6,13,20,25,29,33,36
0,2,4,6,13,20,27,31,35,36
0,2,4,6,13,20,25,27,33,39
0,2,4,6,13,20,25,29,35,36
0,2,4,6,13,22,23,27,33,38
0,2,4,6,13,22,23,27,31,36
0,2,6,9,13,16,22,23,38,39
0,2,4,6,13,20,22,29,31,32
0,2,4,6,13,20,27,29,36,38
0,2,4,6,13,20,22,23,31,32
0,2,4,6,13,20,22,23,25,31
0,2,4,11,13,21,27,30,32,33
0,2,6,9,13,16,22,25,36,39
0,2,4,6,13,20,22,25,31,36
0,2,4,6,13,22,23,27,32,36
0,2,4,6,13,22,23,27,34,38
0,2,4,6,13,20,22,32,34,36
0,2,4,6,13,20,22,31,32,33
0,2,4,11,13,20,21,22,29,30
0,2,4,6,13,21,25,31,32,36
0,2,4,6,13,23,27,32,38,39
0,2,4,6,13,23,27,31,32,36
0,2,4,6,13,21,23,25,27,32
0,2,4,6,13,23,29,34,38,39
0,2,4,6,13,23,25,29,34,39
0,2,6,9,13,16,21,25,35,39
0,2,4,6,29,31,32,33,34,35
0,2,4,6,13,21,23,25,32,34
0,2,4,6,13,21,23,25,38,39
0,2,4,6,13,25,27,29,32,34
0,2,6,9,13,16,21,25,28,32
0,2,4,6,13,27,29,31,32,34
0,2,4,6,13,21,23,36,38,39
0,2,4,6,21,31,34,35,37,38
0,2,4,6,13,20,21,27,29,34
0,2,4,6,13,20,21,27,29,39
0,2,4,6,13,20,21,23,29,32
0,2,4,6,13,23,29,33,36,39
0,2,4,6,29,32,33,35,36,39
0,2,6,9,13,16,23,25,29,39
0,2,4,6,20,21,23,37,38,39
0,2,4,6,13,20,23,25,31,32
0,2,4,6,13,20,25,27,32,33
0,2,4,6,13,23,25,31,32,33
0,2,4,6,13,20,25,27,32,34
0,2,4,11,13,20,21,29,30,31
0,2,4,11,13,20,21,27,29,39
0,2,4,6,13,20,23,25,29,34
0,2,4,11,13,20,21,23,30,32
0,2,4,6,13,20,21,23,33,38
0,2,4,6,13,20,21,23,25,38
0,2,4,6,13,20,22,23,25,33
0,2,4,6,13,20,22,23,31,33
0,2,4,11,13,20,22,23,31,32
0,2,4,6,13,20,21,22,29,31
0,2,4,11,13,20,21,22,29,31
0,2,4,6,13,25,27,29,31,34
0,2,4,6,13,25,27,29,31,38
0,2,4,6,13,25,27,33,34,35
0,2,4,11,13,20,22,31,32,33
0,2,4,6,13,20,22,34,36,38
0,2,4,6,13,21,25,27,31,36
0,2,4,6,21,35,36,37,38,39
0,2,4,6,13,23,27,29,33,38
0,2,4,6,20,23,33,36,37,39
0,2,4,6,13,23,25,27,29,31
0,2,4,6,13,20,21,22,23,35
0,2,4,6,13,20,21,22,27,34
0,2,4,6,13,20,21,22,27,35
0,2,4,6,13,21,25,31,35,38
0,2,4,6,13,25,27,29,31,33
0,2,4,6,21,22,25,35,38,39
0,2,6,9,13,16,21,25,27,31
0,2,4,6,13,20,25,29,31,35
0,1,2,4,20,22,27,29,33,35
0,1,3,7,21,23,28,32,34,39
0,1,2,3,4,21,23,35,37,39
0,1,2,4,18,20,23,27,36,38
0,1,3,4,7,17,20,22,36,38
0,1,3,4,7,17,23,26,29,32
0,1,2,8,11,14,20,22,33,36
0,1,2,3,4,31,33,35,37,39
0,1,2,3,4,20,23,33,35,38
0,1,2,3,4,20,22,33,35,37
0,2,4,6,13,20,22,25,27,35
0,1,2,3,4,29,31,33,35,37
0,2,6,9,13,16,21,25,28,38
0,1,2,3,9,10,11,23,30,36
0,1,2,4,20,22,27,29,34,36
0,1,3,4,7,17,22,26,30,36
0,1,2,4,21,23,27,29,34,36
0,1,3,4,7,17,22,26,29,36
0,1,3,4,7,17,22,29,36,39
0,1,3,4,7,17,22,30,33,36
0,2,4,6,13,20,22,25,27,32
0,2,6,9,13,16,21,28,35,38
0,2,4,6,13,20,22,25,31,34
0,2,4,6,13,21,27,29,34,39
0,1,2,3,4,20,22,31,34,37
0,2,4,6,13,21,23,31,34,36
0,2,4,11,13,20,22,25,27,32
0,1,2,8,11,14,20,23,27,29
0,1,3,7,21,26,28,30,35,39
0,1,3,7,22,26,28,33,35,37
0,1,3,4,7,17,32,34,36,38
0,2,4,6,13,21,23,31,36,38
0,2,4,6,13,20,23,25,31,34
0,2,4,6,13,21,29,32,34,39
0,2,4,11,13,20,23,25,30,32
0,1,2,3,4,21,33,35,37,39
0,1,2,4,18,27,30,32,34,37
0,1,3,4,7,17,30,32,34,36
0,1,2,4,18,21,27,34,36,38
0,1,3,4,7,17,20,34,36,38
0,1,2,3,4,29,31,33,36,38
0,1,2,3,4,20,31,33,35,38
0,1,2,3,4,21,31,33,36,38
0,1,2,8,11,14,21,24,28,30
0,1,2,3,9,10,11,24,30,37
0,1,2,3,10,13,23,24,29,30
0,1,2,8,11,14,21,22,24,28
0,1,2,3,9,10,12,22,24,36
0,1,2,3,10,13,22,23,36,37
0,1,2,8,11,14,21,23,24,37
0,1,2,8,10,11,23,24,34,37
0,1,2,8,11,14,21,23,34,37
0,1,2,8,11,14,21,24,34,35
0,1,2,3,9,10,11,25,32,38
0,1,2,3,9,10,11,25,38,39
0,1,2,3,9,10,11,12,21,22
0,1,2,3,9,10,11,12,27,28
0,1,2,3,9,10,11,32,38,39
0,1,2,3,9,10,25,31,38,39
0,1,2,3,9,10,11,20,21,27
0,1,2,3,9,10,12,21,33,39
0,1,2,8,11,14,20,21,34,38
0,1,2,8,10,11,20,21,31,34
0,1,2,8,11,14,20,21,31,32
0,1,2,8,11,14,20,31,34,38
0,1,2,3,9,10,11,20,27,34
0,1,2,3,9,10,11,25,26,32
0,1,2,3,9,10,11,26,32,39
0,1,2,3,9,10,11,26,32,33
0,1,2,3,9,10,25,32,33,39
0,1,2,3,9,10,11,25,32,39
0,1,2,8,11,14,23,24,32,33
0,1,2,3,9,10,12,25,31,33
0,1,2,8,11,14,23,24,26,30
0,1,2,8,10,11,23,26,32,33
0,1,2,8,11,14,23,26,30,32
0,1,2,3,9,10,20,21,27,33
0,1,2,3,9,10,11,21,28,34
0,1,2,3,9,10,11,12,26,27
0,1,2,3,9,10,11,21,27,34
0,1,2,3,10,13,20,21,26,27
0,1,2,8,10,11,21,27,28,38
0,1,2,8,11,14,21,25,27,28
0,1,2,8,11,14,23,25,26,39
0,1,2,8,10,11,25,26,36,39
0,1,2,3,9,10,12,24,26,38
0,1,2,8,11,14,23,25,36,39
0,1,2,3,9,10,21,27,34,35
0,1,2,8,11,14,25,26,28,32
0,1,2,3,9,10,12,27,33,35
0,1,2,8,11,14,25,26,32,35
0,1,2,8,10,11,25,28,34,35
0,1,2,8,11,14,25,26,34,35
0,1,2,8,11,14,22,23,25,29
0,1,2,3,9,10,12,24,30,32
0,1,2,3,10,13,24,25,30,31
0,1,2,8,10,11,22,25,31,32
0,1,2,3,9,10,11,25,31,32
0,1,2,3,9,10,24,25,31,32
0,1,2,8,11,14,23,26,36,37
0,1,2,8,11,14,25,28,32,34
0,1,2,8,11,14,22,25,29,31
0,1,2,3,10,13,23,24,37,38
0,1,2,8,11,14,22,24,25,38
0,1,2,3,9,10,11,12,25,26
0,1,2,8,11,14,22,25,35,36
0,1,2,8,10,11,24,25,35,38
0,1,2,3,9,10,11,24,25,38
0,1,2,3,9,10,24,25,31,37
0,1,2,8,11,14,24,25,35,36
0,1,2,3,9,10,11,25,31,38
0,1,2,3,9,10,11,24,37,38
0,1,2,3,9,10,24,30,37,38
0,1,2,3,9,10,11,24,31,37
0,1,2,3,9,10,23,24,30,36
0,1,2,3,11,13,14,29,31,37
0,1,2,8,10,11,28,31,37,38
0,1,2,8,11,14,28,29,37,38
0,1,2,8,11,14,28,29,31,35
0,1,2,3,9,10,24,31,32,38
0,1,2,8,11,14,23,24,34,35
0,1,2,8,11,14,22,23,31,32
0,1,2,3,4,24,25,31,32,38
0,1,2,4,11,18,22,27,28,32
0,1,2,3,4,20,21,22,26,27
0,1,2,4,11,18,22,28,32,38
0,1,2,4,11,18,21,22,23,32
0,1,2,3,4,20,21,25,26,39
0,1,2,4,18,20,21,22,26,36
0,1,2,4,18,22,23,24,28,38
0,1,2,4,11,18,25,26,27,38
0,1,3,4,7,10,14,17,21,28
0,1,2,3,21,26,28,30,37,39
0,1,2,4,11,18,21,25,28,38
0,1,3,7,10,14,24,26,28,37
0,1,2,4,11,18,21,25,27,36
0,1,2,4,11,18,28,29,38,39
0,1,2,4,11,20,21,25,30,39
0,1,2,3,4,20,21,22,23,28
0,1,2,3,24,25,26,37,38,39
0,1,2,4,11,18,23,26,36,39
0,1,2,4,11,18,25,26,27,36
0,1,3,4,7,10,14,17,25,31
0,1,2,3,4,20,22,24,26,38
0,1,2,3,4,25,26,27,35,36
0,1,2,4,11,18,25,26,35,36
0,1,2,4,11,18,25,29,35,36
0,1,2,3,4,24,30,31,32,38
0,1,2,3,4,24,30,31,37,38
0,1,3,4,7,10,14,17,21,31
0,1,3,4,7,10,14,17,21,34
0,1,2,3,4,24,25,26,27,37
0,1,2,3,23,24,25,36,37,38
0,1,2,4,11,18,22,25,35,38
0,1,2,3,4,24,26,27,35,38
0,1,2,4,11,18,22,24,27,33
0,1,2,3,4,27,28,30,36,39
0,1,2,4,11,18,25,27,30,36
0,1,2,4,11,18,25,29,30,35
0,1,2,4,11,18,25,29,35,39
0,1,2,3,4,27,28,29,33,34
0,1,2,4,11,18,21,24,34,37
0,1,2,4,11,18,21,24,37,39
0,1,2,3,4,20,22,24,36,38
0,1,2,4,11,18,21,24,30,32
0,1,2,4,11,21,22,23,24,39
0,1,2,4,11,18,21,24,32,39
0,1,2,4,11,18,21,24,35,39
0,1,2,4,11,18,21,32,35,39
0,1,2,4,11,18,21,30,32,39
0,1,3,4,7,10,14,22,24,38
0,1,2,4,11,18,24,28,34,38
0,1,2,4,11,18,21,28,34,39
0,1,3,4,7,10,14,20,22,24
0,1,2,3,4,21,23,30,37,39
0,1,2,3,4,22,23,30,37,38
0,1,2,4,11,18,23,25,34,39
0,1,2,4,11,18,23,25,37,39
0,1,2,3,24,26,28,35,37,39
0,1,2,4,11,23,27,28,37,38
0,1,2,4,11,18,23,25,28,34
0,1,2,3,4,20,22,25,34,37
0,1,2,3,4,20,21,22,27,39
0,1,3,7,10,14,17,22,24,33
0,1,2,3,24,26,27,28,33,37
0,1,2,4,11,26,27,28,32,37
0,1,2,4,11,18,25,26,28,32
0,1,2,4,11,18,25,28,32,34
0,1,2,3,4,25,26,27,28,35
0,1,2,4,11,18,25,28,32,35
0,1,2,3,4,27,29,31,33,35
0,1,2,4,11,18,21,23,26,32
0,1,2,4,11,18,21,23,32,35
0,1,2,4,11,18,21,23,26,34
0,1,3,7,10,14,17,20,22,31
0,1,3,7,10,14,17,22,31,33
0,1,2,4,11,21,23,24,25,26
0,1,2,3,4,23,24,35,36,37
0,1,2,4,11,18,21,24,32,37
0,1,2,4,11,18,21,24,35,37
0,1,3,7,10,14,20,22,24,33
0,1,3,7,10,14,17,20,29,31
0,1,2,3,4,23,25,27,34,36
0,1,2,3,22,24,26,33,35,37
0,1,2,4,11,21,25,26,35,36
0,1,2,3,4,23,24,25,34,35
0,1,2,4,11,18,21,25,34,35
0,1,2,4,18,25,29,30,31,35
0,1,2,3,4,24,30,32,34,36
0,1,2,3,4,24,30,31,35,37
0,1,2,4,11,18,24,31,32,33
0,1,2,4,11,18,24,28,32,34
0,1,2,4,11,18,24,28,34,35
0,1,2,4,11,18,24,25,34,35
0,1,2,3,4,23,24,28,35,36
0,1,2,3,4,24,30,31,35,36
0,1,2,4,11,18,21,28,32,37
0,1,2,3,4,23,24,28,29,37
0,1,2,3,4,23,24,25,29,30
0,1,3,4,7,10,14,17,20,24
0,1,3,4,7,10,14,17,24,30
0,1,3,4,7,10,14,17,24,31
0,1,2,3,4,24,25,26,27,32
0,1,2,4,11,18,22,25,29,32
0,1,2,4,11,23,24,25,29,34
0,1,2,3,22,24,25,26,31,35
0,1,2,4,11,24,25,26,30,35
0,1,2,4,11,18,23,24,26,30
0,1,2,4,11,18,23,26,30,32
0,1,2,3,4,25,26,33,34,35
0,1,2,3,4,24,25,29,30,34
0,1,2,3,4,25,26,27,28,33
0,1,2,4,11,18,23,24,33,34
0,1,2,4,11,18,22,27,31,33
0,1,2,4,11,25,26,27,31,36
0,1,2,4,11,18,24,25,27,31
0,1,3,7,10,14,17,21,23,32
0,1,2,4,11,18,22,25,31,33
0,1,3,7,10,14,17,21,30,32
0,1,2,4,11,20,24,25,34,35
0,1,2,4,11,18,20,22,25,31
0,1,3,7,10,14,17,21,30,39
0,1,2,4,18,20,24,25,26,30
0,1,2,4,18,22,26,27,28,32
0,1,2,3,4,24,26,28,30,32
0,1,2,3,4,22,24,26,28,30
0,1,2,3,4,22,23,24,25,26
0,1,2,20,21,25,26,30,35,36
0,1,3,4,7,17,23,25,29,39
0,1,2,3,21,22,26,31,32,37
0,1,2,20,21,25,26,30,31,36
0,1,2,3,4,20,21,24,25,36
0,1,2,3,23,26,29,32,37,38
0,1,2,3,23,27,28,32,37,38
0,1,2,3,4,24,26,29,32,34
0,1,2,3,4,24,26,29,32,35
0,1,2,3,4,24,26,29,32,38
0,1,2,3,4,20,23,26,29,38
0,1,2,3,4,20,23,26,35,37
0,1,2,3,4,20,23,32,34,37
0,1,2,4,18,20,24,30,34,39
0,1,2,23,24,28,29,34,38,39
0,1,2,3,4,22,24,27,30,33
0,1,2,3,23,24,29,33,34,38
0,1,2,23,24,28,29,33,34,38
0,1,2,3,4,30,32,34,36,38
0,1,3,4,7,17,22,23,26,27
0,1,2,4,18,20,24,25,29,36
0,1,2,3,4,20,21,25,26,32
0,1,3,4,7,17,25,26,32,39
0,1,2,4,18,22,26,27,31,38
0,1,2,4,18,25,29,30,34,38
0,1,2,3,4,20,21,27,33,34
0,1,2,4,18,20,21,25,26,34
0,1,2,3,4,20,21,25,26,33
0,1,3,4,7,17,20,23,24,27
0,1,3,4,7,17,20,26,27,33
0,1,3,4,7,17,20,26,33,39
0,1,2,4,18,20,23,25,27,34
0,1,3,4,7,17,23,25,27,29
0,1,2,3,4,22,24,26,29,31
0,1,2,3,4,22,24,27,29,32
0,1,2,4,18,20,22,24,27,29
0,1,3,4,7,17,25,27,29,31
0,1,2,3,4,24,26,29,31,34
0,1,2,4,18,25,27,29,32,34
0,1,2,3,4,27,28,29,30,35
0,1,2,4,20,25,27,31,33,38
0,1,3,7,21,26,30,32,37,39
0,1,2,4,18,21,23,30,34,36
0,1,2,3,4,20,22,24,27,29
0,1,2,4,18,20,22,25,27,38
0,1,2,3,4,20,22,25,27,30
0,1,3,4,7,17,21,23,25,39
0,1,2,4,18,20,22,24,33,37
0,1,2,4,18,20,21,22,28,34
0,1,3,4,7,17,21,23,27,37
0,1,3,4,7,17,21,27,31,37
0,1,2,3,4,21,22,23,36,37
0,1,2,4,18,21,24,30,37,39
0,1,3,4,7,17,21,23,37,39
0,1,2,3,4,30,31,32,33,38
0,1,3,4,7,17,24,27,30,31
0,1,3,4,7,17,24,30,31,37
0,1,2,3,4,24,25,28,29,33
0,1,2,3,4,27,28,31,32,36
0,1,3,4,7,17,24,27,28,31
0,1,3,4,7,17,24,25,31,38
0,1,3,4,7,17,20,24,27,37
0,1,2,4,18,21,23,25,28,30
0,1,2,4,18,21,23,28,30,37
0,1,2,4,21,23,28,30,34,36
0,1,3,7,20,22,24,29,33,35
0,1,3,4,7,17,20,24,30,36
0,1,2,3,4,23,30,32,35,37
0,1,3,4,7,17,24,27,30,33
0,1,2,3,4,23,25,27,29,31
0,1,2,4,18,21,23,26,28,37
0,1,3,4,7,17,20,23,26,37
0,1,2,4,18,21,24,28,35,37
0,1,3,7,20,22,27,29,31,36
0,1,3,4,7,17,20,24,26,30
0,1,3,4,7,17,20,23,31,34
0,1,3,4,7,17,23,24,30,37
0,1,2,3,4,22,23,24,30,31
0,1,3,4,7,17,23,26,27,30
0,1,2,4,18,21,28,32,33,37
0,1,3,4,7,17,20,32,36,39
0,1,2,3,4,21,22,25,35,38
0,1,3,4,7,17,25,32,38,39
0,1,2,3,4,20,21,24,25,32
0,1,2,4,18,20,21,25,29,36
0,1,2,4,18,21,22,25,29,38
0,1,3,4,7,17,21,25,28,38
0,1,2,3,4,20,23,25,31,38
0,1,2,3,4,20,22,24,35,37
0,1,2,3,4,20,22,25,35,37
0,1,2,3,4,20,24,31,32,36
0,1,3,4,7,17,24,31,37,38
0,1,2,4,18,25,29,32,33,36
0,1,2,4,18,25,29,32,34,36
0,1,3,4,7,17,21,25,31,35
0,1,2,4,22,24,29,31,36,38
0,1,3,7,21,23,28,30,32,37
0,1,3,4,7,17,21,24,32,35
0,1,2,3,4,25,26,29,30,38
0,1,3,4,7,17,25,31,32,38
0,1,2,3,24,25,30,34,35,39
0,1,2,3,4,27,28,30,33,36
0,1,2,23,24,29,33,34,38,39
0,1,3,4,7,17,22,25,33,36
0,1,3,7,22,24,29,31,33,38
0,1,3,7,22,24,26,31,35,37
0,1,3,4,7,17,22,26,32,38
0,1,3,4,7,17,22,28,32,38
0,1,2,4,23,25,29,31,36,38
0,1,3,7,24,28,30,35,37,39
0,1,2,4,18,23,26,29,35,37
0,1,2,4,18,23,25,27,30,32
0,1,3,4,7,17,26,29,32,35
0,1,3,4,7,17,22,25,28,31
0,1,3,4,7,17,22,25,28,35
0,1,2,3,4,27,29,32,35,37
0,1,2,3,4,27,29,32,35,38
0,1,2,4,18,23,27,28,32,36
0,1,2,3,24,25,26,31,32,33
0,1,3,4,7,10,14,17,26,33
0,1,2,3,4,25,26,27,31,32
0,1,3,4,7,17,26,28,30,32
0,1,2,4,11,18,21,24,26,33
0,1,2,3,4,21,23,24,26,32
0,1,2,4,11,18,21,23,26,30
0,1,2,4,11,18,23,26,30,33
0,1,3,7,10,14,22,29,31,33
0,1,2,4,11,18,23,26,30,39
0,1,3,4,7,17,22,25,29,32
0,1,2,4,18,23,26,27,30,39
0,1,3,4,7,17,22,25,26,29
0,1,3,4,7,17,25,28,29,32
0,1,2,3,4,23,25,28,30,33
0,1,2,3,4,25,27,30,32,35
0,1,2,3,4,31,32,33,34,35
0,1,2,4,18,25,29,32,35,39
0,1,2,20,25,29,30,34,35,39
0,1,2,4,18,21,25,27,30,32
0,1,2,4,18,21,25,28,31,35
0,1,3,4,7,17,28,30,32,34
0,1,2,3,4,21,22,23,24,29
0,1,2,3,4,21,23,25,27,29
0,1,2,4,11,18,22,24,26,33
0,1,3,4,7,17,21,28,32,34
0,1,3,4,7,17,28,32,34,38
0,1,2,3,4,21,22,23,29,35
0,1,3,4,7,17,22,28,29,35
0,1,3,4,7,17,22,26,28,32
0,1,2,4,18,21,25,26,27,31
0,1,3,4,7,10,14,27,29,31
0,1,3,4,7,17,24,26,28,30
0,1,2,3,4,21,23,26,28,31
0,1,2,4,18,23,24,25,29,39
0,1,3,4,7,17,22,24,26,28
0,1,2,20,21,25,26,30,31,35
0,1,3,4,7,17,21,28,30,34
0,1,3,4,7,17,24,28,30,34
0,1,3,4,7,17,24,28,34,38
0,1,3,4,7,17,22,24,28,38
0,1,3,4,7,17,21,27,28,34
0,1,2,4,11,18,21,24,28,31
0,1,2,3,22,23,24,29,30,31
0,1,3,7,10,14,20,27,29,31
0,1,2,4,11,22,23,24,28,33
0,1,2,3,4,21,22,24,30,33
0,1,2,4,11,18,21,24,30,33
0,1,2,4,11,18,21,24,31,33
0,1,3,7,10,14,17,20,29,38
0,1,3,4,7,17,20,21,27,34
0,1,2,3,4,21,27,34,36,39
0,1,3,4,7,17,20,28,31,34
0,1,3,4,7,17,21,24,27,35
0,1,3,4,7,17,20,21,24,37
0,1,2,4,18,21,25,32,34,36
0,1,2,4,18,21,28,32,36,39
0,1,2,4,18,21,25,28,32,34
0,1,2,4,18,21,25,28,32,39
0,1,3,7,20,24,26,31,33,35
0,1,3,7,24,26,28,33,37,39
0,1,2,4,18,21,23,26,28,39
0,1,2,3,4,21,24,34,36,39
0,1,2,4,18,21,23,25,28,32
0,1,2,4,18,21,25,28,32,38
0,1,3,4,7,17,21,23,25,27
0,1,2,4,18,20,23,25,32,36
0,1,2,4,18,20,21,25,32,36
0,1,3,4,7,17,21,25,27,31
0,1,2,3,4,20,23,24,34,39
0,1,2,3,4,20,21,25,26,37
0,1,3,4,7,17,21,22,28,35
0,1,2,3,4,20,23,24,28,39
0,1,2,3,4,22,23,27,28,38
0,1,3,4,7,17,21,22,25,38
0,1,2,3,4,20,23,25,28,38
0,1,2,3,4,20,23,25,36,38
0,1,2,3,4,21,23,26,36,38
0,2,4,6,13,20,21,23,30,32
0,2,4,6,13,23,25,26,34,36
0,2,4,6,13,26,27,29,36,39
0,2,4,6,13,20,22,29,31,39
0,2,4,6,13,20,27,29,37,38
0,2,4,6,13,21,27,28,29,30
0,2,4,6,13,21,27,28,30,39
0,2,4,6,13,20,22,27,29,35
0,2,4,6,13,20,22,27,29,37
0,2,4,6,21,24,26,29,36,39
0,2,4,21,24,26,29,34,36,39
0,2,4,6,13,21,23,26,28,33
0,2,4,11,13,21,24,27,30,35
0,2,4,6,13,21,23,26,28,36
0,2,4,6,20,22,25,27,30,37
0,2,4,20,22,25,27,30,35,37
0,2,4,6,13,21,23,26,28,29
0,2,4,6,13,21,23,26,28,34
0,2,4,6,13,20,21,23,26,28
0,2,4,6,13,20,22,25,27,39
0,2,4,6,13,20,22,27,28,34
0,2,4,6,13,20,22,27,28,35
0,2,6,9,13,16,20,22,23,37
0,2,4,6,13,20,22,28,33,35
0,2,4,11,13,20,22,31,34,37
0,2,4,6,13,20,22,23,35,37
0,2,4,11,13,20,23,26,34,37
0,2,6,9,13,16,22,23,29,35
0,2,4,6,13,21,23,26,28,35
0,2,6,9,13,16,22,29,32,35
0,2,4,21,24,26,31,34,36,39
0,2,4,6,13,23,26,33,35,36
0,2,4,6,13,20,21,22,23,30
0,2,6,9,13,16,20,22,23,29
0,2,4,6,13,20,22,28,30,35
0,2,4,21,23,26,31,33,36,38
0,2,4,20,23,26,28,31,33,38
0,2,4,6,13,20,23,26,29,31
0,2,4,11,13,21,24,27,30,33
0,2,6,9,13,16,22,29,32,39
0,2,6,9,13,16,22,29,36,39
0,2,4,21,23,26,28,31,33,38
0,2,4,6,13,22,23,24,29,30
0,2,4,6,13,20,23,25,26,38
0,2,6,9,13,16,22,23,29,30
0,2,4,6,13,20,22,23,30,33
0,2,4,11,13,21,24,27,30,38
0,2,6,9,13,16,23,26,33,36
0,2,6,9,13,16,30,33,36,39
0,2,6,9,13,16,20,26,27,33
0,2,4,6,13,20,21,23,26,32
0,2,4,6,13,20,21,30,32,38
0,2,4,6,13,20,23,25,28,34
0,2,4,6,13,20,26,28,34,37
0,2,4,6,13,20,26,29,37,38
0,2,6,9,13,16,20,23,26,29
0,2,4,6,13,20,26,29,31,37
0,2,4,6,13,20,21,22,31,39
0,2,4,6,13,21,23,32,34,35
0,2,4,6,13,21,23,26,32,35
0,2,4,6,13,21,22,23,24,32
0,2,4,6,13,21,22,23,24,36
0,2,4,6,13,23,26,34,35,36
0,2,4,6,13,23,25,26,34,37
0,2,4,6,13,23,25,28,34,37
0,2,4,6,13,21,23,24,26,38
0,2,4,6,13,20,23,25,37,38
0,2,4,6,13,23,24,25,34,36
0,2,4,6,13,21,22,23,28,30
0,2,4,11,13,20,23,26,28,37
0,2,4,6,13,22,24,32,35,37
0,2,4,11,13,20,23,26,29,32
0,2,6,9,13,16,26,29,32,35
0,2,4,11,13,21,23,24,32,35
0,2,4,11,13,21,22,23,31,32
0,2,6,9,13,16,28,31,34,37
0,2,4,6,13,23,24,25,30,31
0,2,4,6,13,21,26,27,28,33
0,2,4,6,13,25,26,27,28,37
0,2,4,6,13,25,27,30,32,37
0,2,4,11,13,21,23,24,32,34
0,2,4,11,13,21,24,26,34,39
0,2,4,6,13,23,25,28,30,35
0,2,4,11,13,21,23,26,28,33
0,2,4,11,13,21,22,23,24,32
0,2,4,6,13,21,24,27,33,35
0,2,4,11,13,21,24,27,32,38
0,2,6,9,13,16,27,30,33,36
0,2,4,6,13,20,23,25,33,38
0,2,4,11,13,20,23,25,33,38
0,2,4,6,13,20,26,29,35,38
0,2,4,6,13,22,24,27,33,36
0,2,4,11,13,20,23,26,29,31
0,2,4,11,13,20,23,26,29,34
0,2,6,9,13,16,29,32,35,38
0,2,4,6,13,20,26,27,29,38
0,2,4,6,13,24,25,26,27,36
0,2,4,11,13,20,22,23,31,33
0,2,4,6,13,22,24,25,33,36
0,2,4,6,13,22,23,24,25,37
0,2,6,9,13,16,25,26,32,38
0,2,4,6,13,21,22,24,30,33
0,2,4,6,13,21,23,26,29,35
0,2,4,6,13,21,22,23,24,33
0,2,4,6,13,20,22,27,35,37
0,2,6,9,13,16,23,24,30,36
0,2,6,9,13,16,20,23,30,33
0,2,4,6,13,21,24,26,31,39
0,2,4,6,13,22,24,25,33,35
0,2,6,9,13,16,24,25,31,37
0,2,6,9,13,16,20,21,27,28
0,2,6,9,13,16,20,27,34,37
0,2,6,9,13,16,20,31,34,37
0,2,6,9,13,16,23,24,30,31
0,2,4,6,13,26,28,33,34,35
0,2,4,11,13,22,28,31,34,37
0,2,4,6,13,20,22,28,31,34
0,2,4,6,13,20,22,31,33,34
0,2,4,6,13,20,27,28,29,38
0,2,4,6,13,20,28,31,33,38
0,2,4,6,13,22,24,27,29,34
0,2,4,6,13,22,24,31,33,34
0,2,6,9,13,16,20,23,26,37
0,2,4,6,13,24,26,27,29,36
0,2,4,6,13,24,26,29,31,36
0,2,4,11,13,20,22,25,27,35
0,2,4,11,13,22,24,25,33,34
0,2,4,11,13,22,24,25,33,35
0,2,4,6,13,23,24,25,32,34
0,2,4,6,13,21,26,28,34,39
0,2,4,6,13,20,21,27,28,34
0,2,4,6,13,25,26,27,34,36
0,2,4,6,13,25,26,27,37,39
0,2,4,11,13,23,24,25,32,34
0,2,4,6,13,23,24,25,30,37
0,2,4,6,13,21,23,32,33,34
0,2,4,11,13,21,23,32,33,34
0,2,4,6,13,21,22,23,28,35
0,2,4,6,13,24,25,26,36,38
0,2,4,6,13,20,25,26,27,33
0,2,4,11,13,22,23,24,31,33
0,2,4,6,13,22,23,24,29,36
0,2,4,6,13,20,25,27,33,38
0,2,4,11,13,22,24,33,34,35
0,2,4,6,13,26,27,28,35,37
0,2,4,11,13,24,25,26,33,35
0,2,4,6,13,23,24,25,35,37
0,2,4,11,13,21,22,23,30,32
0,2,4,6,13,21,23,28,30,35
0,2,4,6,13,21,22,23,33,35
0,2,4,6,13,22,24,26,31,33
0,2,4,6,13,24,25,26,31,39
0,2,4,6,13,20,22,24,31,33
0,2,4,6,13,20,23,24,35,36
0,2,4,6,13,20,22,23,24,39
0,2,4,6,13,20,22,24,25,27
0,2,4,6,13,20,24,27,31,36
0,2,4,6,13,20,22,24,33,35
0,2,4,6,13,22,24,25,26,29
0,2,4,6,13,22,23,25,26,29
0,2,4,6,13,20,22,23,26,39
0,2,4,6,13,20,24,26,29,35
0,2,4,6,20,21,22,23,24,26
0,2,4,6,21,22,23,24,25,26
0,2,4,6,13,22,25,31,33,37
0,2,4,6,13,22,26,27,31,37
0,2,4,6,13,20,22,24,26,38
0,2,4,6,13,20,22,26,31,36
0,2,4,6,13,20,24,25,29,35
0,2,4,6,13,22,23,26,29,39
0,2,4,6,13,22,23,24,29,37
0,2,4,6,13,23,24,29,33,39
0,2,4,6,13,22,24,26,33,35
0,2,4,6,13,22,31,33,37,39
0,2,4,6,13,24,29,33,35,39
0,2,4,6,22,23,25,26,29,39
0,2,4,6,13,29,31,33,35,37
0,2,4,6,20,21,23,24,27,37
0,2,4,6,13,22,27,31,33,37
0,2,4,6,13,20,24,27,31,35
0,2,6,9,13,16,20,23,27,36
0,2,4,6,13,20,22,23,24,27
0,2,4,6,13,23,26,29,33,39
0,2,6,9,13,16,29,33,35,39
0,2,6,9,13,16,22,23,33,39
0,2,6,9,13,16,23,29,33,39
0,2,4,6,13,20,23,24,35,39
0,2,6,9,13,16,20,24,29,30
0,2,6,9,13,16,20,26,30,36
0,2,4,6,13,24,26,27,29,30
0,2,4,6,13,22,24,26,27,29
0,2,4,6,13,21,23,26,28,30
0,2,4,6,13,21,26,30,33,34
0,2,4,6,13,23,26,27,30,34
0,2,4,6,13,21,23,28,30,32
0,2,4,6,13,21,23,28,30,37
0,2,6,9,13,16,22,23,26,29
0,2,4,6,13,23,26,27,28,29
0,2,4,6,23,25,26,27,28,29
0,2,4,6,13,21,33,34,36,37
0,2,4,6,13,23,25,26,27,30
0,2,4,6,13,20,22,35,37,38
0,2,6,9,13,16,20,23,24,27
0,2,4,6,13,20,24,29,33,34
0,2,4,6,13,22,27,33,34,38
0,2,4,6,13,22,27,31,37,38
0,2,4,6,13,22,29,33,37,38
0,2,6,9,13,16,20,24,27,31
0,2,4,6,13,21,22,25,26,37
0,2,4,6,13,21,22,26,30,33
0,2,4,6,13,21,22,26,30,35
0,2,4,6,13,21,22,26,32,37
0,2,4,6,13,21,23,28,29,35
0,2,4,6,13,21,26,32,33,37
0,2,4,6,13,23,28,32,33,37
0,2,4,6,13,21,26,30,33,37
0,2,4,6,13,21,23,25,26,28
0,2,6,9,13,16,22,23,28,29
0,2,4,6,13,21,23,30,32,34
0,2,4,6,13,26,28,30,32,34
0,2,4,6,13,23,30,32,34,36
0,2,6,9,13,16,22,23,29,36
0,2,6,9,13,16,22,23,26,32
0,2,6,9,13,16,22,26,32,36
0,2,4,6,22,24,25,26,27,28
0,2,4,6,13,22,24,27,33,38
0,2,4,6,24,26,27,28,29,30
0,2,4,6,24,27,28,30,31,34
0,2,4,6,13,22,26,27,32,36
0,2,4,6,13,20,24,25,29,33
0,2,4,6,13,20,24,25,29,34
0,2,4,6,13,21,24,26,28,37
0,2,6,9,13,16,21,22,32,38
0,2,4,6,13,22,23,26,36,39
0,2,4,6,13,21,22,23,24,26
0,2,6,9,13,16,22,28,32,38
0,2,4,6,13,21,22,26,32,36
0,2,4,6,13,21,25,26,30,35
0,2,4,6,13,21,23,30,32,39
0,2,4,6,13,21,25,26,30,34
0,2,4,6,13,21,25,26,30,36
0,2,4,6,13,21,28,32,36,37
0,2,4,6,13,21,26,30,36,37
0,2,4,6,13,20,21,24,28,37
0,2,4,6,21,23,25,27,37,39
0,2,4,6,13,20,21,23,24,28
0,2,4,6,13,21,23,24,26,28
0,2,4,6,20,21,24,34,37,38
0,2,4,6,13,21,26,30,32,36
0,2,4,6,13,21,23,26,32,37
0,2,4,6,13,20,23,26,32,34
0,2,6,9,13,16,26,30,32,36
0,2,4,6,13,20,25,26,27,32
0,2,4,6,20,22,23,26,36,39
0,2,4,6,13,20,23,25,27,30
0,2,6,9,13,16,20,23,27,30
0,2,6,9,13,16,20,24,27,37
0,2,4,6,22,25,26,28,29,32
0,2,4,6,13,22,27,32,36,38
0,2,4,6,13,20,24,29,34,38
0,2,4,6,13,20,25,30,34,36
0,2,6,9,13,16,20,30,34,36
0,2,4,6,13,20,23,32,34,38
0,2,4,6,20,23,24,26,27,30
0,2,4,6,13,20,32,34,36,38
0,2,6,9,13,16,24,28,34,38
0,2,6,9,13,16,28,32,34,38
0,2,4,6,21,22,24,25,28,38
0,2,4,6,13,28,30,32,34,36
0,2,4,6,13,23,28,32,34,38
0,2,4,6,13,20,21,25,30,36
0,2,4,6,13,20,24,25,29,36
0,2,4,6,13,20,21,24,25,36
0,2,6,9,13,16,20,23,24,34
0,2,6,9,13,16,20,24,30,31
0,2,4,6,13,20,24,29,30,34
0,2,6,9,13,16,20,24,30,34
0,2,4,6,13,21,23,27,30,37
0,2,4,6,13,23,27,28,33,37
0,2,4,6,13,21,23,26,35,37
0,2,4,6,13,23,26,27,30,33
0,2,4,6,23,26,27,29,30,33
0,2,4,6,13,21,23,25,37,39
0,2,4,6,13,21,23,35,37,39
0,2,4,6,13,23,28,33,37,39
0,2,4,6,13,21,23,30,37,39
0,2,4,6,13,21,24,28,31,35
0,2,4,6,13,21,26,31,35,37
0,2,4,6,13,21,24,33,35,39
0,2,4,6,13,21,25,26,31,35
0,2,6,9,13,16,23,24,27,33
0,2,6,9,13,16,27,31,33,37
0,2,6,9,13,16,23,27,33,37
0,2,6,9,13,16,21,27,31,37
0,2,4,6,13,21,24,25,28,35
0,2,4,6,13,21,24,28,35,37
0,2,4,6,13,21,23,24,31,33
0,2,4,6,13,21,24,25,28,32
0,2,4,6,13,21,24,25,28,31
0,2,4,6,21,24,25,27,28,31
0,2,4,6,13,21,33,35,37,39
0,2,4,6,13,23,24,28,33,37
0,2,4,6,13,23,24,28,35,39
0,2,4,6,13,23,24,28,32,37
0,2,4,6,13,23,24,28,34,39
0,2,4,6,13,21,28,30,37,39
0,2,6,9,13,16,20,23,24,39
0,2,4,6,13,20,21,32,36,37
0,2,6,9,13,16,23,26,30,39
0,2,4,6,13,20,23,25,30,32
0,2,4,6,13,27,29,30,31,34
0,2,4,6,13,25,27,29,30,32
0,2,4,6,13,20,21,23,36,39
0,2,4,6,13,20,33,36,37,38
0,2,4,6,13,20,23,27,33,37
0,2,6,9,13,16,23,27,29,33
0,2,4,6,13,20,21,25,29,34
0,2,4,6,13,20,25,29,33,34
0,2,4,6,13,23,27,33,34,38
0,2,4,6,13,20,33,34,36,37
0,2,4,6,20,32,34,35,36,37
0,2,4,6,20,34,35,36,37,38
0,2,4,6,13,20,25,29,30,34
0,2,4,6,13,23,29,30,34,38
0,2,6,9,13,16,23,26,29,32
0,2,4,6,13,20,21,25,32,36
0,2,4,11,13,20,25,28,29,34
0,2,6,9,13,16,20,23,34,37
0,2,4,6,13,21,25,29,30,34
0,2,4,6,13,23,29,30,34,39
0,2,4,6,13,21,27,32,36,37
0,2,4,6,13,21,25,30,36,37
0,2,4,6,13,21,23,36,37,39
0,2,4,6,13,20,21,33,34,39
0,2,4,6,13,20,23,29,32,34
0,2,6,9,13,16,20,26,32,33
0,2,4,6,13,20,21,30,32,39
0,2,6,9,13,16,23,29,30,36
0,2,4,6,13,23,27,30,33,37
0,2,4,6,13,21,23,27,32,37
0,2,6,9,13,16,23,33,37,39
0,2,4,6,13,21,27,31,34,37
0,2,4,6,13,21,27,28,34,37
0,2,4,6,13,21,27,28,32,37
0,2,4,6,13,21,23,27,32,38
0,2,4,11,13,21,26,27,30,35
0,2,4,6,13,21,25,28,32,37
0,2,4,6,13,23,27,28,32,39
0,2,4,6,13,21,23,25,27,34
0,2,6,9,13,16,21,23,27,37
0,2,4,6,13,23,29,34,35,38
0,2,4,11,13,21,27,32,35,36
0,2,4,6,13,21,25,34,37,38
0,2,4,6,13,21,27,34,37,38
0,2,6,9,13,16,21,24,27,30
0,2,4,6,13,21,25,30,34,35
0,2,4,6,13,23,28,34,35,39
0,2,6,9,13,16,21,24,25,28
0,2,4,6,13,21,25,28,35,39
0,2,4,6,13,21,28,35,37,39
0,2,6,9,13,16,21,31,35,37
0,2,4,6,13,23,28,29,32,37
0,2,4,6,13,25,28,29,30,31
0,2,4,6,13,25,28,30,31,32
0,2,4,6,25,27,28,29,30,31
0,2,4,11,13,21,23,26,32,37
0,2,4,11,13,21,26,29,32,37
0,2,4,6,13,23,30,34,38,39
0,2,4,6,13,23,28,32,38,39
0,2,6,9,13,16,21,32,35,38
0,2,6,9,13,16,21,24,28,31
0,2,6,9,13,16,21,24,28,37
0,2,4,6,13,23,25,27,28,30
0,2,4,11,13,23,27,29,32,35
0,2,4,11,13,23,27,29,32,38
0,2,4,11,13,23,27,32,35,38
0,2,6,9,13,16,21,24,27,38
0,2,4,6,13,27,28,29,34,35
0,2,6,9,13,16,24,25,31,32
0,2,4,6,13,21,28,30,38,39
0,2,4,6,13,21,23,28,30,36
0,2,4,6,13,21,27,30,32,38
0,2,4,6,13,21,27,30,38,39
0,2,4,11,13,25,26,27,34,36
0,2,4,6,13,28,30,36,37,38
0,2,4,6,13,25,27,36,37,38
0,2,4,6,13,21,27,32,34,39
0,2,4,6,13,23,25,30,31,37
0,2,4,11,13,21,27,28,29,39
0,2,4,11,13,25,27,36,37,38
0,2,4,6,13,21,23,28,30,38
0,2,4,11,13,21,23,28,30,38
0,2,4,11,13,21,23,26,28,36
0,2,4,11,13,23,25,26,34,35
0,2,4,6,27,30,31,33,34,37
0,2,4,6,25,28,29,31,32,35
0,2,4,6,13,21,25,30,35,39
0,2,4,6,13,23,25,34,35,36
0,2,4,11,13,23,25,34,35,36
0,2,4,6,13,21,23,29,30,36
0,2,4,6,13,21,28,29,30,38
0,2,4,11,13,21,28,29,30,38
0,2,6,9,13,16,21,23,24,25
0,2,4,6,13,21,27,28,32,36
0,2,4,6,13,23,27,28,32,38
0,1,2,8,9,10,21,22,23,28
0,1,2,8,9,10,21,22,28,35
0,1,2,8,9,10,21,24,28,34
0,1,2,8,9,10,21,23,28,34
0,1,2,8,9,10,21,23,28,36
0,1,2,8,9,10,21,22,23,24
0,1,2,8,9,10,21,22,23,27
0,1,2,8,9,10,21,22,27,33
0,1,2,8,9,10,21,22,25,26
0,1,2,8,9,10,22,23,24,25
0,1,2,8,9,10,22,23,26,27
0,1,2,8,9,10,21,22,33,34
0,1,2,8,9,10,22,23,24,28
0,1,2,8,9,10,22,23,29,36
0,1,2,8,9,10,22,23,24,35
0,1,2,8,9,10,21,22,23,29
0,1,2,8,9,10,21,22,25,33
0,1,2,8,9,10,21,23,25,34
0,1,2,8,9,10,22,23,34,35
0,1,2,8,9,10,21,22,36,37
0,1,2,8,9,10,21,23,27,36
0,1,2,8,9,20,22,27,29,36
0,1,2,8,9,20,23,27,29,36
0,1,2,8,9,10,21,23,29,35
0,1,2,8,9,10,22,23,27,28
0,1,2,8,9,10,27,28,29,35
0,1,2,8,9,10,25,26,29,34
0,1,2,8,9,10,25,29,36,37
0,1,2,8,9,10,25,26,27,34
0,1,2,8,9,10,21,25,26,27
0,1,2,8,9,10,21,27,29,35
0,1,2,8,9,10,21,25,26,33
0,1,2,8,9,10,21,27,28,33
0,1,2,8,9,10,28,29,33,34
0,1,2,8,9,10,21,27,28,34
0,1,2,8,9,10,21,25,28,33
0,1,2,8,9,10,23,24,25,26
0,1,2,8,9,10,23,25,27,36
0,1,2,8,9,10,23,25,28,36
0,1,2,8,9,10,23,25,28,37
0,1,2,8,9,10,23,28,29,37
0,1,2,8,9,10,23,29,35,37
0,1,2,8,9,10,25,26,27,28
0,1,2,8,9,10,22,24,33,35
0,1,2,8,9,10,24,26,35,37
0,1,2,8,9,10,23,24,25,36
0,1,2,8,9,10,22,24,33,36
0,1,2,8,9,10,22,23,26,34
0,1,2,9,10,11,22,24,27,33
0,1,2,8,9,10,21,22,23,35
0,1,2,8,9,10,21,23,27,34
0,1,2,8,9,10,21,27,33,35
0,1,2,8,9,10,25,27,33,39
0,1,2,8,9,10,25,27,34,36
0,1,2,8,9,10,25,26,33,38
0,1,2,8,9,10,33,34,35,36
0,1,2,8,9,10,34,35,36,37
0,1,2,9,10,11,25,27,36,39
0,1,2,8,9,10,27,29,35,38
0,1,2,8,9,10,27,29,36,38
0,1,2,8,9,10,20,21,27,34
0,1,2,8,9,10,20,25,27,34
0,1,2,8,9,21,28,32,35,39
0,1,2,8,9,21,26,28,32,39
0,1,2,8,9,10,20,21,35,36
0,1,2,8,9,10,20,21,28,36
0,1,2,8,9,10,20,34,35,39
0,1,2,8,9,10,23,24,27,35
0,1,2,8,9,10,23,25,27,32
0,1,2,8,9,10,20,22,27,31
0,1,2,8,9,10,20,22,27,35
0,1,2,8,9,10,23,26,32,34
0,1,2,9,10,11,23,25,28,34
0,1,2,8,9,10,23,24,32,36
0,1,2,8,9,10,23,27,34,35
0,1,2,8,9,10,23,25,34,36
0,1,2,9,10,11,23,25,34,37
0,1,2,8,9,10,21,23,32,34
0,1,2,8,9,10,21,22,29,34
0,1,2,8,9,10,29,30,31,32
0,1,2,8,9,10,20,21,28,29
0,1,2,8,9,10,22,23,27,30
0,1,2,8,9,10,21,23,30,36
0,1,2,8,9,21,23,28,30,34
0,1,2,8,9,21,23,30,34,37
0,1,2,8,9,10,23,24,25,31
0,1,2,8,9,10,23,24,31,32
0,1,2,8,9,10,23,24,35,36
0,1,2,8,9,10,23,24,32,35
0,1,2,8,9,10,23,24,35,38
0,1,2,8,9,10,22,23,28,34
0,1,2,8,9,10,22,24,30,36
0,1,2,8,9,10,22,28,34,36
0,1,2,8,9,21,23,27,30,34
0,1,2,8,9,10,22,28,30,36
0,1,2,8,9,10,31,32,33,34
0,1,2,8,9,10,20,22,31,34
0,1,2,9,10,11,22,24,33,36
0,1,2,8,9,10,20,21,32,35
0,1,2,8,9,10,20,21,22,23
0,1,2,8,9,10,23,24,25,32
0,1,2,8,9,10,23,25,32,34
0,1,2,8,9,10,22,23,31,34
0,1,2,9,10,11,21,23,32,35
0,1,2,8,9,10,23,25,31,37
0,1,2,8,9,10,23,25,31,39
0,1,2,8,9,10,24,31,33,39
0,1,2,8,9,10,23,25,32,38
0,1,2,8,9,10,25,31,33,39
0,1,2,8,9,10,20,22,24,31
0,1,2,8,9,10,22,24,31,33
0,1,2,9,10,11,20,22,25,31
0,1,2,8,9,10,20,22,29,31
0,1,2,8,9,10,21,23,29,37
0,1,2,8,9,10,23,24,25,39
0,1,2,8,9,10,24,25,31,38
0,1,2,8,9,10,21,22,30,33
0,1,2,8,9,10,23,24,32,38
0,1,2,8,9,10,23,24,38,39
0,1,2,8,9,10,23,27,28,31
0,1,2,8,9,10,23,24,29,30
0,1,2,8,9,10,23,24,30,31
0,1,2,8,9,10,23,29,30,35
0,1,2,8,9,10,30,31,35,36
0,1,2,8,9,10,24,25,29,30
0,1,2,8,9,10,23,29,31,37
0,1,2,8,9,10,23,25,29,38
0,1,2,8,9,10,23,25,29,36
0,1,2,8,9,22,24,29,31,38
0,1,2,8,9,22,25,29,31,38
0,1,2,8,9,10,23,24,30,37
0,1,2,8,9,10,23,27,28,30
0,1,2,8,9,10,23,27,28,35
0,1,2,8,9,10,23,29,30,36
0,1,2,8,9,10,21,23,30,32
0,1,2,8,9,10,23,24,28,31
0,1,2,8,9,10,23,28,30,31
0,1,2,8,9,10,23,28,31,36
0,1,2,8,9,10,23,29,36,39
0,1,2,8,9,22,24,28,31,35
0,1,2,8,9,22,24,28,35,37
0,1,2,8,9,21,24,28,30,37
0,1,2,8,9,10,22,24,30,38
0,1,2,8,9,10,23,30,32,38
0,1,2,8,9,10,23,30,36,38
0,1,2,8,9,10,24,30,36,38
0,1,2,8,9,22,24,31,35,38
0,1,2,8,9,10,24,30,32,38
0,1,2,9,10,11,21,24,30,32
0,1,2,8,9,10,20,23,28,29
0,1,2,8,9,10,20,21,24,29
0,1,2,8,9,10,22,23,24,38
0,1,2,8,9,10,22,23,37,38
0,1,2,8,9,10,23,24,28,29
0,1,2,8,9,10,24,25,26,30
0,1,2,8,9,10,20,24,26,31
0,1,2,8,9,10,24,26,30,37
0,1,2,8,9,23,25,29,32,36
0,1,2,8,9,23,25,29,36,38
0,1,2,8,9,10,28,29,30,36
0,1,2,8,9,10,20,28,31,37
0,1,2,8,9,10,20,29,31,37
0,1,2,8,9,10,20,29,31,38
0,1,2,8,9,10,20,31,36,37
0,1,2,8,9,10,24,25,26,27
0,1,2,8,9,10,24,26,31,39
0,1,2,8,9,10,25,27,36,38
0,1,2,8,9,10,24,25,26,37
0,1,2,8,9,23,25,30,32,36
0,1,2,8,9,23,25,32,36,39
0,1,2,8,9,10,25,31,37,39
0,1,2,8,9,23,25,30,32,39
0,1,2,8,9,23,26,30,32,39
0,1,2,8,9,10,24,26,32,38
0,1,2,8,9,10,20,24,28,29
0,1,2,8,9,10,24,30,31,36
0,1,2,8,9,10,24,30,31,37
0,1,2,8,9,10,20,28,29,36
0,1,2,8,9,10,31,32,36,37
0,1,2,8,9,10,25,26,30,31
0,1,2,8,9,10,20,24,29,32
0,1,2,8,9,10,24,25,32,36
0,1,2,8,9,10,27,28,31,36
0,1,2,8,9,10,28,29,36,37
0,1,2,8,9,10,29,30,31,37
0,1,2,8,9,10,24,28,29,31
0,1,2,8,9,10,24,25,36,37
0,1,2,8,9,10,20,25,26,29
0,1,2,9,10,11,21,27,29,38
0,1,2,8,9,10,20,36,37,38
0,1,2,8,9,10,27,28,29,30
0,1,2,8,9,10,20,28,31,39
0,1,2,8,9,10,20,21,22,38
0,1,2,8,9,10,20,21,22,39
0,1,2,9,10,11,20,23,29,31
0,1,2,8,9,10,20,27,29,38
0,1,2,8,9,10,20,22,31,33
0,1,2,8,9,10,20,26,31,32
0,1,2,8,9,10,20,26,32,38
0,1,2,8,9,10,20,22,27,33
0,1,2,8,9,10,20,26,32,34
0,1,2,8,9,10,20,22,28,33
0,1,2,8,9,10,20,22,28,34
0,1,2,8,9,10,20,21,22,26
0,1,2,8,9,10,20,21,28,33
0,1,2,8,9,10,21,26,33,39
0,1,2,8,9,10,21,27,33,39
0,1,2,8,9,10,20,26,28,34
0,1,2,8,9,21,25,28,32,34
0,1,2,8,9,21,25,27,34,38
0,1,2,8,9,20,25,27,34,38
0,1,2,8,9,10,20,31,32,38
0,1,2,8,9,10,20,21,29,33
0,1,2,8,9,10,20,21,32,33
0,1,2,9,10,11,20,22,28,31
0,1,2,8,9,10,20,27,29,31
0,1,2,8,9,10,21,28,30,32
0,1,2,8,9,10,21,30,32,39
0,1,2,8,9,10,20,21,25,33
0,1,2,8,9,10,20,21,33,38
0,1,2,8,9,10,20,21,38,39
0,1,2,8,9,10,20,26,33,39
0,1,2,8,9,10,20,25,27,31
0,1,2,8,9,10,20,21,29,32
0,1,2,8,9,10,20,31,32,39
0,1,2,8,9,10,20,21,25,26
0,1,2,8,9,10,20,25,28,29
0,1,2,8,9,10,20,25,26,39
0,1,2,8,9,10,25,26,32,39
0,1,2,8,9,10,28,29,30,31
0,1,2,8,9,10,28,30,37,39
0,1,2,8,9,10,25,26,27,31
0,1,2,8,9,10,25,27,31,38
0,1,2,8,9,24,26,30,33,37
0,1,2,8,9,24,26,30,37,39
0,1,2,8,9,10,25,26,31,37
0,1,2,8,9,10,26,27,31,32
0,1,2,8,9,10,32,33,37,38
0,1,2,8,9,10,25,31,32,38
0,1,2,8,9,10,25,26,27,38
0,1,2,7,8,26,27,32,37,38
0,1,2,3,8,9,10,11,20,21
0,1,2,3,8,11,13,14,20,32
0,1,2,7,10,12,13,15,31,39
0,1,2,3,9,10,11,12,38,39
0,1,2,8,9,10,20,21,26,29
0,1,2,8,9,10,26,27,35,38
0,1,2,3,9,12,14,15,21,33
0,1,3,6,8,9,15,18,27,39
0,1,2,7,8,21,26,27,35,36
0,1,2,3,8,11,13,14,21,29
0,1,2,3,8,9,11,14,21,29
0,1,3,6,8,9,11,18,27,39
0,1,2,3,9,10,12,21,27,29
0,1,2,8,11,14,20,26,29,39
0,1,2,8,11,14,20,28,29,39
0,1,2,3,8,9,11,14,20,29
0,1,2,3,9,10,12,15,21,29
0,1,2,3,8,10,13,15,21,29
0,1,2,7,8,10,13,15,27,39
0,1,3,6,8,11,13,14,20,32
0,1,2,7,9,12,14,15,21,33
0,1,3,6,8,9,15,18,27,35
0,1,2,3,8,9,14,15,21,35
0,1,2,3,9,12,14,15,21,29
0,1,2,3,8,11,13,14,27,29
0,1,2,7,9,10,12,15,28,36
0,1,3,6,8,9,11,14,27,35
0,1,3,6,8,9,11,18,27,35
0,1,2,3,4,5,12,13,31,39
0,1,2,3,5,10,12,13,31,39
0,1,2,9,10,12,13,26,30,38
0,1,2,3,5,10,12,13,21,29
0,1,2,4,29,33,35,36,37,38
0,1,3,4,11,28,32,35,36,38
0,1,3,10,13,21,28,34,37,38
0,1,4,8,11,12,25,28,29,32
0,1,3,5,8,10,12,13,21,29
0,1,2,3,5,10,13,18,31,39
0,1,2,7,9,12,14,15,20,28
0,1,2,7,9,10,12,15,20,28
0,1,2,7,8,10,13,15,20,28
0,1,2,8,9,10,26,27,28,34
0,1,3,6,8,11,13,14,27,39
0,1,2,3,9,10,12,15,28,36
0,1,3,6,8,9,11,14,27,39
0,1,2,7,8,10,13,15,26,34
0,1,2,3,8,9,11,14,27,35
0,1,2,9,13,21,26,30,34,37
0,1,5,6,13,21,25,26,30,34
0,1,2,6,7,8,13,15,21,32
0,1,5,6,12,21,25,31,36,37
0,1,5,6,13,21,25,26,30,37
0,1,2,6,7,8,13,32,33,37
0,1,2,6,7,13,26,32,33,37
0,1,2,9,13,21,26,28,33,37
0,1,5,6,12,13,25,32,33,37
0,1,5,7,9,13,14,20,26,33
0,1,5,7,9,13,14,26,33,39
0,1,2,6,8,13,14,26,34,38
0,1,2,4,5,17,29,32,35,38
0,1,2,3,4,5,33,34,37,38
0,1,4,5,8,21,25,29,32,33
0,1,2,4,5,17,21,29,33,36
0,1,2,4,5,17,21,29,33,37
0,1,2,5,17,21,26,29,33,34
0,1,2,3,4,5,21,29,31,33
0,1,2,5,17,18,26,30,31,38
0,1,2,5,17,21,26,33,34,38
0,1,3,4,8,16,20,21,28,29
0,1,3,5,8,29,32,34,37,39
0,1,2,6,7,8,21,27,32,36
0,1,2,6,7,8,20,21,26,36
0,1,2,6,7,8,14,20,38,39
0,1,2,6,7,8,21,26,32,37
0,1,2,6,7,8,14,20,32,39
0,1,2,6,7,8,14,21,33,34
0,1,2,3,8,15,27,29,32,34
0,1,2,3,8,15,27,29,36,39
0,1,2,3,8,15,27,33,36,39
0,1,2,3,8,27,29,32,33,35
0,1,2,3,15,27,28,30,33,36
0,1,2,3,8,27,29,32,34,35
0,1,2,7,15,26,28,31,33,34
0,1,2,3,8,15,27,29,33,34
0,1,2,3,8,29,32,33,34,35
0,1,2,3,4,8,16,35,36,37
0,1,2,3,15,21,29,31,33,35
0,1,2,3,15,29,30,31,33,34
0,1,2,7,15,28,31,33,34,36
0,1,2,3,8,15,29,32,34,39
0,1,2,7,15,21,33,34,36,39
0,1,2,4,5,17,21,33,36,37
0,1,3,8,18,29,34,35,36,37
0,1,2,3,4,8,16,33,34,35
0,1,2,4,5,7,11,18,35,39
0,1,2,3,5,6,7,16,21,36
0,1,3,4,7,17,21,28,34,35
0,1,3,4,7,17,21,28,31,32
0,1,2,4,5,6,11,15,35,39
0,1,2,4,5,11,15,18,35,39
0,1,3,4,7,10,14,17,35,38
0,1,2,4,5,6,11,15,20,36
0,1,2,3,5,6,7,16,21,37
0,1,2,4,7,11,17,18,32,36
0,1,2,4,11,15,17,18,32,36
0,1,2,3,4,34,35,36,37,38
0,1,3,4,7,17,21,28,32,37
0,1,2,4,6,11,15,17,32,36
0,1,2,4,6,7,11,17,32,36
0,1,2,4,11,20,21,30,31,36
0,1,2,3,4,28,29,30,31,39
0,1,2,3,4,28,30,31,33,38
0,1,2,3,4,28,29,31,34,37
0,1,2,3,4,28,29,32,33,38
0,1,2,5,11,15,16,18,26,30
0,1,2,3,4,7,21,28,34,35
0,1,3,5,7,10,14,16,31,35
0,1,2,3,7,16,17,18,33,37
0,1,2,4,6,7,11,17,21,37
0,1,2,6,7,20,27,32,35,37
0,1,2,6,7,26,27,34,35,38
0,1,2,6,7,20,21,26,31,35
0,1,2,6,7,20,21,31,32,36
0,1,2,6,7,20,21,32,36,37
0,1,2,6,7,20,26,32,38,39
0,1,2,6,7,20,21,26,31,36
0,1,2,6,7,21,26,32,37,39
0,1,2,6,7,20,26,31,32,39
0,1,2,6,15,21,26,30,34,35
0,1,2,6,15,26,30,31,34,35
0,1,2,6,7,21,26,31,32,36
0,1,2,6,7,21,27,33,35,37
0,1,2,6,7,21,27,32,34,36
0,1,2,6,15,21,27,32,34,36
0,1,2,6,7,21,26,27,32,33
0,1,5,7,14,20,25,35,38,39
0,1,5,7,14,20,33,35,38,39
0,1,5,7,14,25,31,32,35,38
0,1,5,7,14,16,20,26,31,35
0,1,2,6,7,21,27,32,33,36
0,1,2,7,16,21,27,32,34,36
0,1,2,6,7,27,31,32,33,36
0,2,4,6,11,13,15,21,30,32
0,2,4,6,11,15,26,30,32,36
0,2,4,6,11,13,15,20,21,30
0,2,4,6,11,15,21,26,30,36
0,2,4,6,11,15,20,26,31,36
0,2,4,6,11,15,20,22,26,36
0,1,2,3,5,7,22,27,29,32
0,2,4,6,9,11,21,26,28,31
0,1,2,4,5,6,11,15,26,30
0,1,2,5,7,11,16,18,22,26
0,1,2,3,5,6,20,22,27,37
0,2,4,6,9,15,21,24,26,31
0,1,2,3,7,16,17,18,22,38
0,1,2,4,5,7,11,18,22,26
0,1,2,4,7,11,17,18,22,26
0,1,2,4,6,7,11,17,22,26
0,1,2,5,11,15,16,18,20,36
0,2,4,6,9,11,21,31,36,38
0,2,4,7,9,21,24,29,31,36
0,2,4,7,17,21,22,24,38,39
0,1,3,4,6,20,22,25,35,38
0,1,2,3,5,7,22,32,37,39
0,1,2,4,5,11,15,18,20,36
0,2,4,6,9,15,21,31,34,36
0,2,4,7,17,26,28,29,31,32
0,2,4,7,9,21,26,31,34,39
0,1,3,4,6,25,28,30,32,35
0,1,2,3,5,6,27,30,32,37
0,1,2,4,5,11,15,18,26,30
0,1,2,3,4,5,12,13,30,31
0,1,2,4,5,9,12,13,17,31
0,1,2,3,10,13,21,22,37,38
0,1,2,4,11,12,20,29,36,39
0,1,2,3,4,11,12,13,21,31
0,1,2,3,4,11,13,28,30,32
0,1,2,4,11,12,26,29,30,39
0,1,2,9,10,12,13,27,31,39
0,1,2,4,11,18,20,22,26,29
0,1,2,4,11,20,21,22,26,31
0,1,2,4,11,18,22,26,28,29
0,1,2,4,11,18,22,26,29,39
0,2,4,11,21,22,29,31,32,39
0,2,6,9,13,16,20,27,30,37
0,2,6,9,13,16,21,24,27,34
0,2,4,6,13,21,24,28,34,38
0,2,6,9,13,16,24,28,30,34
0,1,3,4,7,17,21,28,29,31
0,1,3,4,7,17,21,28,31,38
0,1,2,3,4,28,29,30,31,32
0,1,3,4,7,17,25,29,35,39
0,1,2,4,18,22,26,32,36,39
0,1,2,3,4,20,21,22,38,39
0,1,3,4,7,17,21,25,35,39
0,1,3,4,7,17,25,29,31,35
0,2,4,6,13,24,28,31,34,38
0,2,6,9,13,16,20,24,34,38
0,1,2,3,4,21,28,35,37,39
0,1,3,7,20,22,27,31,33,38
0,1,2,3,4,20,22,34,36,38
0,1,2,4,18,20,22,26,35,37
0,1,3,4,7,17,21,35,37,39
0,1,2,4,18,22,28,32,35,38
0,1,3,4,7,17,21,31,35,37
0,2,4,6,9,13,20,24,26,30
0,2,4,6,13,20,24,30,34,37
0,2,6,9,13,16,20,24,26,30
0,2,4,6,20,21,22,24,38,39
0,2,4,6,13,24,28,30,34,39
0,1,2,4,11,18,22,32,35,39
0,1,2,4,5,7,11,18,22,39
0,1,2,4,11,15,17,18,35,39
0,2,4,11,13,21,24,26,30,35
0,2,6,9,13,16,24,27,30,33
0,2,6,9,13,16,20,21,27,33
0,1,2,4,7,11,17,18,35,39
0,2,4,6,9,11,15,22,36,39
0,2,4,7,11,13,21,24,35,38
0,2,4,7,11,13,21,32,35,38
0,1,2,3,4,6,7,21,28,34
0,1,2,3,4,7,21,22,28,35
0,1,2,6,7,22,27,33,38,39
0,1,2,6,7,22,33,37,38,39
0,1,2,7,16,20,22,27,33,38
0,1,2,6,15,21,22,27,33,39
0,1,2,6,7,21,22,26,32,37
0,1,2,6,15,21,26,32,37,39
0,2,4,6,11,13,15,21,37,39
0,1,5,7,14,22,25,26,32,39
0,1,5,7,14,20,22,25,26,27
0,1,5,7,14,16,22,27,33,38
0,2,4,6,8,13,15,20,26,28
0,2,4,6,11,15,22,26,28,32
0,2,4,6,9,11,28,33,35,38
0,2,4,7,17,21,35,36,38,39
0,2,4,7,9,21,26,28,33,38
0,2,4,6,9,11,13,15,21,28
0,1,5,7,14,16,20,25,29,34
0,1,5,7,14,20,26,29,33,39
0,1,5,7,14,25,26,29,32,39
0,1,2,6,7,16,20,21,27,34
0,1,5,7,14,25,26,27,29,32
0,2,4,6,9,15,28,30,31,33
0,2,4,7,11,13,26,29,32,35
0,2,4,6,9,11,15,30,33,36
0,2,4,6,9,11,15,33,36,39
0,2,4,6,9,15,31,33,34,36
0,2,4,7,11,13,29,32,35,38
0,2,4,7,9,11,16,26,33,38
0,2,4,7,11,15,21,26,33,37
0,2,4,6,8,11,15,21,33,37
0,2,4,8,11,13,16,26,35,37
0,1,2,6,15,20,31,35,36,39
0,1,2,9,13,22,26,31,35,38
0,1,2,6,7,8,13,22,37,38
0,1,5,6,13,22,26,30,31,35
0,1,2,6,7,13,22,31,37,38
0,1,5,6,13,26,30,31,35,39
0,1,2,6,7,13,20,26,27,31
0,2,4,8,13,15,22,34,35,37
0,2,4,8,13,15,22,34,37,39
0,1,2,3,4,6,7,22,28,35
0,1,2,3,4,6,7,21,28,35
0,1,2,3,4,7,22,28,29,35
0,1,2,3,5,6,8,27,32,35
0,1,2,3,5,7,29,34,36,38
0,1,3,4,6,22,32,35,37,39
0,1,2,4,18,26,30,33,34,37
0,1,2,4,18,26,30,33,35,37
0,1,2,4,18,20,22,33,35,37
0,1,2,3,4,20,22,32,35,37
0,2,4,6,13,21,24,26,34,39
0,2,4,6,13,21,22,24,26,39
0,2,4,6,13,21,34,37,38,39
0,2,4,6,13,30,31,32,37,38
0,2,6,9,13,16,21,27,28,34
0,2,4,6,28,30,31,32,33,34
0,1,2,3,4,20,22,28,35,37
0,1,2,4,18,20,22,26,29,33
0,1,2,4,20,22,26,28,33,35
0,1,3,7,21,25,27,32,34,36
0,1,3,4,7,17,22,25,28,36
0,2,6,9,13,16,24,30,31,37
0,1,2,3,4,28,30,32,34,36
0,2,4,6,13,22,26,31,37,38
0,2,4,6,13,22,28,33,37,38
0,2,4,6,13,20,22,24,26,28
0,2,6,9,13,16,21,24,28,35
0,2,6,9,13,16,21,24,35,38
0,2,4,6,13,21,24,26,32,35
0,2,4,6,13,21,22,28,30,35
0,2,4,6,13,20,21,26,30,31
0,2,4,6,13,20,21,22,31,33
0,2,4,6,13,20,21,22,28,30
0,2,4,11,13,20,21,22,28,30
0,2,4,6,13,21,24,26,33,35
0,2,4,6,13,21,24,30,33,35
0,2,4,11,13,20,21,22,30,31
0,2,4,11,13,20,22,30,33,35
0,2,4,11,13,21,22,24,31,32
0,2,4,11,13,21,24,26,31,33
0,1,2,3,4,22,28,29,30,31
0,2,4,6,13,26,28,30,31,33
0,2,4,6,13,28,30,31,32,35
0,2,4,6,13,21,26,28,33,35
0,2,4,6,13,21,30,31,32,39
0,2,4,11,13,21,22,30,31,32
0,1,2,4,18,26,28,30,33,35
0,1,3,4,7,17,21,29,32,35
0,1,2,6,7,8,14,22,28,34
0,1,2,6,7,22,28,32,34,36
0,1,2,6,7,22,27,28,35,36
0,1,2,7,16,22,27,29,31,36
0,1,2,6,7,22,27,28,34,35
0,1,2,6,15,21,26,28,30,35
0,1,5,6,13,21,22,26,33,37
0,1,5,6,13,21,22,26,30,37
0,1,2,6,7,14,15,31,35,36
0,2,4,6,8,13,15,21,37,39
0,2,4,8,13,15,21,24,29,39
0,2,4,6,8,13,17,21,33,37
0,1,2,6,7,21,22,27,33,36
0,1,2,6,7,22,26,27,28,31
0,1,2,6,15,22,28,30,31,36
0,1,2,6,7,22,27,28,31,36
0,1,2,6,15,22,26,27,30,31
0,2,4,9,15,21,24,26,31,36
0,1,2,6,7,22,28,34,35,36
0,1,2,6,7,33,34,35,36,37
0,2,4,6,11,15,21,26,31,35
0,1,2,6,7,21,27,33,37,39
0,1,2,6,7,21,22,27,32,36
0,1,2,6,7,14,15,20,21,36
0,1,2,9,13,22,27,31,35,38
0,1,5,6,13,22,26,27,31,35
0,1,2,6,15,22,27,31,35,36
0,1,2,6,7,20,21,22,38,39
0,1,2,6,8,13,14,27,35,39
0,1,5,7,9,13,14,20,27,34
0,1,2,3,5,6,7,16,22,38
0,1,2,4,5,6,11,15,21,37
0,1,2,4,5,6,18,31,35,39
0,1,2,6,7,8,14,34,35,36
0,1,2,6,7,22,27,28,33,38
0,1,2,6,7,22,28,33,35,37
0,1,2,6,7,27,28,32,33,34
0,1,2,6,7,22,28,34,36,38
0,1,2,6,7,22,28,33,37,38
0,1,2,6,15,22,28,33,35,37
0,1,2,6,7,20,22,28,34,37
0,1,2,6,7,20,21,28,33,38
0,1,5,7,14,20,21,34,36,39
0,1,5,7,14,20,26,33,36,39
0,1,5,7,14,16,21,27,32,36
0,1,2,6,7,20,27,28,36,37
0,1,2,6,7,22,28,33,34,37
0,1,2,6,7,28,32,33,34,37
0,1,2,6,15,22,28,34,36,37
0,1,2,6,7,20,33,34,38,39
0,1,2,7,16,22,28,33,35,37
0,1,2,3,4,7,17,22,29,35
0,1,2,3,4,7,22,29,35,36
0,1,2,4,5,11,15,18,33,37
0,1,2,5,11,15,16,18,33,37
0,1,2,5,7,11,16,18,33,37
0,1,2,4,11,18,20,30,33,37
0,1,3,4,7,17,22,29,33,36
0,1,3,4,7,17,22,29,33,38
0,1,3,4,7,17,22,29,35,36
0,1,2,3,4,29,30,33,34,39
0,1,2,4,11,20,21,22,31,37
0,1,2,4,11,21,22,31,32,37
0,1,3,4,11,20,22,32,36,39
0,1,4,8,11,12,20,29,32,33
0,1,2,4,11,13,22,26,33,39
0,1,2,4,11,13,22,26,33,37
0,2,4,7,9,11,20,24,29,39
0,2,4,7,9,11,20,22,31,39
0,2,4,7,11,15,20,24,32,35
0,2,4,7,9,11,20,22,28,31
0,2,4,11,13,21,24,29,32,35
0,2,4,7,11,15,20,22,24,32
0,2,4,7,11,15,20,24,31,32
0,2,4,7,9,24,29,31,37,39
0,2,4,7,11,15,24,31,32,35
0,2,4,7,11,15,24,31,35,39
0,2,4,9,13,17,21,24,29,33
0,2,4,7,9,11,24,28,33,39
0,2,4,7,11,15,24,28,35,39
0,2,4,7,11,15,20,26,33,39
0,3,7,11,15,20,24,28,31,32
0,2,4,7,9,11,20,21,24,31
0,2,4,7,11,15,20,29,36,39
0,2,4,7,9,11,21,24,36,39
0,2,4,7,9,20,24,31,34,37
0,2,4,7,11,15,22,29,35,36
0,2,4,7,9,11,20,24,31,37
0,2,4,7,11,15,22,28,29,35
0,2,4,7,9,11,21,26,28,33
0,2,4,7,9,21,28,29,35,36
0,2,4,7,9,11,26,28,31,33
0,2,4,7,11,15,24,26,31,39
0,2,4,7,11,15,24,31,36,39
0,2,4,7,9,11,20,21,22,24
0,2,4,7,9,11,24,29,31,36
0,2,4,7,9,11,21,35,36,37
0,1,2,3,4,11,13,28,31,35
0,1,2,4,11,13,22,26,28,35
0,1,2,4,11,13,22,28,31,35
0,1,3,4,11,12,21,25,29,38
0,1,2,4,11,12,13,22,26,33
0,1,2,4,11,12,13,26,33,37
0,1,2,3,4,11,13,22,35,37
0,1,2,3,4,11,13,22,35,39
0,1,2,4,11,12,22,29,32,33
0,1,2,3,4,11,13,31,33,35
0,1,2,4,11,13,22,29,33,35
0,1,2,4,11,13,22,29,33,38
0,1,3,4,13,21,25,35,37,38
0,1,4,8,11,12,25,29,32,33
0,1,2,3,4,11,22,35,36,39
0,1,2,3,4,5,22,33,34,35
0,1,2,3,4,11,12,13,21,22
0,1,2,4,5,9,13,17,35,39
0,1,2,3,4,5,20,31,38,39
0,1,2,3,5,18,22,34,37,39
0,1,2,3,5,10,13,18,22,34
0,2,4,7,9,11,21,24,26,38
0,2,4,7,9,11,26,31,33,38
0,2,4,7,9,11,20,21,29,38
0,2,4,7,9,11,21,24,29,38
0,2,4,7,9,11,20,22,24,38
0,2,4,7,9,11,21,22,24,26
0,2,4,7,9,21,26,33,34,39
0,2,4,7,9,11,21,26,31,33
0,2,4,7,9,11,24,29,33,38
0,1,2,3,5,18,27,30,32,35
0,1,2,3,4,5,29,31,33,35
0,1,2,3,4,5,30,31,34,35
0,1,2,4,5,17,22,26,29,32
0,1,2,3,4,5,20,21,34,37
0,1,2,3,5,18,22,30,33,35
0,1,2,4,5,17,29,32,34,37
0,1,2,21,22,28,29,33,34,35
0,1,2,21,22,28,29,34,35,36
0,1,2,3,4,5,20,22,36,38
0,1,2,3,5,18,22,29,34,37
0,1,3,5,8,20,22,27,29,34
0,1,3,5,8,20,22,27,32,34
0,1,2,3,4,5,20,29,36,39
0,1,2,4,5,17,22,29,33,36
0,1,2,4,5,17,22,33,36,39
0,1,4,5,8,20,21,29,33,37
0,1,2,3,4,5,21,22,36,37
0,1,2,3,4,21,22,33,34,35
0,1,2,5,17,18,27,31,32,39
0,1,2,3,4,5,22,30,32,34
0,1,2,3,4,5,22,30,31,34
0,1,2,3,4,5,29,30,34,35
0,1,2,3,5,18,20,22,27,32
0,1,2,3,5,18,20,22,27,35
0,1,2,4,11,12,26,33,36,37
0,1,2,3,4,11,13,35,37,39
0,1,3,4,11,25,29,32,33,35
0,1,4,8,11,12,22,25,26,29
0,1,2,4,11,13,26,30,32,39
0,1,3,5,8,10,12,13,22,34
0,1,2,4,11,13,26,30,35,39
0,1,2,4,5,17,26,31,34,39
0,1,2,4,5,17,26,29,30,39
0,1,4,5,8,22,26,29,30,33
0,1,2,4,5,17,26,29,32,35
0,1,2,3,4,5,34,35,38,39
0,1,2,4,5,17,26,30,33,36
0,1,2,4,5,17,30,33,36,39
0,1,2,4,5,17,31,32,35,39
0,1,4,5,8,22,26,30,33,34
0,1,2,4,13,30,32,34,35,39
0,1,2,9,13,30,31,34,35,39
0,1,4,8,11,12,22,26,29,30
0,1,2,3,4,11,32,33,36,39
0,2,4,7,11,15,26,32,33,36
0,2,4,7,9,11,21,35,37,39
0,2,4,7,9,11,21,26,35,36
0,2,4,7,9,11,28,33,37,38
0,2,4,7,11,15,21,26,29,37
0,2,4,7,9,11,26,28,37,38
0,2,4,7,11,15,21,28,29,37
0,2,4,7,11,15,26,32,33,39
0,2,4,7,11,15,21,26,29,33
0,2,4,7,9,11,21,33,36,38
0,2,4,7,11,15,21,29,33,37
0,2,4,7,9,11,21,33,36,39
0,2,4,7,9,11,21,26,35,38
0,2,4,7,9,11,21,26,33,38
0,2,4,7,9,21,33,36,38,39
0,2,4,7,9,21,31,33,36,39
0,2,5,9,17,21,24,26,35,38
0,2,4,7,11,15,21,28,33,36
0,2,4,7,11,15,21,28,32,36
0,2,4,8,13,16,21,26,30,38
0,2,5,9,13,17,26,30,31,38
0,2,7,11,15,21,24,28,33,36
0,2,4,9,13,17,22,26,30,38
0,2,4,7,11,16,24,28,33,36
0,2,4,7,15,21,24,26,28,36
0,2,7,11,15,24,28,31,36,39
0,1,2,5,9,10,12,13,17,31
0,2,4,7,9,11,28,31,33,36
0,2,4,7,9,11,20,28,29,38
0,2,4,7,9,11,20,29,31,38
0,2,4,7,9,20,21,26,28,33
0,2,4,7,11,15,24,29,31,36
0,2,5,9,13,17,26,27,30,31
0,2,5,9,13,17,26,27,31,38
0,2,4,7,15,21,26,29,31,33
0,2,7,11,15,21,24,29,33,36
0,2,4,7,9,26,28,31,33,38
0,2,4,7,9,26,28,31,34,36
0,2,5,9,17,21,30,33,36,39
0,2,4,7,9,28,31,33,34,36
0,2,4,7,9,11,21,28,33,36
0,2,4,7,9,21,29,31,34,36
0,2,7,11,15,24,27,31,36,39
0,2,5,9,13,17,21,22,30,33
0,2,4,7,11,15,20,24,32,36
0,2,4,6,8,13,15,20,26,33
0,2,4,9,15,21,26,29,31,36
0,1,5,6,13,22,26,33,37,38
0,1,2,6,7,14,15,27,31,32
0,1,5,6,12,13,22,30,37,38
0,2,4,6,8,13,15,20,26,32
0,2,4,6,8,13,15,20,26,34
0,1,2,3,5,18,27,32,34,39
0,1,2,3,5,18,29,31,34,39
0,1,2,4,5,17,26,29,31,34
0,1,2,3,5,18,22,27,29,34
0,1,2,3,5,18,22,27,34,39
0,1,2,20,21,26,27,33,34,39
0,1,2,4,5,17,26,31,34,38
0,1,2,5,17,26,31,34,38,39
0,1,2,4,5,17,21,22,26,34
0,1,2,4,5,17,21,22,26,38
0,1,2,4,5,17,21,26,33,38
0,1,3,5,8,21,25,27,32,34
0,1,3,5,8,21,25,27,37,39
0,1,2,3,4,5,29,30,33,34
0,1,2,3,4,5,22,29,30,34
0,1,2,4,5,17,22,26,31,34
0,1,2,5,17,22,26,27,34,39
0,1,3,4,8,16,21,22,30,34
0,1,3,5,8,22,25,27,30,32
0,1,2,3,7,8,15,32,33,34
0,1,2,5,6,18,27,31,32,39
0,1,2,5,17,26,27,31,34,39
0,1,2,9,13,22,27,31,34,38
0,1,5,6,12,22,26,32,37,38
0,1,5,6,13,22,26,27,31,38
0,1,2,6,7,8,13,33,34,38
0,1,2,4,22,26,28,29,30,31
0,1,2,9,13,22,26,27,30,31
0,1,3,10,13,21,27,30,31,34
0,1,4,8,11,12,21,22,25,29
0,1,2,4,11,12,13,22,29,33
0,1,2,9,10,12,13,26,34,38
0,1,2,8,9,13,14,22,30,38
0,1,2,8,9,13,14,22,30,34
0,1,5,7,9,13,14,21,27,34
0,1,2,6,8,13,14,22,26,34
0,2,4,7,11,16,20,24,29,32
0,2,4,6,8,11,15,20,24,36
0,2,4,8,11,13,16,26,28,37
0,2,4,7,15,20,22,24,32,37
0,2,5,9,13,17,22,29,30,37
0,2,7,11,15,20,24,27,32,35
0,2,4,7,11,15,20,24,29,36
0,2,4,9,13,17,22,26,34,38
0,2,4,6,8,13,17,22,26,38
0,2,4,8,11,13,16,20,29,38
0,1,2,6,8,13,14,22,30,34
0,1,5,7,9,13,14,22,29,35
0,2,4,6,8,13,15,20,21,28
0,2,4,6,8,13,15,20,28,30
0,2,4,6,8,13,15,21,28,34
0,2,4,6,8,11,15,28,32,36
0,2,4,8,11,13,16,21,30,32
0,2,4,6,8,13,15,20,28,34
0,1,2,4,13,21,22,26,37,39
0,1,2,9,13,21,22,26,37,38
0,1,3,10,13,22,25,29,38,39
0,1,4,8,11,12,20,29,33,36
0,1,4,8,11,12,26,29,30,33
0,1,2,9,13,22,26,30,35,39
0,1,5,6,12,20,25,26,30,34
0,1,5,6,13,26,30,34,35,39
0,1,2,8,9,13,14,22,26,34
0,1,2,3,5,10,13,18,20,27
0,1,2,4,5,9,12,13,17,39
0,1,2,5,9,10,12,13,17,39
0,2,4,7,9,11,21,26,28,37
0,2,4,7,9,11,21,28,37,39
0,2,4,7,11,15,21,29,37,39
0,2,4,9,13,17,21,26,30,38
0,2,4,7,9,11,21,24,26,29
0,2,4,7,9,11,21,26,28,39
0,2,4,7,9,11,21,28,29,39
0,2,4,7,9,11,26,28,36,37
0,2,4,7,9,11,24,29,37,39
0,2,4,7,9,21,22,28,29,34
0,2,4,7,11,15,24,32,37,39
0,2,5,9,13,17,26,27,34,38
0,2,7,11,15,21,24,29,32,36
0,2,5,9,13,17,26,27,35,38
0,2,7,11,15,21,24,29,32,37
0,2,4,7,9,21,26,34,36,39
0,2,4,7,9,11,21,24,29,36
0,2,4,7,9,22,24,34,36,39
0,2,5,9,17,21,24,27,29,38
0,2,5,9,13,17,21,22,29,30
0,2,4,7,15,24,29,32,34,36
0,2,7,11,15,24,27,32,36,39
0,2,4,7,9,21,22,24,36,39
0,2,5,9,13,17,21,22,30,38
0,2,4,7,9,11,26,28,29,37
0,2,4,7,9,22,24,29,37,39
0,2,7,11,15,24,27,32,35,39
0,2,4,9,15,21,24,29,34,39
0,1,2,6,7,8,14,22,34,35
0,1,2,3,4,8,16,20,21,22
0,1,2,3,5,6,18,22,27,39
0,1,2,3,5,6,7,8,22,35
0,1,2,3,5,18,20,22,35,37
0,1,2,4,5,17,22,34,37,39
0,1,2,4,5,17,22,29,34,37
0,1,2,4,5,17,21,26,34,38
0,1,2,4,5,17,22,26,29,34
0,1,2,4,5,17,22,26,30,34
0,1,2,4,5,17,26,29,30,34
0,1,2,4,5,17,21,26,29,34
0,1,2,3,5,18,22,30,35,37
0,1,2,4,5,17,21,26,30,34
0,1,2,21,22,27,28,29,34,35
0,1,3,5,8,20,25,27,33,35
0,1,2,3,5,18,22,27,30,35
0,1,3,5,8,20,22,27,29,33
0,1,2,3,4,28,29,30,36,37
0,1,2,5,17,18,22,26,27,34
0,1,2,5,17,22,29,30,34,37
0,1,2,3,7,8,15,20,21,22
0,1,2,5,6,18,20,27,35,39
0,1,2,5,17,22,27,34,35,39
0,1,3,4,8,16,21,22,29,30
0,1,3,5,8,20,30,33,35,38
0,1,2,4,5,17,22,30,34,38
0,1,2,5,17,22,27,30,34,35
0,1,2,3,8,15,16,35,36,37
0,1,2,3,4,5,21,29,37,39
0,1,2,5,17,21,22,26,29,34
0,1,2,5,17,21,22,29,34,37
0,1,3,5,8,20,22,25,27,37
0,1,3,4,8,16,20,25,29,36
0,1,2,5,17,18,22,26,34,38
0,1,2,3,10,11,12,13,20,22
0,1,2,7,8,10,13,15,22,27
0,1,2,7,9,12,14,15,21,29
0,1,2,7,9,10,12,15,21,29
0,1,2,3,8,10,13,15,22,30
0,1,2,7,8,9,14,15,29,36
0,1,2,7,8,14,15,22,29,36
0,1,2,7,8,15,22,27,29,37
0,1,2,7,8,14,26,28,29,36
0,1,2,7,8,14,22,26,28,36
0,1,2,7,8,26,27,28,29,37
0,1,6,8,13,14,20,22,28,30
0,1,2,7,14,15,21,22,29,31
0,1,2,7,14,15,21,29,31,36
0,1,2,7,8,14,15,22,26,29
0,1,2,7,8,14,15,26,32,39
0,1,2,7,14,15,21,26,31,39
0,1,3,6,8,9,11,14,30,38
0,1,3,6,8,9,11,18,30,38
0,1,2,7,9,10,12,15,31,39
0,1,2,3,8,11,13,14,22,30
0,1,3,6,8,11,13,14,22,30
0,1,2,3,9,10,12,15,31,39
0,1,2,3,8,9,11,14,30,38
0,1,2,7,8,10,13,15,29,37
0,1,2,7,8,22,27,28,36,37
0,1,2,3,8,10,11,13,27,37
0,1,2,3,8,10,13,15,29,37
0,1,2,3,9,10,12,31,37,39
0,1,2,3,11,13,14,30,32,38
0,1,2,8,11,14,29,30,38,39
0,1,2,8,11,14,29,32,36,38
0,1,2,3,10,13,31,32,37,38
0,1,2,8,11,14,29,30,32,36
0,1,2,8,10,11,29,32,38,39
0,1,2,8,11,14,20,22,26,39
0,1,2,8,11,14,20,22,26,29
0,1,2,3,9,10,11,22,28,35
0,1,2,8,9,10,21,28,30,39
0,1,2,9,10,11,20,26,28,31
0,1,2,7,8,9,14,15,21,34
0,1,2,8,9,20,22,26,29,33
0,1,2,8,9,20,22,26,33,35
0,1,2,8,9,10,21,26,28,37
0,1,2,8,9,10,26,28,35,37
0,1,2,8,9,10,21,22,27,30
0,1,2,8,9,10,27,28,36,39
0,1,2,3,8,9,14,29,30,38
0,1,2,7,9,14,20,22,29,31
0,1,2,7,8,9,14,27,29,38
0,1,2,7,8,9,14,20,29,38
0,1,2,3,8,15,21,22,34,37
0,1,2,3,8,15,21,22,34,39
0,1,2,3,8,15,22,34,37,39
0,2,5,7,13,21,22,24,26,39
0,2,5,7,13,21,22,29,34,35
0,2,5,7,13,21,26,29,34,37
0,2,5,7,14,21,24,26,29,35
0,2,5,7,13,22,26,27,34,39
0,2,5,7,13,22,27,32,34,37
0,2,5,7,13,26,32,34,37,39
0,2,5,7,13,26,27,32,34,39
0,2,5,11,17,24,26,32,37,39
0,2,5,7,13,32,33,34,35,37
0,2,5,7,13,22,24,26,32,34
0,2,5,8,14,17,22,27,29,34
0,2,5,7,13,21,29,35,37,39
0,2,5,7,14,21,22,29,31,36
0,2,5,7,14,21,22,29,35,36
0,2,5,11,17,24,26,31,33,39
0,2,5,7,13,21,26,33,34,39
0,2,5,8,14,17,21,29,34,36
0,2,5,7,13,21,22,26,27,33
0,2,5,7,13,22,26,27,33,34
0,2,5,11,13,22,24,26,33,37
0,2,5,11,17,24,26,31,37,39
0,2,5,7,13,26,27,33,34,39
0,2,5,7,14,27,29,31,33,39
0,2,5,7,13,22,24,27,34,39
0,2,5,7,13,21,26,29,33,34
0,2,5,7,13,21,24,26,29,33
0,2,5,7,13,24,26,32,34,38
0,2,5,7,13,24,27,31,32,39
0,2,5,7,13,20,24,31,32,39
0,2,5,7,13,22,26,34,37,39
0,2,5,7,13,20,22,24,26,31
0,2,5,7,13,20,26,27,32,39
0,2,5,7,13,22,31,32,35,39
0,2,5,7,13,20,22,31,32,33
0,2,5,7,14,20,22,24,27,29
0,2,5,7,13,20,22,32,35,37
0,2,5,7,13,22,24,31,32,37
0,2,5,7,13,24,26,31,32,37
0,2,5,7,13,22,24,31,33,34
0,2,5,7,13,22,24,33,34,35
0,2,5,11,13,20,22,31,32,33
0,2,5,11,13,20,26,31,32,33
0,2,5,8,11,13,20,32,35,37
0,2,5,11,13,20,21,22,29,31
0,2,5,11,13,20,21,22,29,35
0,2,5,8,11,13,21,24,26,29
0,2,5,7,13,21,24,26,29,31
0,2,5,7,13,24,26,31,33,38
0,2,5,7,13,24,26,31,38,39
0,2,5,8,14,17,21,26,34,39
0,2,5,7,13,20,22,24,26,27
0,2,5,7,13,20,22,24,26,39
0,2,5,7,13,20,22,24,26,34
0,2,5,7,13,22,24,29,34,39
0,2,5,7,13,20,22,29,31,34
0,2,5,7,14,20,26,29,31,34
0,2,5,7,13,20,22,24,29,31
0,2,5,7,21,22,26,34,38,39
0,2,5,8,11,13,22,24,29,37
0,2,5,7,13,20,22,27,34,39
0,2,5,7,13,20,26,27,34,39
0,2,5,7,13,20,26,27,33,34
0,2,5,7,13,21,22,31,34,38
0,2,5,7,13,20,24,27,31,34
0,2,5,7,13,20,24,33,34,39
0,2,5,8,11,13,20,22,26,39
0,2,5,7,13,20,21,22,29,31
0,2,5,7,10,12,20,29,31,38
0,2,5,7,10,20,26,29,35,38
0,2,5,10,12,17,21,27,30,38
0,2,5,13,15,20,22,24,26,30
0,2,5,7,10,15,20,26,31,35
0,2,5,7,10,15,22,26,31,37
0,2,5,7,10,17,26,29,37,38
0,2,5,10,12,17,21,29,32,38
0,2,5,13,15,21,31,33,35,37
0,2,5,7,10,12,20,22,29,31
0,1,2,3,8,9,10,11,21,22
0,1,2,3,8,9,11,14,22,33
0,1,2,3,8,9,11,14,21,33
0,1,2,3,9,10,12,15,22,34
0,1,2,3,9,12,14,15,22,34
0,1,2,3,8,11,13,14,21,33
0,1,2,7,8,27,28,33,38,39
0,1,2,7,8,15,21,22,27,32
0,2,5,7,13,20,26,32,33,35
0,2,5,7,13,20,24,26,33,35
0,2,5,7,13,20,26,32,35,37
0,2,5,7,14,20,22,27,32,33
0,2,5,7,14,20,22,27,33,35
0,2,5,7,13,26,27,32,33,37
0,2,5,7,13,27,33,35,37,39
0,2,5,7,13,20,27,32,35,37
0,2,5,7,13,20,33,35,37,39
0,2,5,8,11,13,26,30,32,33
0,2,5,7,13,20,24,26,33,37
0,2,5,7,13,20,24,27,33,37
0,2,5,7,13,24,26,32,37,39
0,2,5,7,13,24,26,33,35,37
0,2,5,11,17,24,30,32,37,39
0,2,5,7,14,20,22,24,26,32
0,1,3,6,8,9,11,18,28,36
0,1,2,8,9,22,26,28,35,39
0,1,2,8,9,10,21,22,26,27
0,1,2,8,11,14,21,22,32,33
0,1,2,3,9,10,12,20,22,34
0,1,2,3,10,13,20,21,34,35
0,1,2,8,11,14,21,22,35,39
0,1,2,8,10,11,21,22,32,35
0,1,2,8,11,14,21,32,35,39
0,1,2,3,8,9,14,15,30,36
0,1,2,3,8,15,29,32,34,37
0,2,5,7,13,21,24,26,29,34
0,2,5,8,11,13,24,32,37,39
0,2,5,7,13,21,34,35,37,39
0,2,5,7,13,26,31,34,38,39
0,1,2,3,8,10,11,13,27,35
0,1,2,3,8,10,13,15,27,34
0,1,3,8,18,30,35,36,37,38
0,1,2,3,8,15,20,22,33,35
0,1,2,3,8,15,20,32,35,36
0,1,2,3,8,15,20,30,33,37
0,1,2,3,8,15,20,30,35,36
0,1,2,8,14,21,29,30,35,38
0,1,2,3,8,15,20,22,35,37
0,1,2,3,8,21,22,30,37,38
0,1,2,7,8,15,20,29,35,37
0,1,2,3,8,15,20,22,30,36
0,1,2,3,8,15,21,29,35,37
0,1,2,7,8,14,15,21,29,35
0,1,2,3,8,15,22,30,32,35
0,1,2,3,8,15,22,30,35,37
0,1,2,3,15,22,30,31,34,35
0,1,3,6,8,20,25,28,33,36
0,1,2,8,14,21,22,30,33,36
0,1,2,3,8,15,22,30,32,36
0,1,2,3,8,15,22,27,29,34
0,1,3,6,8,20,25,28,32,37
0,1,2,3,8,15,27,28,29,32
0,1,2,3,8,15,22,28,32,34
0,1,2,3,15,30,31,32,34,35
0,1,2,7,8,14,15,21,28,34
0,1,2,7,8,15,21,29,34,39
0,1,2,3,8,15,30,32,36,39
0,1,2,7,8,14,15,29,32,36
0,1,2,7,8,14,15,29,32,39
0,1,2,3,8,15,30,32,37,39
0,1,3,6,8,22,25,30,33,36
0,1,3,6,8,22,25,30,35,37
0,1,3,6,18,25,31,33,35,37
0,1,2,3,8,15,30,33,36,39
0,1,2,7,15,29,31,32,34,37
0,1,2,3,15,30,31,33,36,39
0,1,2,7,15,29,31,34,36,37
0,1,2,3,8,15,29,30,32,34
0,1,2,3,8,15,29,32,34,36
0,1,2,3,8,15,29,33,34,39
0,1,2,8,14,27,30,33,38,39
0,1,2,3,8,15,27,29,32,33
0,1,2,3,8,15,27,29,33,39
0,1,3,6,18,22,28,30,32,34
0,1,2,3,8,27,29,30,32,33
0,1,3,6,8,22,25,27,30,33
0,1,2,7,15,20,22,32,34,37
0,1,3,6,8,20,22,28,36,38
0,1,2,3,8,15,22,33,36,39
0,1,2,3,8,20,21,33,35,38
0,1,2,3,8,15,20,22,36,39
0,1,3,6,8,20,22,25,28,36
0,1,3,6,8,22,25,28,33,36
0,1,3,6,8,20,25,28,33,38
0,1,2,7,15,20,22,34,35,37
0,1,2,3,8,21,22,33,36,39
0,2,5,7,10,12,24,26,32,38
0,2,5,7,10,15,21,26,27,32
0,2,5,7,10,17,21,24,27,38
0,1,2,3,15,20,22,34,37,39
0,1,2,3,8,15,20,32,35,37
0,1,2,7,15,20,22,34,37,39
0,1,3,6,8,21,30,33,35,38
0,1,3,6,18,20,22,30,36,38
0,1,2,3,8,15,22,32,35,37
0,1,2,3,8,20,32,35,37,38
0,1,2,7,15,22,34,36,37,39
0,1,2,7,15,31,34,36,37,39
0,1,3,6,8,22,25,30,33,39
0,1,3,6,8,25,33,35,37,39
0,1,3,6,8,27,30,32,35,38
0,1,2,3,8,15,32,34,37,39
0,1,3,6,8,22,25,30,33,37
0,1,2,3,8,15,27,32,34,39
0,1,3,6,8,21,27,30,35,38
0,1,2,3,8,15,20,22,27,35
0,1,3,6,8,20,21,25,30,33
0,1,3,6,8,21,25,30,33,38
0,1,2,3,8,15,21,34,37,39
0,1,2,7,15,21,22,34,36,39
0,1,2,7,14,15,21,26,34,36
0,1,2,7,8,15,21,22,32,34
0,1,2,7,8,15,22,27,32,34
0,1,2,3,8,10,13,15,22,34
0,1,2,7,8,10,13,15,22,34
0,1,2,7,10,12,13,15,22,34
0,1,2,8,14,20,21,22,30,32
0,1,2,7,15,28,29,31,33,34
0,1,2,8,14,20,22,28,30,32
0,1,6,8,13,14,20,22,32,34
0,1,2,7,15,26,28,29,31,34
0,1,3,6,8,22,27,30,32,39
0,1,3,6,8,22,27,32,34,39
0,1,3,6,8,22,27,30,33,39
0,1,3,6,8,9,11,14,22,30
0,1,3,6,8,9,11,18,22,30
0,1,3,6,8,9,15,18,22,30
0,1,3,6,8,11,13,14,27,35
0,1,2,7,15,28,29,31,34,36
0,1,3,6,8,22,27,30,36,39
0,1,3,6,8,22,30,32,34,36
0,1,2,3,8,15,27,30,33,36
0,1,2,3,8,15,27,29,30,33
0,1,2,3,9,12,14,15,28,36
0,1,2,7,9,12,14,15,28,36
0,1,2,3,8,9,11,14,22,30
0,1,2,3,9,12,14,15,22,30
0,1,2,3,9,10,12,15,22,30
0,1,2,3,8,11,13,14,27,35
0,1,2,7,10,12,13,15,26,34
0,1,3,6,8,9,15,18,22,34
0,1,2,7,8,21,22,27,32,33
0,1,3,6,8,11,13,14,21,33
0,1,2,7,9,10,12,15,22,34
0,1,2,7,9,12,14,15,22,34
0,1,3,6,8,9,15,18,28,36
0,2,5,7,13,20,21,26,31,33
0,2,5,7,13,20,21,26,33,35
0,2,5,7,13,20,27,29,31,38
0,2,5,7,13,20,21,26,27,31
0,2,5,7,13,20,21,27,31,34
0,2,5,8,11,13,20,24,26,27
0,2,5,7,13,21,27,29,31,33
0,2,5,7,13,21,26,29,31,34
0,2,5,7,13,20,26,29,31,34
0,2,5,7,14,20,21,26,27,34
0,2,5,7,13,20,21,26,27,33
0,2,5,7,13,20,26,29,31,38
0,2,5,7,13,20,21,26,33,34
0,2,5,7,14,20,29,34,36,38
0,2,5,7,14,20,26,34,36,38
0,2,5,11,13,20,24,26,31,33
0,2,5,7,21,26,29,31,36,38
0,2,5,11,17,24,26,31,33,38
0,2,5,7,14,21,27,33,36,38
0,2,5,7,13,27,29,31,33,38
0,2,5,7,13,21,26,27,33,34
0,2,5,11,17,24,29,31,36,38
0,2,5,8,10,21,26,30,32,36
0,2,5,10,12,17,24,30,36,38
0,2,5,7,10,15,20,21,26,35
0,2,5,7,10,17,21,32,35,38
0,2,5,8,10,20,24,26,30,32
0,2,5,10,12,17,24,30,32,38
0,2,5,7,10,17,26,29,32,35
0,2,5,7,10,15,20,29,34,35
0,2,5,8,10,20,24,26,32,34
0,2,5,10,12,17,24,26,32,38
0,1,2,3,9,10,11,29,30,36
0,1,2,8,11,14,20,21,29,30
0,1,2,8,9,10,22,28,29,34
0,1,2,8,9,10,29,30,34,35
0,1,2,8,9,10,22,28,29,35
0,1,2,8,9,20,22,29,33,36
0,1,2,8,11,14,26,27,35,36
0,1,2,3,9,10,12,28,34,36
0,1,2,8,11,14,26,29,33,35
0,1,2,8,10,11,26,29,35,36
0,1,2,8,11,14,26,27,29,33
0,1,2,3,8,9,10,11,28,35
0,1,2,7,8,13,20,25,26,35
0,1,2,7,8,9,14,15,27,34
0,1,2,8,9,10,24,25,33,36
0,1,2,8,9,10,24,28,35,36
0,1,2,8,9,10,24,27,33,35
0,1,2,3,5,18,20,27,32,35
0,1,2,3,4,20,28,29,31,37
0,1,2,4,5,9,13,17,31,39
0,2,4,9,13,17,22,27,31,39
0,2,4,7,9,11,20,29,37,38
0,2,4,11,13,22,27,30,33,39
0,2,4,7,11,15,20,22,30,38
0,2,4,7,11,15,20,29,30,33
0,2,4,7,11,15,20,29,33,37
0,2,4,7,9,11,22,26,31,37
0,2,4,7,9,11,20,22,31,37
0,2,4,7,9,11,24,26,27,35
0,2,4,7,11,24,27,30,35,38
0,2,5,9,13,17,20,27,28,35
0,2,5,9,13,17,20,28,36,39
0,2,5,9,17,20,22,25,28,36
0,2,5,9,17,22,25,27,36,39
0,2,4,7,9,20,22,27,35,37
0,2,7,11,15,22,25,30,33,37
0,3,7,11,15,22,26,29,30,33
0,2,4,7,11,15,24,31,37,38
0,2,4,7,15,20,22,30,35,38
0,2,7,11,15,22,25,30,33,38
0,1,3,5,8,10,12,13,27,39
0,1,2,3,4,5,12,13,38,39
0,1,2,3,5,10,12,13,27,39
0,1,2,5,9,10,12,13,17,27
0,1,2,3,4,11,12,13,37,38
0,1,2,3,4,11,12,13,28,29
0,1,3,5,8,10,12,13,30,38
0,1,3,5,8,10,12,13,28,36
0,1,2,4,5,9,13,17,31,35
0,2,5,7,10,12,25,27,29,36
0,2,5,7,10,12,25,27,36,38
0,2,5,7,10,24,27,33,36,38
0,2,5,7,10,15,24,29,33,38
0,2,5,13,15,20,22,24,28,38
0,2,5,7,10,17,24,25,33,36
0,2,5,7,10,12,27,29,36,38
0,2,5,7,10,17,24,27,35,36
0,2,5,7,10,24,27,29,35,38
0,2,5,10,12,17,27,30,36,39
0,2,5,13,15,29,31,33,35,39
0,2,5,7,10,15,20,24,29,35
0,2,5,7,10,12,20,27,29,38
0,1,3,4,13,20,23,27,37,39
0,1,2,4,13,20,24,35,37,39
0,1,4,8,11,12,27,31,34,35
0,1,2,4,11,13,20,24,31,35
0,1,2,4,11,13,20,24,31,37
0,1,4,8,11,12,27,30,31,34
0,1,2,3,5,10,13,18,28,36
0,1,2,3,5,10,12,13,30,38
0,1,2,3,10,13,28,29,32,33
0,1,2,4,11,12,20,27,30,31
0,1,2,3,4,11,13,29,31,33
0,1,2,4,11,13,20,24,29,33
0,1,2,4,11,13,20,26,29,33
0,1,3,4,11,12,23,27,36,39
0,1,2,4,11,12,13,20,27,36
0,1,2,4,12,13,20,24,27,28
0,1,2,9,13,20,24,25,28,29
0,1,4,8,11,12,20,23,27,36
0,1,2,4,11,12,13,20,27,31
0,1,2,9,13,27,28,31,32,36
0,1,4,8,11,12,23,26,27,30
0,1,2,9,10,12,13,24,28,36
0,1,2,4,11,12,13,20,24,31
0,1,2,4,12,13,20,24,28,31
0,1,2,9,10,12,13,20,28,32
0,1,2,4,11,12,13,24,31,35
0,1,2,4,11,13,20,27,31,33
0,1,2,4,11,13,20,27,31,36
0,1,2,3,4,11,13,20,33,35
0,1,2,3,4,11,13,20,33,37
0,1,2,3,4,11,13,20,36,38
0,1,2,3,10,13,20,35,36,39
0,1,2,4,11,12,27,34,37,38
0,1,2,3,10,11,12,13,20,30
0,1,2,3,26,29,30,32,33,36
0,1,2,3,26,27,29,32,35,38
0,1,3,8,18,26,31,32,33,34
0,1,3,8,18,27,32,33,34,35
0,1,2,3,27,28,30,33,36,39
0,1,2,3,27,29,32,34,37,39
0,1,2,3,27,28,29,30,37,38
0,1,2,3,27,28,29,30,38,39
0,1,2,3,27,29,31,33,35,37
0,1,2,3,27,30,31,33,34,37
0,1,2,3,27,28,29,30,31,32
0,1,3,8,18,28,33,34,35,36
0,1,2,4,5,17,28,29,32,36
0,1,2,4,5,17,27,30,33,36
0,1,3,5,13,28,31,32,35,39
0,1,2,4,5,17,27,31,34,35
0,1,3,5,13,20,23,32,36,39
0,1,2,4,5,17,20,31,34,37
0,1,2,3,4,5,20,35,36,39
0,1,2,4,5,17,20,24,36,37
0,1,2,4,5,17,20,24,36,39
0,1,2,4,5,17,20,28,32,36
0,1,2,4,5,17,20,32,33,36
0,1,2,3,4,5,27,28,31,32
0,1,2,4,5,17,24,27,28,32
0,1,2,4,5,17,31,34,35,39
0,1,2,3,5,10,13,18,20,32
0,1,2,3,5,10,13,18,30,38
0,1,3,5,8,10,12,13,23,35
0,1,2,5,9,10,12,13,17,25
0,1,2,3,4,11,12,13,35,36
0,1,2,3,5,10,12,13,25,37
0,1,3,5,8,10,12,13,25,37
0,1,2,4,5,9,12,13,17,29
0,1,2,5,9,10,12,13,17,37
0,1,2,5,9,10,12,13,17,29
0,2,4,7,11,15,22,26,31,35
0,2,4,7,9,11,20,27,33,36
0,2,4,7,11,15,20,26,27,33
0,2,4,9,12,20,24,27,28,31
0,2,4,7,9,11,27,29,31,38
0,2,4,7,9,11,22,24,33,36
0,2,4,7,11,15,20,27,33,34
0,2,4,7,11,15,22,29,30,38
0,2,4,7,9,11,27,29,36,38
0,2,5,7,10,12,25,27,34,36
0,2,5,10,12,17,25,28,34,37
0,2,5,13,15,27,29,31,33,37
0,2,5,7,10,15,22,27,33,38
0,2,4,7,11,15,24,27,31,35
0,2,4,7,9,11,24,26,35,37
0,2,4,7,11,15,26,30,35,39
0,2,4,7,11,15,24,30,31,37
0,2,4,9,12,24,28,31,32,35
0,1,2,3,25,27,30,32,35,37
0,1,3,8,18,25,30,31,32,33
0,1,2,4,5,17,28,31,34,37
0,1,3,5,13,20,29,32,33,36
0,1,2,4,5,17,29,32,33,37
0,1,2,3,5,10,13,18,27,35
0,1,2,3,5,10,13,18,29,37
0,1,2,3,5,10,12,13,29,37
0,1,3,5,8,10,12,13,20,32
0,1,2,3,5,10,13,18,25,33
0,1,2,3,4,5,28,29,32,33
0,1,2,4,5,17,24,27,30,33
0,1,3,5,13,25,28,29,32,36
0,1,2,3,4,5,12,13,27,35
0,1,2,3,4,11,12,13,26,27
0,1,2,3,10,11,12,13,25,26
0,1,2,3,10,11,12,13,25,27
0,1,2,3,4,11,13,33,35,37
0,1,2,3,10,13,32,33,36,37
0,1,2,4,11,12,24,31,34,35
0,1,2,4,11,12,13,24,28,35
0,1,3,10,13,20,27,33,36,37
0,1,4,8,11,12,24,27,28,31
0,1,2,9,10,12,13,25,29,37
0,1,2,4,11,12,24,27,28,37
0,1,2,3,4,11,13,26,28,30
0,1,3,4,11,23,27,30,31,33
0,1,4,8,11,12,20,23,24,27
0,1,2,4,11,13,24,28,30,37
0,1,2,4,11,13,24,28,33,37
0,1,2,3,5,25,28,29,34,37
0,1,2,3,4,5,27,28,29,36
0,1,2,4,5,9,13,17,29,33
0,1,2,3,5,25,28,34,36,37
0,1,2,3,18,26,27,29,35,38
0,1,2,4,5,9,13,17,33,37
0,1,2,3,4,5,20,29,37,38
0,1,2,3,4,5,29,36,37,38
0,1,2,3,4,5,20,31,32,33
0,1,2,4,5,9,13,17,29,37
0,1,2,3,4,5,30,31,32,39
0,1,2,3,4,30,31,32,38,39
0,1,2,4,5,9,13,17,32,36
0,1,2,24,25,30,31,32,37,38
0,1,2,3,4,5,27,28,29,33
0,1,2,3,4,5,27,29,31,33
0,1,2,3,5,18,25,28,30,33
0,1,3,5,8,23,25,30,32,36
0,1,3,5,8,23,28,30,36,38
0,1,4,5,8,23,27,30,31,34
0,1,2,3,4,5,20,28,29,32
0,1,2,4,5,17,29,30,33,37
0,1,4,5,8,20,24,27,28,31
0,1,2,3,4,5,27,28,29,30
0,1,2,3,5,18,25,27,30,32
0,1,2,3,5,18,27,29,32,37
0,1,2,4,5,17,24,27,29,32
0,1,2,3,5,18,20,25,27,33
0,1,2,3,4,5,20,28,30,32
0,1,2,3,4,5,20,28,29,33
0,1,2,3,4,5,27,28,32,33
0,1,4,5,8,20,24,28,31,32
0,1,2,5,17,18,24,28,29,36
0,1,2,4,5,17,20,24,32,36
0,1,2,5,17,24,29,32,36,37
0,1,2,3,5,18,25,30,32,37
0,1,2,5,17,24,25,29,32,37
0,1,3,4,8,16,20,28,32,39
0,1,3,5,8,20,23,25,28,30
0,1,2,4,5,17,24,29,32,37
0,1,2,5,17,18,25,29,30,37
0,1,2,5,17,20,25,32,33,37
0,1,3,4,8,16,20,27,28,36
0,1,3,5,8,28,31,33,36,38
0,1,2,3,5,18,20,25,33,38
0,1,2,5,17,20,25,28,32,33
0,1,2,20,25,26,27,32,33,39
0,1,2,3,5,18,20,25,28,33
0,1,2,3,5,18,20,28,33,35
0,1,2,4,5,17,27,32,35,39
0,1,2,5,17,20,27,28,32,35
0,1,2,5,17,18,20,24,25,32
0,1,3,5,8,20,25,27,31,33
0,1,3,5,8,23,25,27,31,33
0,1,2,4,5,17,20,32,35,37
0,1,2,4,5,17,20,27,32,35
0,1,2,5,17,20,24,25,32,37
0,1,2,4,5,17,24,27,32,39
0,1,2,5,17,20,24,27,32,39
0,1,3,4,8,16,23,27,34,35
0,1,2,3,5,18,20,25,27,32
0,1,3,5,8,20,23,25,35,38
0,1,2,4,5,17,27,31,35,39
0,1,2,5,17,24,27,31,32,39
0,1,3,5,8,20,25,30,32,38
0,1,3,5,8,20,25,27,32,34
0,1,2,3,4,5,20,34,36,38
0,1,2,3,5,18,20,32,34,37
0,1,2,3,5,18,20,32,35,37
0,1,3,4,8,16,26,27,35,39
0,1,2,5,17,24,31,32,36,39
0,1,3,4,8,16,26,27,35,38
0,1,3,5,8,27,30,32,35,37
0,1,2,3,5,18,20,25,32,37
0,1,2,5,17,18,20,24,32,36
0,1,2,24,25,31,32,37,38,39
0,1,3,5,8,23,25,30,32,37
0,1,3,5,8,23,25,30,35,37
0,1,2,3,4,5,20,34,35,39
0,1,2,5,17,20,27,32,35,39
0,1,4,5,8,20,23,27,31,39
0,1,2,3,4,5,27,34,35,36
0,1,2,3,4,5,20,27,38,39
0,2,4,7,9,11,24,26,34,35
0,2,4,7,11,15,27,35,37,39
0,2,4,7,9,11,31,33,35,37
0,2,4,7,11,15,22,30,34,38
0,2,4,7,9,11,26,27,29,38
0,2,4,7,9,11,27,29,38,39
0,3,7,11,15,22,23,26,30,39
0,2,4,7,9,11,24,26,35,36
0,2,4,7,11,15,27,31,35,39
0,3,7,11,15,22,23,26,35,39
0,2,4,7,11,15,27,29,31,39
0,2,4,7,9,11,26,27,29,34
0,2,4,7,9,11,26,31,36,38
0,2,4,7,9,24,26,31,38,39
0,2,4,7,11,15,22,27,29,34
0,2,4,7,9,11,22,24,26,29
0,2,4,7,9,26,27,31,33,39
0,2,4,7,11,15,22,24,29,37
0,2,4,7,9,24,27,31,34,39
0,2,4,7,9,26,27,31,34,39
0,2,4,7,9,11,26,29,31,34
0,2,7,11,15,22,26,29,34,37
0,2,4,7,11,15,22,29,34,37
0,2,5,9,13,17,20,27,31,32
0,2,7,11,15,22,25,29,34,37
0,2,4,7,9,11,20,29,34,39
0,2,4,7,9,11,22,27,31,36
0,2,4,7,9,11,22,24,36,39
0,2,4,7,9,11,22,27,29,34
0,2,4,7,9,11,26,27,31,36
0,2,4,7,11,15,22,26,27,31
0,2,4,7,11,15,26,27,30,31
0,2,5,9,13,17,24,25,28,29
0,2,4,7,9,11,31,34,36,39
0,2,4,7,9,24,26,29,31,36
0,2,7,11,15,22,26,31,34,39
0,2,7,11,15,22,27,31,34,39
0,2,4,7,9,29,31,34,37,39
0,2,4,7,9,31,34,36,37,39
0,2,5,9,17,22,24,33,36,39
0,2,4,7,9,11,24,31,36,39
0,2,4,7,9,11,24,26,31,39
0,2,4,7,9,11,26,31,34,37
0,2,5,9,17,28,31,34,37,39
0,2,4,7,9,24,26,29,32,34
0,2,4,7,9,26,29,31,32,34
0,2,4,7,9,11,26,31,34,39
0,2,5,9,13,17,20,28,31,32
0,2,4,7,9,11,22,34,37,39
0,2,4,7,9,27,29,32,34,39
0,2,4,7,9,11,22,29,34,37
0,2,4,7,9,27,29,32,35,37
0,2,4,7,9,29,32,34,35,37
0,2,5,9,13,17,20,27,28,32
0,2,7,11,15,22,25,30,34,37
0,2,4,9,13,17,24,28,32,36
0,2,4,7,9,24,32,34,37,39
0,2,7,11,15,22,27,30,34,39
0,2,4,7,11,15,22,27,34,39
0,2,4,7,9,11,22,27,34,39
0,2,4,7,9,20,22,34,37,39
0,2,4,7,9,20,22,32,34,37
0,2,4,9,13,17,20,24,32,36
0,2,5,9,13,17,24,25,33,36
0,2,5,9,13,17,24,25,32,33
0,2,7,11,15,22,27,30,35,39
0,2,4,7,9,11,22,24,26,39
0,2,4,7,11,15,22,30,35,37
0,2,4,7,9,11,22,24,27,39
0,2,4,7,9,24,31,32,37,39
0,2,4,7,11,15,20,22,27,35
0,2,4,9,13,17,20,24,28,36
0,2,4,8,11,13,16,24,26,35
0,1,2,4,6,11,15,17,26,30
0,1,3,4,7,10,14,17,29,32
0,1,2,4,11,15,17,18,26,30
0,1,2,3,7,16,17,18,31,35
0,1,2,4,6,7,11,17,35,39
0,1,2,4,6,11,15,17,35,39
0,2,4,6,9,15,24,34,37,39
0,2,4,8,11,13,16,24,33,35
0,1,2,4,5,7,11,18,20,36
0,1,2,5,7,11,16,18,20,36
0,2,4,7,9,24,26,31,36,39
0,2,4,7,17,31,33,34,36,37
0,2,4,7,9,22,24,29,34,37
0,2,4,7,17,29,31,32,34,35
0,1,3,4,6,7,10,17,35,39
0,1,3,4,6,7,10,17,32,36
0,1,2,4,5,7,11,18,33,37
0,1,2,4,7,11,17,18,33,37
0,1,2,4,11,15,17,18,33,37
0,1,3,4,7,10,14,17,36,39
0,1,2,6,7,20,26,32,33,34
0,2,4,9,15,22,24,29,34,39
0,1,5,7,9,13,14,20,27,33
0,2,4,8,11,13,16,22,24,33
0,1,5,7,9,13,14,25,31,38
0,1,2,6,7,31,32,33,34,35
0,1,2,6,7,20,26,31,33,35
0,1,2,6,15,20,26,30,35,39
0,1,2,6,15,26,30,32,35,39
0,1,2,7,16,20,26,31,33,35
0,1,2,5,7,11,16,18,31,35
0,1,2,6,7,20,26,31,35,36
0,1,2,3,5,6,7,16,20,36
0,1,2,5,11,15,16,18,31,35
0,1,2,6,7,26,31,32,36,37
0,1,2,6,7,31,32,36,37,38
0,1,2,6,7,26,34,35,36,37
0,1,2,6,7,26,31,33,34,36
0,1,2,6,7,20,26,32,34,36
0,1,2,6,7,20,26,31,32,33
0,1,2,6,15,20,26,31,33,35
0,1,2,3,7,16,17,18,32,36
0,1,2,4,11,18,24,27,31,33
0,1,2,4,18,26,30,31,32,36
0,1,2,4,11,18,20,26,30,36
0,1,2,4,11,18,26,29,33,36
0,1,2,4,11,18,24,27,31,34
0,1,2,3,4,20,31,32,33,39
0,1,2,3,20,31,32,33,38,39
0,1,3,4,7,10,14,17,29,36
0,1,3,7,10,14,20,29,36,38
0,1,2,3,4,20,26,27,28,39
0,1,2,4,11,18,20,26,28,29
0,1,2,4,11,18,20,26,28,31
0,1,3,7,10,14,17,25,27,36
0,1,3,7,10,14,17,25,34,36
0,1,2,3,4,20,26,27,31,39
0,1,2,4,11,18,20,24,31,35
0,1,2,3,4,20,32,34,36,38
0,1,2,4,18,20,30,34,35,36
0,1,2,4,18,28,32,33,34,38
0,1,2,3,4,26,27,33,34,35
0,1,3,7,10,14,17,23,32,34
0,1,2,3,4,26,27,28,37,38
0,1,3,7,10,14,17,23,25,34
0,1,2,4,11,27,28,29,33,38
0,1,2,3,20,27,29,31,36,38
0,1,2,4,11,20,29,30,31,35
0,1,2,4,11,18,28,29,31,35
0,1,2,4,11,18,28,31,35,37
0,1,2,3,4,20,30,31,38,39
0,1,2,4,11,18,28,31,35,38
0,2,4,6,13,20,32,33,35,38
0,2,6,9,13,16,22,28,29,35
0,2,4,6,13,20,22,29,31,33
0,2,4,6,13,20,22,35,36,38
0,2,4,6,13,20,22,35,38,39
0,2,4,6,13,20,31,35,36,39
0,2,4,11,13,22,27,29,36,39
0,2,4,11,13,22,27,33,36,39
0,2,6,9,13,16,22,25,28,31
0,2,6,9,13,16,22,25,28,35
0,2,6,9,13,16,25,31,32,38
0,2,6,9,13,16,22,25,29,38
0,2,4,6,13,22,24,29,31,39
0,2,4,6,13,20,26,31,33,38
0,2,4,6,13,20,29,31,38,39
0,2,4,11,13,24,26,35,36,37
0,2,4,11,13,20,22,27,29,37
0,2,4,6,13,20,28,31,38,39
0,2,4,6,13,22,24,26,28,35
0,2,4,6,13,20,26,28,38,39
0,2,4,11,13,20,26,28,38,39
0,2,4,11,13,20,26,27,28,38
0,2,4,6,13,20,22,28,31,39
0,2,4,11,13,20,22,29,31,39
0,2,4,11,13,20,28,31,33,38
0,2,4,11,13,20,27,28,29,37
0,2,4,6,13,20,24,29,33,37
0,2,6,9,13,16,20,29,33,36
0,2,4,6,13,22,26,30,33,37
0,2,4,6,13,20,24,28,33,39
0,2,4,6,13,20,24,30,35,39
0,2,4,6,13,20,24,31,35,39
0,2,4,6,13,20,24,29,33,39
0,2,4,6,13,28,29,30,37,39
0,2,4,11,13,20,22,28,29,30
0,2,4,6,13,22,24,30,31,37
0,2,4,6,13,22,24,30,33,35
0,2,4,6,13,22,24,29,30,31
0,2,4,11,13,22,24,27,30,33
0,2,4,6,13,20,22,24,26,33
0,2,4,6,26,28,29,30,31,33
0,2,6,9,13,16,22,26,29,33
0,2,6,9,13,16,22,33,36,39
0,2,4,6,13,28,30,32,33,35
0,2,6,9,13,16,25,26,32,33
0,2,4,6,13,22,24,29,30,36
0,2,4,6,13,20,26,30,33,36
0,2,4,6,20,30,33,34,36,37
0,2,4,6,13,20,22,24,26,39
0,2,6,9,13,16,20,22,25,26
0,2,4,6,13,22,28,32,35,38
0,2,4,6,28,31,32,34,35,38
0,2,4,6,26,29,30,32,33,36
0,2,4,6,13,20,22,24,32,37
0,2,4,6,13,20,22,30,35,37
0,2,4,6,13,20,22,24,37,39
0,2,4,6,13,26,28,30,32,35
0,2,4,6,13,22,24,26,28,30
0,2,4,6,22,32,35,36,38,39
0,2,4,6,13,26,28,30,32,39
0,2,4,6,13,22,26,28,32,37
0,2,4,6,13,20,24,26,30,35
0,2,6,9,13,16,20,22,26,36
0,2,6,9,13,16,22,24,28,38
0,2,4,6,13,22,24,28,33,38
0,2,4,6,13,20,22,26,31,37
0,2,4,6,13,20,22,28,31,37
0,1,2,3,9,10,12,20,32,38
0,2,5,7,13,22,24,25,31,33
0,1,2,3,8,9,11,14,31,39
0,1,2,3,11,13,14,31,33,39
0,1,2,3,9,10,12,26,32,34
0,1,2,3,8,9,11,14,25,34
0,1,2,8,11,14,24,25,31,34
0,1,2,3,9,10,11,20,26,33
0,1,2,8,11,14,20,30,33,37
0,1,2,8,10,11,20,30,33,39
0,2,5,7,13,22,24,31,33,35
0,2,5,7,13,22,25,31,35,38
0,1,2,8,9,20,24,26,31,33
0,1,2,8,9,20,24,26,33,37
0,1,2,8,9,10,20,24,25,26
0,1,2,8,9,10,20,24,25,39
0,1,2,8,9,10,33,34,38,39
0,2,5,7,13,24,25,31,37,38
0,2,5,7,13,25,31,33,35,37
0,2,5,7,13,30,31,33,35,37
0,2,5,8,11,13,24,28,30,31
0,2,5,7,13,22,25,30,35,37
0,1,2,8,9,10,24,25,26,32
0,2,5,7,20,22,25,30,33,35
0,2,5,11,17,20,22,28,33,35
0,2,5,7,13,25,30,31,33,38
0,2,5,7,14,20,22,25,31,37
0,1,2,3,8,9,14,15,26,32
0,1,2,3,8,9,10,11,33,34
0,1,2,3,9,12,14,15,26,34
0,2,5,7,13,22,24,25,30,37
0,1,2,8,9,10,25,28,37,39
0,1,2,8,9,10,26,28,37,39
0,1,2,9,10,11,24,26,29,35
0,1,2,8,11,14,24,25,27,31
0,1,2,8,9,10,24,26,33,35
0,1,2,8,9,20,27,31,34,38
0,1,2,8,11,14,24,27,31,33
0,2,5,7,13,25,29,32,36,39
0,2,5,7,13,24,25,27,36,38
0,2,5,7,13,24,27,29,32,39
0,2,5,7,13,24,25,27,32,39
0,2,5,7,13,25,27,29,31,39
0,2,5,8,11,13,22,24,25,38
0,2,5,7,13,20,22,25,31,37
0,2,5,7,13,20,22,24,31,38
0,2,5,7,13,20,22,25,32,37
0,2,5,7,13,20,22,24,25,38
0,2,5,8,11,13,20,24,37,38
0,2,5,7,13,20,22,24,32,38
0,2,5,7,13,22,25,29,32,38
0,1,2,8,9,20,24,27,31,33
0,2,5,7,13,20,22,24,25,37
0,2,5,7,13,24,25,31,32,37
0,2,5,7,13,20,22,27,32,37
0,2,5,7,13,24,31,32,37,39
0,2,5,7,13,32,33,35,37,39
0,2,5,8,11,13,22,30,35,37
0,1,2,3,8,9,14,15,28,34
0,2,5,7,13,22,24,27,33,39
0,2,5,7,13,22,24,33,35,37
0,2,5,7,13,20,22,24,27,31
0,2,5,11,17,22,24,29,31,37
0,2,5,11,17,22,24,29,35,37
0,2,5,7,13,24,27,29,32,38
0,2,5,7,13,24,31,32,38,39
0,2,5,11,17,22,24,29,31,36
0,2,5,7,13,20,22,24,31,33
0,2,5,8,14,17,27,32,34,39
0,2,5,7,14,25,27,29,31,37
0,2,5,7,13,22,24,30,31,37
0,2,5,7,13,24,25,30,31,35
0,2,5,11,13,22,24,29,30,31
0,2,5,11,13,20,22,29,30,31
0,2,5,11,13,20,27,29,38,39
0,2,5,11,13,20,27,33,38,39
0,2,5,7,13,20,27,29,38,39
0,2,5,7,13,24,25,29,38,39
0,2,5,7,13,24,25,31,32,38
0,2,5,7,14,24,32,34,36,38
0,2,5,7,13,22,31,32,37,38
0,1,2,8,9,10,20,26,27,28
0,1,2,8,9,10,35,36,37,38
0,1,2,9,10,11,20,26,28,37
0,1,2,7,9,14,20,27,29,31
0,1,2,7,8,9,26,27,37,38
0,1,2,7,9,14,20,27,29,38
0,1,2,7,8,9,14,27,36,38
0,2,5,7,13,20,22,31,33,35
0,2,5,8,11,13,20,28,33,35
0,2,5,7,13,25,30,31,37,38
0,2,5,7,13,22,27,29,36,37
0,2,5,7,13,22,29,31,36,37
0,2,5,7,13,25,27,36,37,38
0,2,5,11,13,25,27,36,37,38
0,2,5,11,13,22,29,31,36,37
0,2,5,7,13,20,22,29,31,38
0,2,5,7,14,20,25,27,32,38
0,1,2,7,8,9,14,25,34,36
0,1,2,9,10,11,24,26,35,38
0,1,2,8,9,10,20,24,25,32
0,1,2,3,9,10,11,27,33,34
0,1,2,8,9,10,20,26,27,32
0,1,2,8,9,10,27,28,32,33
0,1,2,8,9,10,20,26,27,33
0,1,2,8,10,11,24,27,33,34
0,1,2,8,11,14,24,25,33,34
0,2,5,7,13,20,24,32,33,38
0,2,5,7,14,20,27,32,33,38
0,2,5,7,14,20,22,24,33,38
0,2,5,11,17,22,24,30,35,37
0,2,5,7,13,20,27,32,33,39
0,1,2,7,8,10,13,15,27,32
0,1,2,7,9,12,14,15,26,34
0,2,5,7,13,24,27,32,33,35
0,2,5,7,13,24,27,32,35,37
0,2,5,7,14,22,24,27,33,39
0,1,2,3,8,9,10,11,34,35
0,1,2,3,9,10,11,12,34,35
0,1,3,6,8,9,11,14,31,39
0,1,2,7,9,10,12,15,20,32
0,2,5,7,13,24,25,30,35,37
0,2,5,7,13,24,30,35,37,39
0,2,5,7,13,24,25,30,37,39
0,2,5,8,14,17,20,25,27,32
0,2,5,11,13,24,28,30,35,37
0,2,5,11,17,22,28,30,35,37
0,2,5,7,13,24,25,30,37,38
0,2,5,7,14,20,22,24,30,38
0,2,5,7,13,25,30,33,35,38
0,2,5,7,13,24,30,33,35,38
0,1,2,3,8,9,11,14,20,31
0,1,2,7,8,10,13,15,30,38
0,1,3,6,8,9,11,14,26,31
0,1,2,3,9,10,12,15,26,32
0,1,2,7,10,12,13,15,24,32
0,1,3,6,8,9,15,18,20,32
0,2,5,7,13,24,27,29,36,39
0,2,5,7,14,25,31,34,36,39
0,2,5,7,13,24,25,31,32,39
0,1,2,3,8,9,11,14,20,28
0,1,3,6,8,9,11,14,20,28
0,1,2,8,11,14,20,30,31,37
0,1,2,8,11,14,20,30,31,39
0,2,5,7,13,20,22,25,27,37
0,2,5,7,14,20,25,27,29,32
0,2,5,8,11,13,20,22,25,37
0,2,5,7,13,22,24,27,29,39
0,2,5,7,14,22,27,29,31,34
0,2,5,8,11,13,22,24,27,39
0,2,5,8,11,13,30,33,35,38
0,1,2,7,8,9,14,15,26,39
0,2,5,7,13,20,24,27,36,37
0,2,5,7,13,20,29,30,33,37
0,2,5,7,13,20,27,32,35,39
0,1,2,8,9,10,20,25,28,32
0,1,2,3,9,10,12,15,26,34
0,1,2,7,8,24,25,33,34,39
0,1,3,6,8,11,13,14,25,37
0,1,2,7,9,10,12,15,26,34
0,1,3,6,8,9,11,18,25,37
0,1,2,3,8,9,10,15,25,26
0,1,2,8,9,10,24,25,32,33
0,1,2,8,11,14,25,26,36,37
0,1,2,7,8,25,26,31,36,37
0,1,2,7,9,10,12,15,26,38
0,1,2,7,9,12,14,15,26,38
0,1,2,3,8,10,13,15,27,39
0,1,2,8,11,14,27,28,38,39
0,1,2,8,9,10,25,26,33,34
0,1,2,8,9,10,25,26,34,37
0,1,2,7,10,12,13,15,26,38
0,1,2,3,8,10,13,15,26,38
0,1,2,7,8,10,13,15,26,38
0,1,2,8,9,10,20,25,28,37
0,1,2,3,9,10,11,12,28,29
0,1,3,6,8,9,11,18,26,34
0,1,3,6,8,9,15,18,26,34
0,1,3,6,8,9,15,18,26,38
0,1,2,7,10,12,13,15,30,38
0,1,3,6,8,11,13,14,31,39
0,1,2,3,8,11,13,14,31,39
0,1,2,7,9,12,14,15,20,32
0,1,2,3,9,12,14,15,20,32
0,1,2,3,9,10,12,15,20,32
0,1,2,7,8,20,25,30,31,39
0,1,2,7,8,9,14,15,32,39
0,1,2,3,8,11,13,14,25,33
0,1,2,7,8,10,13,15,20,32
0,1,2,7,10,12,13,15,20,32
0,1,2,3,8,9,14,15,33,39
0,1,2,3,8,10,13,15,20,32
0,1,3,6,8,9,11,18,20,28
0,1,3,6,8,9,15,18,20,28
0,1,3,6,8,11,13,14,25,33
0,2,5,7,13,24,27,32,36,37
0,2,5,7,13,24,29,32,36,37
0,2,5,7,13,22,24,25,27,32
0,2,5,7,13,22,24,27,29,32
0,2,5,7,13,24,27,29,32,36
0,2,5,7,13,22,24,27,29,36
0,2,5,7,13,22,24,29,36,37
0,2,5,11,17,22,27,29,34,36
0,2,5,7,13,25,27,29,32,36
0,2,5,7,20,24,32,36,37,39
0,2,5,7,13,20,22,24,27,29
0,2,5,8,11,13,20,22,27,35
0,2,5,7,13,20,22,24,37,38
0,2,5,7,13,20,24,25,32,37
0,2,5,7,13,20,25,32,37,38
0,2,5,7,13,20,29,32,37,38
0,2,5,7,14,24,27,29,32,38
0,2,5,7,13,20,22,24,29,38
0,2,5,7,13,20,24,25,32,38
0,2,5,7,13,24,25,32,37,38
0,2,5,7,13,25,27,29,36,38
0,2,5,7,13,22,24,30,32,36
0,2,5,8,14,17,24,32,37,39
0,1,2,3,9,12,14,15,31,39
0,1,3,6,8,9,15,18,25,37
0,1,2,7,8,10,13,15,24,32
0,1,2,3,8,9,11,14,25,33
0,1,2,7,9,12,14,15,31,39
0,1,3,6,8,9,11,14,25,33
0,1,3,6,8,9,11,18,23,31
0,1,2,3,8,15,30,31,33,35
0,1,3,6,8,11,13,14,23,31
0,1,3,6,8,9,11,14,23,31
0,1,2,7,9,10,12,15,24,32
0,1,2,7,9,12,14,15,24,32
0,1,2,3,8,10,11,13,25,33
0,1,2,3,8,10,13,15,25,33
0,2,5,7,13,22,29,30,35,37
0,2,5,8,14,17,25,30,32,37
0,2,5,11,17,20,22,27,29,35
0,2,5,7,13,20,22,25,35,38
0,2,5,7,13,20,22,35,36,37
0,2,5,7,13,22,29,30,36,37
0,2,5,7,14,22,30,32,34,36
0,2,5,7,14,25,30,32,34,36
0,2,5,11,17,20,22,27,29,34
0,2,5,8,11,13,20,25,33,38
0,2,5,7,13,20,22,35,36,38
0,1,3,6,8,9,15,18,23,31
0,1,2,3,9,12,14,15,25,37
0,1,2,7,9,12,14,15,25,37
0,1,2,3,8,10,11,13,25,35
0,1,2,7,10,12,13,15,25,37
0,1,2,3,8,10,13,15,25,37
0,1,2,7,8,10,13,15,25,37
0,1,2,7,8,9,14,15,24,37
0,1,3,6,8,9,11,18,23,35
0,1,3,6,8,9,15,18,23,35
0,1,2,7,10,12,13,15,27,35
0,1,2,3,9,10,12,15,27,35
0,1,2,3,8,9,10,11,26,27
0,1,2,7,8,10,13,15,20,25
0,1,3,6,8,11,13,14,26,38
0,1,2,3,8,11,13,14,26,38
0,1,2,3,8,9,11,14,26,38
0,1,3,6,8,9,11,14,26,38
0,1,3,6,8,9,11,18,26,38
0,1,2,7,8,20,25,26,34,35
0,1,2,3,8,11,13,14,20,28
0,1,2,7,10,12,13,15,27,39
0,1,2,3,8,9,10,11,28,36
0,1,3,6,8,11,13,14,20,28
0,1,2,7,8,10,13,15,27,35
0,1,2,3,8,10,13,15,27,35
0,1,2,3,8,9,11,14,28,36
0,1,2,3,9,10,12,15,29,37
0,1,2,7,9,10,12,15,29,37
0,1,3,6,8,9,11,14,28,36
0,1,2,7,10,12,13,15,29,37
0,1,3,6,8,9,11,18,25,33
0,1,2,3,8,9,10,11,27,35
0,1,2,3,8,9,11,14,27,38
0,1,2,3,9,12,14,15,27,39
0,1,2,3,9,10,12,15,27,39
0,1,3,6,8,11,13,14,30,38
0,1,3,6,8,9,15,18,25,33
0,1,2,7,9,10,12,15,27,39
0,1,2,3,8,10,13,15,20,28
0,1,2,7,9,12,14,15,27,39
0,1,2,3,8,11,13,14,30,38
0,1,2,3,11,13,14,28,30,36
0,1,2,8,11,14,27,28,36,37
0,1,2,3,10,13,29,30,35,36
0,1,2,8,10,11,27,30,36,37
0,1,2,8,11,14,27,28,30,34
0,1,2,8,11,14,27,30,34,36
0,1,2,3,9,10,12,25,27,39
0,1,2,8,11,14,20,24,26,37
0,1,2,8,11,14,20,24,26,27
0,1,2,8,10,11,20,26,27,37
0,1,2,8,11,14,26,27,37,38
0,1,2,4,11,18,26,27,36,37
0,1,2,4,11,20,24,29,38,39
0,1,2,4,11,18,20,24,26,27
0,1,2,4,11,18,27,28,30,34
0,1,2,4,11,28,29,30,34,39
0,1,2,3,4,27,28,29,37,38
0,1,2,4,11,18,27,30,34,36
0,1,2,3,4,29,30,37,38,39
0,1,2,4,11,18,20,24,27,37
0,1,2,4,11,18,27,30,34,37
0,1,2,4,11,18,20,24,30,34
0,2,6,9,13,16,22,26,28,32
0,2,6,9,13,16,22,32,36,38
0,1,2,3,4,20,36,37,38,39
0,1,3,4,7,17,23,29,33,39
0,1,3,4,7,17,23,33,37,39
0,1,3,7,20,25,29,31,36,38
0,1,2,3,4,20,33,34,35,39
0,1,3,4,7,17,33,35,37,39
0,1,2,4,18,20,30,32,35,37
0,1,3,4,7,17,20,23,26,33
0,1,2,4,18,20,26,30,33,36
0,1,3,4,7,17,29,33,35,39
0,1,2,3,5,7,27,32,34,37
0,1,3,4,6,20,30,33,35,37
0,1,2,6,7,8,14,20,33,38
0,1,2,7,8,14,15,20,27,32
0,1,2,4,18,20,24,31,33,35
0,1,3,4,7,17,20,27,31,33
0,1,2,3,4,20,31,32,35,36
0,1,2,4,18,20,27,31,35,38
0,1,3,4,7,17,23,26,30,33
0,1,2,4,18,20,27,29,31,36
0,1,2,4,18,20,27,31,32,36
0,1,2,3,4,20,28,31,34,37
0,1,2,4,18,20,26,29,31,33
0,1,2,3,4,26,28,30,32,34
0,1,2,4,18,20,24,26,29,31
0,1,2,4,18,20,24,27,31,33
0,1,2,4,18,20,24,27,29,31
0,1,3,4,7,17,27,30,33,36
0,1,3,4,7,17,29,31,33,35
0,1,3,7,23,25,27,32,36,38
0,1,3,7,23,25,30,32,34,39
0,1,2,4,18,20,24,29,30,34
0,1,2,4,18,24,26,28,31,33
0,1,2,4,18,24,28,31,33,35
0,1,2,4,18,24,28,31,32,35
0,1,3,4,7,17,23,27,29,33
0,1,2,20,24,25,29,30,34,39
0,1,3,4,7,17,23,27,33,37
0,1,2,3,4,26,27,30,31,39
0,1,2,3,4,26,29,30,33,39
0,1,2,3,25,26,31,32,38,39
0,1,3,4,7,17,26,29,32,33
0,1,3,4,7,17,26,29,30,33
0,1,3,4,7,17,26,29,32,39
0,1,3,4,7,17,26,32,33,39
0,1,3,4,7,17,20,27,30,33
0,1,3,4,7,17,20,27,30,31
0,1,3,4,7,17,20,27,31,36
0,1,3,4,7,17,20,27,31,34
0,1,2,3,20,26,27,32,33,39
0,1,2,4,20,27,31,33,34,38
0,1,3,4,7,17,20,27,33,34
0,1,2,3,4,28,30,33,35,38
0,1,3,4,7,17,31,33,35,37
0,1,2,3,4,26,28,31,33,36
0,1,3,4,7,17,27,29,31,33
0,1,2,4,18,24,28,31,34,38
0,1,3,4,7,17,27,31,33,37
0,1,2,3,8,15,25,27,30,32
0,1,2,3,8,15,25,28,30,35
0,1,2,3,8,15,25,28,30,32
0,1,2,3,8,15,25,28,30,33
0,1,2,7,8,15,25,33,35,38
0,1,2,7,14,15,25,27,32,37
0,1,2,7,8,14,24,25,32,34
0,1,2,3,15,25,26,28,31,34
0,1,2,3,8,25,27,30,32,33
0,1,2,7,8,14,15,24,25,30
0,1,2,3,8,15,25,28,31,34
0,1,2,3,8,15,25,27,28,31
0,1,2,3,15,26,27,29,32,35
0,1,2,3,8,26,28,31,33,34
0,1,2,7,15,25,27,30,32,33
0,1,2,3,8,25,28,30,31,33
0,1,2,7,8,15,32,33,35,38
0,1,2,7,8,14,24,32,34,38
0,1,2,7,8,24,25,33,34,35
0,1,6,8,13,14,24,26,36,38
0,1,2,7,8,14,15,24,27,31
0,1,2,7,8,14,15,24,27,34
0,1,2,7,15,24,26,29,32,34
0,1,3,6,8,20,28,30,32,34
0,1,2,3,8,15,25,28,30,34
0,1,2,3,8,15,27,30,32,35
0,2,5,7,10,12,24,30,32,38
0,2,5,7,10,15,27,32,33,38
0,2,5,7,10,17,24,27,30,33
0,1,2,3,8,15,28,33,34,38
0,1,2,8,14,27,28,33,36,39
0,1,2,3,8,15,20,28,34,38
0,1,2,7,8,15,27,33,35,38
0,1,2,8,14,20,28,31,34,39
0,1,2,3,8,15,28,30,33,34
0,1,2,3,8,15,20,28,30,34
0,1,3,6,18,23,29,31,33,35
0,1,3,6,8,20,23,28,31,34
0,1,3,6,8,20,23,28,33,35
0,1,2,3,8,15,28,31,34,37
0,1,2,3,8,28,30,31,33,36
0,1,2,7,15,27,29,30,32,35
0,1,2,3,8,15,28,30,31,34
0,1,2,3,15,20,28,30,32,34
0,1,2,3,15,28,29,30,32,33
0,1,2,7,15,27,30,32,33,35
0,1,2,3,8,15,28,30,33,35
0,1,3,6,8,23,26,28,31,34
0,1,2,3,8,15,20,28,33,35
0,1,2,3,8,15,28,31,33,38
0,1,2,3,8,15,20,28,31,35
0,1,2,3,15,20,28,29,32,33
0,1,3,6,8,23,26,31,34,38
0,1,2,3,8,28,30,33,35,36
0,1,2,7,15,27,29,32,34,35
0,1,2,3,15,28,29,31,34,37
0,1,2,7,15,26,29,31,32,34
0,1,3,6,8,20,25,28,34,37
0,1,2,7,15,26,27,29,32,34
0,1,3,6,8,20,25,28,30,33
0,2,5,8,10,22,24,27,30,36
0,2,5,8,10,22,24,27,30,32
0,2,5,10,12,17,22,24,30,36
0,1,2,3,8,15,27,30,32,37
0,1,2,3,8,15,27,30,32,34
0,1,2,7,8,14,15,20,34,39
0,1,2,3,8,20,25,26,28,31
0,1,2,7,15,24,26,27,29,32
0,1,3,6,8,20,25,28,31,37
0,1,3,6,18,20,26,28,30,32
0,1,3,6,8,20,25,30,32,37
0,1,2,7,15,24,26,29,31,32
0,1,2,7,15,24,27,29,30,32
0,1,3,6,8,23,26,32,35,38
0,1,3,6,8,26,28,30,32,38
0,1,2,3,8,20,27,28,31,32
0,1,3,6,8,20,23,25,28,31
0,1,2,7,15,24,25,27,30,32
0,1,2,3,8,15,20,25,27,32
0,1,3,6,8,23,26,30,35,38
0,1,2,7,8,14,26,36,38,39
0,1,2,7,8,15,26,27,37,39
0,1,2,7,8,15,27,32,37,39
0,1,2,7,8,14,26,32,36,38
0,1,6,8,13,14,20,25,28,30
0,1,2,8,14,20,26,28,30,32
0,1,6,8,13,14,20,30,32,38
0,1,6,8,13,14,20,28,30,38
0,1,2,7,8,14,24,30,34,36
0,1,2,7,8,24,25,34,35,36
0,1,6,8,13,14,23,26,28,38
0,1,2,8,14,26,28,36,37,38
0,1,2,8,14,24,26,28,30,36
0,1,6,8,13,14,28,30,36,38
0,1,2,7,8,14,15,20,27,34
0,1,2,7,14,15,20,27,29,39
0,1,2,7,14,15,27,29,34,39
0,1,2,7,8,15,20,25,27,35
0,1,2,7,15,20,34,35,37,39
0,1,2,8,14,26,27,28,36,38
0,1,2,8,14,20,26,28,34,36
0,1,6,8,13,14,20,26,28,38
0,1,2,7,24,25,27,34,35,37
0,1,6,8,13,14,26,28,36,38
0,1,2,3,8,26,31,32,34,37
0,2,5,7,10,12,22,24,30,36
0,2,5,7,10,15,24,25,30,39
0,2,5,7,10,17,22,25,36,39
0,2,5,10,12,17,20,22,28,34
0,2,5,10,12,17,22,28,34,36
0,2,5,7,10,17,30,33,36,39
0,2,5,7,10,15,24,33,38,39
0,2,5,8,10,22,24,28,30,36
0,2,5,10,12,17,22,28,30,36
0,1,2,7,15,20,32,33,35,38
0,1,2,7,15,20,32,35,37,38
0,1,3,6,8,20,23,26,31,34
0,1,3,6,8,20,26,34,36,38
0,1,3,6,8,23,26,31,36,38
0,1,2,3,8,15,20,31,34,37
0,1,2,7,15,30,32,33,35,38
0,1,3,6,8,23,26,31,34,37
0,1,2,3,8,15,20,33,34,37
0,1,3,6,8,23,28,31,33,39
0,1,3,6,8,28,31,33,36,39
0,1,3,6,18,20,28,34,36,38
0,1,2,3,8,15,20,33,35,38
0,1,2,7,15,20,32,34,37,39
0,1,3,6,8,25,28,33,36,39
0,1,2,7,15,20,32,34,35,37
0,1,2,3,8,15,20,33,35,37
0,1,2,3,8,30,32,33,35,36
0,1,2,3,8,15,32,33,37,39
0,1,2,7,15,31,32,34,37,39
0,1,3,6,8,23,28,31,36,39
0,1,2,3,8,15,20,25,33,38
0,1,2,3,8,15,20,30,33,35
0,1,2,3,8,15,30,31,33,38
0,1,2,3,8,15,30,33,35,38
0,1,2,3,8,15,30,33,35,37
0,1,2,7,15,30,32,35,37,38
0,1,2,7,8,15,24,25,35,37
0,1,2,7,8,15,25,30,35,37
0,1,2,7,14,15,24,32,34,39
0,1,2,7,8,15,20,25,30,32
0,1,2,7,14,15,24,29,37,39
0,1,3,6,8,20,23,28,31,35
0,1,2,3,8,15,25,30,32,37
0,1,3,6,8,23,31,33,35,37
0,1,3,6,8,20,23,28,31,37
0,1,2,7,15,29,30,32,35,37
0,1,2,7,15,29,32,34,35,37
0,1,2,3,8,15,30,32,35,37
0,1,3,6,8,25,28,30,33,36
0,1,4,5,8,9,12,13,16,17
0,1,4,5,10,11,14,15,22,29
0,1,4,5,10,11,14,15,22,25
0,1,4,5,10,11,14,22,28,35
0,1,4,5,10,11,14,22,26,39
0,1,4,5,10,11,14,15,26,29
0,1,4,5,10,11,14,15,26,39
0,1,4,5,10,11,14,22,29,35
0,1,4,5,10,11,14,28,32,35
0,1,4,5,10,11,14,29,32,35
0,1,4,5,10,11,14,32,36,39
0,1,4,5,10,11,14,32,35,39
0,1,4,5,10,11,14,26,29,32
0,1,4,5,10,11,14,22,26,29
0,1,4,5,10,11,14,22,29,36
0,1,4,5,10,11,14,22,35,38
0,1,4,5,10,11,14,23,36,39
0,1,4,5,10,11,14,20,33,36
0,1,4,5,10,11,14,20,23,36
0,1,4,5,10,11,14,15,20,27
0,1,4,5,10,11,14,23,30,36
0,1,4,5,10,11,14,23,29,36
0,1,4,5,10,11,14,22,35,39
0,1,4,5,10,11,14,15,22,35
0,1,4,5,10,11,14,15,24,37
0,1,4,5,10,11,14,23,27,30
0,1,4,5,10,11,14,23,30,37
0,1,4,5,10,11,14,27,30,33
0,1,4,5,10,11,14,24,30,37
0,1,4,5,10,11,14,15,21,24
0,1,4,5,10,11,14,21,34,37
0,1,4,5,10,11,14,21,24,37
0,1,4,5,10,11,14,15,21,28
0,1,4,5,10,11,14,24,31,37
0,1,4,5,10,11,14,21,24,28
0,1,4,5,10,11,14,24,28,31
0,1,4,5,10,11,14,24,31,38
0,1,4,5,10,11,14,28,31,34
0,1,4,5,10,11,14,21,28,34
0,1,4,5,10,11,14,21,34,38
0,1,4,5,10,11,14,21,25,38
0,1,4,5,10,11,14,21,25,28
0,1,4,5,10,11,14,25,31,38
0,1,4,5,10,11,14,25,28,31
0,1,4,5,10,11,14,21,28,35
0,1,4,5,10,11,14,31,35,38
0,1,4,5,10,11,14,21,24,27
0,1,4,5,10,11,14,31,34,38
0,1,4,5,10,11,14,21,27,34
0,1,4,5,10,11,14,27,31,34
0,1,4,5,10,11,14,24,27,30
0,1,4,5,10,11,14,20,24,27
0,1,4,5,10,11,14,20,24,37
0,1,4,5,10,11,14,20,23,27
0,1,4,5,10,11,14,20,27,33
0,1,4,5,10,11,14,20,33,37
0,1,4,5,10,11,14,29,33,36
0,1,4,5,10,11,14,29,32,36
0,1,4,5,10,11,14,15,23,26
0,1,4,5,10,11,14,15,23,36
0,1,4,5,10,11,14,26,32,39
0,1,4,5,10,11,14,25,32,39
0,1,4,5,10,11,14,22,25,29
0,1,4,5,10,11,14,22,25,38
0,1,4,5,10,11,14,25,32,38
0,1,4,5,10,11,14,22,25,28
0,1,4,5,10,11,14,25,29,32
0,1,4,7,10,11,14,17,22,25
0,1,4,7,10,11,14,17,22,28
0,1,4,7,10,11,14,17,22,29
0,1,4,7,10,11,14,17,22,32
0,1,4,7,10,11,14,17,21,25
0,1,4,7,8,11,14,17,22,35
0,1,4,7,8,11,14,17,22,38
0,1,4,7,10,11,14,17,21,28
0,1,4,7,10,11,14,17,21,24
0,1,4,7,10,11,14,17,21,31
0,1,4,7,10,11,14,17,21,35
0,1,4,7,8,11,14,17,25,28
0,1,4,7,8,11,14,17,25,32
0,1,4,7,8,11,14,17,25,35
0,1,4,7,8,11,14,17,22,25
0,1,4,7,8,11,14,30,37,38
0,1,4,7,8,14,23,30,31,38
0,1,4,7,13,14,23,29,30,31
0,1,4,7,13,14,29,30,31,38
0,1,4,7,8,11,17,26,34,35
0,1,4,7,10,11,26,29,35,38
0,1,4,8,11,12,26,27,30,38
0,1,4,7,8,11,14,17,23,26
0,1,4,7,8,11,14,17,23,33
0,1,4,7,8,11,14,17,23,30
0,1,4,7,10,11,14,17,23,29
0,1,4,7,10,11,14,17,23,26
0,1,4,7,8,11,14,17,23,36
0,1,4,7,8,11,14,17,23,39
0,1,4,7,8,11,17,26,27,31
0,1,4,7,8,11,17,26,27,35
0,1,4,7,8,11,14,17,24,30
0,1,4,7,8,11,14,17,24,27
0,1,4,7,10,11,14,17,20,24
0,1,4,7,10,11,14,17,20,27
0,1,4,7,10,11,14,17,20,30
0,1,4,7,10,11,27,30,35,38
0,1,4,7,10,13,14,24,30,38
0,1,4,8,11,12,27,28,35,38
0,1,4,7,8,11,27,35,36,39
0,1,4,7,10,11,27,35,36,38
0,1,4,7,8,11,14,20,27,39
0,1,4,7,8,11,17,20,24,35
0,1,4,7,8,11,17,20,24,36
0,1,4,7,8,11,17,21,25,29
0,1,4,7,10,11,14,17,20,23
0,1,4,7,10,11,14,17,20,34
0,1,4,7,8,11,14,24,25,32
0,1,4,7,8,11,17,20,21,29
0,1,4,7,10,11,21,24,29,32
0,1,4,7,10,13,14,24,32,38
0,1,4,8,11,12,21,22,29,32
0,1,4,7,13,14,23,24,25,32
0,1,4,7,8,14,24,25,32,37
0,1,4,7,8,11,17,20,24,28
0,1,4,7,8,11,17,20,28,29
0,1,4,7,8,11,14,17,20,33
0,1,4,7,8,11,14,17,24,29
0,1,4,7,8,11,14,31,32,39
0,1,4,7,8,11,17,27,28,32
0,1,4,7,8,11,17,27,28,36
0,1,4,7,10,11,27,30,36,39
0,1,4,7,13,14,30,31,32,39
0,1,4,8,11,12,20,27,28,31
0,1,4,7,8,14,24,31,32,39
0,1,4,7,10,11,14,17,22,26
0,1,4,7,10,11,14,17,22,36
0,1,4,7,8,11,17,28,29,37
0,1,4,7,8,11,14,20,32,33
0,1,4,7,8,11,20,28,29,32
0,1,4,7,10,11,20,28,29,31
0,1,4,7,8,11,14,17,29,32
0,1,4,7,8,11,14,20,32,39
0,1,4,7,8,11,17,28,32,36
0,1,4,7,10,13,14,25,31,39
0,1,4,7,8,14,20,25,32,33
0,1,4,7,13,14,20,31,32,33
0,1,4,7,10,11,20,28,31,37
0,1,4,8,11,12,20,21,28,29
0,1,4,8,11,12,20,28,29,39
0,1,4,7,8,24,27,32,36,39
0,1,4,8,11,12,20,27,28,36
0,1,4,7,8,11,20,23,31,39
0,1,4,7,10,11,20,22,23,31
0,1,4,7,8,23,28,31,36,39
0,1,4,8,11,12,20,23,31,32
0,1,4,7,8,11,14,17,23,35
0,1,4,7,8,11,14,22,23,35
0,1,4,7,8,11,17,20,31,39
0,1,4,7,8,11,17,31,35,39
0,1,4,7,10,13,14,22,28,34
0,1,4,8,11,12,22,23,31,32
0,1,4,7,8,11,14,17,28,31
0,1,4,7,8,11,14,23,24,31
0,1,4,7,8,11,17,23,27,28
0,1,4,7,8,11,17,23,27,39
0,1,4,7,13,14,22,23,24,31
0,1,4,7,8,14,23,24,31,36
0,1,4,7,10,13,14,23,31,37
0,1,4,8,11,12,20,21,28,31
0,1,4,7,8,11,14,30,31,38
0,1,4,7,8,11,17,27,31,35
0,1,4,7,8,24,28,31,36,39
0,1,4,8,11,12,20,28,31,32
0,1,4,7,10,11,27,28,30,39
0,1,4,7,10,13,14,22,30,36
0,1,4,8,11,12,20,23,30,31
0,1,4,7,13,14,21,22,23,30
0,1,4,8,11,12,22,30,31,38
0,1,4,7,10,11,21,22,30,39
0,1,4,7,8,11,22,30,38,39
0,1,4,7,8,11,14,17,22,39
0,1,4,7,8,11,17,22,26,38
0,1,4,7,8,11,17,26,27,38
0,1,4,7,8,11,14,21,22,34
0,1,4,7,8,11,17,30,34,38
0,1,4,7,10,11,21,30,33,38
0,1,4,7,10,13,14,21,27,33
0,1,4,8,11,12,21,22,30,31
0,1,4,7,8,11,14,17,27,30
0,1,4,7,10,11,20,21,29,38
0,1,4,7,8,11,21,29,37,38
0,1,4,7,8,21,26,29,34,38
0,1,4,8,11,12,21,22,29,30
0,1,4,7,10,13,14,21,29,35
0,1,4,8,11,12,22,29,30,39
0,1,4,7,10,13,14,20,26,32
0,1,4,8,11,12,20,21,29,30
0,1,4,7,8,11,21,29,30,33
0,1,4,7,10,11,21,29,30,32
0,1,4,7,8,11,17,29,33,37
0,1,4,7,8,22,27,30,35,39
0,1,4,8,11,12,22,23,30,31
0,1,4,7,10,11,26,27,29,38
0,1,4,8,11,12,27,30,31,38
0,1,4,7,8,11,14,26,27,39
0,1,4,7,8,11,17,23,24,35
0,1,4,7,8,11,17,23,35,39
0,1,4,7,10,11,23,26,35,38
0,1,4,7,10,13,14,26,32,38
0,1,4,8,11,12,23,26,35,36
0,1,4,7,10,11,26,34,35,37
0,1,4,7,8,11,26,34,35,38
0,1,4,8,11,12,26,27,35,38
0,1,4,7,8,11,14,17,24,31
0,1,4,7,8,11,14,17,24,34
0,1,4,7,8,24,27,32,35,39
0,1,4,8,11,12,27,28,35,36
0,1,4,7,8,11,17,24,28,32
0,1,4,7,8,11,17,23,24,32
0,1,4,7,10,13,14,21,27,35
0,1,4,8,11,12,24,25,32,35
0,1,4,7,10,11,24,32,33,35
0,1,4,7,8,11,24,32,33,36
0,1,4,8,11,12,24,25,32,33
0,1,4,7,8,11,17,20,32,36
0,1,4,7,10,11,14,17,21,27
0,1,4,7,8,11,20,21,24,32
0,1,4,7,10,11,20,21,23,32
0,1,4,7,8,11,17,21,33,37
0,1,4,7,10,11,14,17,20,26
0,1,4,7,10,11,20,23,32,35
0,1,4,7,10,13,14,23,29,35
0,1,4,8,11,12,20,23,32,33
0,1,4,7,13,14,23,34,35,36
0,1,4,7,8,14,23,28,35,36
0,1,4,7,8,11,23,31,32,35
0,1,4,7,10,11,23,31,32,34
0,1,4,7,8,20,23,28,31,35
0,1,4,8,11,12,23,24,31,32
0,1,4,7,8,11,17,23,27,31
0,1,4,7,8,14,20,27,28,35
0,1,4,7,13,14,20,26,27,28
0,1,4,7,13,14,26,27,28,35
0,1,4,8,11,12,23,24,27,35
0,1,4,7,10,11,23,24,26,35
0,1,4,7,8,11,14,25,26,38
0,1,4,7,8,14,26,31,38,39
0,1,4,7,13,14,26,37,38,39
0,1,4,7,8,11,17,22,23,34
0,1,4,7,8,11,14,26,27,34
0,1,4,7,10,13,14,20,26,34
0,1,4,7,10,11,23,26,31,34
0,1,4,8,11,12,23,24,31,34
0,1,4,7,10,11,22,23,25,34
0,1,4,7,8,11,22,23,26,34
0,1,4,7,8,23,26,31,34,39
0,1,4,8,11,12,23,26,27,34
0,1,4,7,8,11,14,25,37,38
0,1,4,7,10,13,14,25,31,37
0,1,4,8,11,12,22,25,34,35
0,1,4,7,8,11,22,25,33,37
0,1,4,7,13,14,25,36,37,38
0,1,4,8,11,12,22,25,26,33
0,1,4,7,8,11,17,21,22,33
0,1,4,7,10,13,14,24,30,36
0,1,4,8,11,12,21,24,33,34
0,1,4,7,8,14,25,30,37,38
0,1,4,7,8,11,14,25,26,33
0,1,4,7,8,11,17,22,34,38
0,1,4,7,8,11,17,22,26,30
0,1,4,7,8,14,26,27,34,39
0,1,4,7,13,14,25,26,27,34
0,1,4,7,8,11,17,22,30,31
0,1,4,7,10,11,22,30,31,33
0,1,4,7,8,11,22,30,31,34
0,1,4,7,10,11,22,25,30,33
0,1,4,7,10,13,14,25,33,39
0,1,4,8,11,12,22,23,30,33
0,1,4,7,10,11,21,22,24,33
0,1,4,7,8,11,21,22,25,33
0,1,4,7,8,14,25,26,33,38
0,1,4,7,10,11,21,24,30,33
0,1,4,7,13,14,24,25,26,33
0,1,4,7,8,11,14,17,21,34
0,1,4,8,11,12,23,27,37,39
0,1,4,8,11,12,23,37,38,39
0,1,4,8,11,12,23,26,27,37
0,1,4,8,11,12,22,23,27,33
0,1,4,8,11,12,22,26,29,33
0,1,4,8,11,12,22,26,33,37
0,1,4,8,11,12,22,23,27,29
0,1,4,8,11,12,22,23,27,38
0,1,4,8,11,12,22,26,29,39
0,1,4,8,11,12,22,27,29,38
0,1,4,8,11,12,22,33,37,38
0,1,4,8,11,12,22,37,38,39
0,1,4,8,11,12,23,26,30,33
0,1,4,8,11,12,23,26,30,39
0,1,4,8,11,12,22,26,30,34
0,1,4,8,11,12,22,26,30,38
0,1,4,8,11,12,21,29,31,37
0,1,4,8,11,12,22,30,34,38
0,1,4,8,11,12,21,22,30,38
0,1,4,8,11,12,26,30,34,38
0,1,4,8,11,12,21,22,27,34
0,1,4,8,11,12,21,22,34,39
0,1,4,8,11,12,21,26,29,31
0,1,4,8,11,12,21,26,29,34
0,1,4,8,11,12,21,26,29,38
0,1,4,8,11,12,22,31,34,37
0,1,4,8,11,12,21,29,31,34
0,1,4,8,11,12,22,29,30,31
0,1,4,8,11,12,30,31,38,39
0,1,4,8,11,12,22,27,30,39
0,1,4,8,11,12,22,30,31,39
0,1,4,8,11,12,29,30,38,39
0,1,4,8,11,12,21,29,30,38
0,1,4,8,11,12,26,31,34,37
0,1,4,8,11,12,26,27,37,38
0,1,4,8,11,12,27,30,38,39
0,1,4,8,11,12,26,31,34,39
0,1,4,8,11,12,20,23,30,38
0,1,4,8,11,12,20,23,26,31
0,1,4,8,11,12,23,26,29,31
0,1,4,8,11,12,22,29,31,39
0,1,4,8,11,12,20,26,30,38
0,1,4,8,11,12,20,22,34,37
0,1,4,8,11,12,21,23,26,29
0,1,4,8,11,12,20,22,29,37
0,1,4,8,11,12,20,22,30,34
0,1,4,8,11,12,21,22,30,33
0,1,4,8,11,12,20,22,30,31
0,1,4,8,11,12,20,21,26,33
0,1,4,8,11,12,21,26,33,39
0,1,4,8,11,12,20,21,22,26
0,1,4,8,11,12,20,22,26,30
0,1,4,8,11,12,20,21,22,39
0,1,4,8,11,12,21,22,29,39
0,1,4,8,11,12,20,23,38,39
0,1,4,8,11,12,20,30,34,38
0,1,4,8,11,12,20,23,26,33
0,1,4,8,11,12,20,23,30,33
0,1,4,8,11,12,20,22,23,30
0,1,4,8,11,12,20,22,27,34
0,1,4,8,11,12,26,31,33,39
0,1,4,8,11,12,20,22,26,31
0,1,4,8,11,12,23,26,30,34
0,1,4,8,11,12,20,23,26,30
0,1,4,8,11,12,20,23,27,31
0,1,4,8,11,12,20,23,31,39
0,1,4,8,11,12,20,30,31,39
0,1,4,8,11,12,20,23,29,31
0,1,4,8,11,12,20,23,30,37
0,1,4,8,11,12,20,27,30,37
0,1,4,8,11,12,20,23,27,30
0,1,4,8,11,12,20,21,27,33
0,1,4,8,11,12,20,21,30,31
0,1,4,8,11,12,20,29,30,39
0,1,4,8,11,12,20,21,26,30
0,1,4,8,11,12,20,21,30,37
0,1,4,8,11,12,20,22,29,31
0,1,4,8,11,12,20,27,29,31
0,1,4,8,11,12,20,23,34,39
0,1,4,8,11,12,20,21,23,37
0,1,4,8,11,12,20,26,27,31
0,1,4,8,11,12,22,26,27,31
0,1,4,8,11,12,22,26,31,33
0,1,4,8,11,12,22,31,33,37
0,1,4,8,11,12,21,22,31,38
0,1,4,8,11,12,21,22,23,26
0,1,4,8,11,12,21,22,26,37
0,1,4,8,11,12,21,22,23,27
0,1,4,8,11,12,23,26,30,37
0,1,4,8,11,12,23,27,30,34
0,1,4,8,11,12,27,30,34,37
0,1,4,8,11,12,26,30,35,37
0,1,4,8,11,12,27,31,34,38
0,1,4,8,11,12,24,26,30,35
0,1,4,8,11,12,20,24,30,34
0,1,4,8,11,12,20,24,31,35
0,1,4,8,11,12,28,30,34,39
0,1,4,8,11,12,27,31,35,39
0,1,4,8,11,12,23,27,31,35
0,1,4,8,11,12,27,28,34,38
0,1,4,8,11,12,26,27,31,37
0,1,4,8,11,12,23,24,30,34
0,1,4,8,11,12,20,23,24,26
0,1,4,8,11,12,23,26,31,38
0,1,4,8,11,12,20,26,27,28
0,1,4,8,11,12,23,24,30,31
0,1,4,8,11,12,26,27,34,35
0,1,4,8,11,12,23,30,35,36
0,1,4,8,11,12,23,30,35,37
0,1,4,8,11,12,23,30,35,38
0,1,4,8,11,12,23,27,35,39
0,1,4,8,11,12,30,34,35,36
0,1,4,8,11,12,26,27,30,36
0,1,4,8,11,12,23,27,37,38
0,1,4,8,11,12,26,27,35,36
0,1,4,8,11,12,26,27,38,39
0,1,4,8,11,12,20,23,28,31
0,1,4,8,11,12,20,23,31,34
0,1,4,8,11,12,20,23,28,35
0,1,4,8,11,12,24,27,34,37
0,1,4,8,11,12,24,27,31,34
0,1,4,8,11,12,20,34,35,36
0,1,4,8,11,12,20,23,24,34
0,1,4,8,11,12,20,24,35,39
0,1,4,8,11,12,26,27,36,37
0,1,4,8,11,12,23,26,27,36
0,1,4,8,11,12,20,24,26,35
0,1,4,8,11,12,20,23,26,28
0,1,4,8,11,12,20,23,28,37
0,1,4,8,11,12,24,27,35,36
0,1,4,8,11,12,20,24,28,36
0,1,4,8,11,12,23,26,28,31
0,1,4,8,11,12,23,28,31,34
0,1,4,8,11,12,23,28,31,36
0,1,4,8,11,12,23,24,31,36
0,1,4,8,11,12,23,24,31,38
0,1,4,8,11,12,26,28,31,34
0,1,4,8,11,12,27,28,37,38
0,1,4,8,11,12,27,28,38,39
0,1,4,8,11,12,20,28,31,39
0,1,4,8,11,12,20,27,28,35
0,1,4,8,11,12,24,31,36,38
0,1,4,8,11,12,24,31,36,39
0,1,4,8,11,12,27,28,36,39
0,1,4,8,11,12,20,31,35,36
0,1,4,8,11,12,20,35,36,37
0,1,4,8,11,12,20,24,38,39
0,1,4,8,11,12,27,28,31,38
0,1,4,8,11,12,20,24,30,31
0,1,4,8,11,12,23,24,28,30
0,1,4,8,11,12,23,24,28,37
0,1,4,8,11,12,23,28,37,39
0,1,4,8,11,12,20,24,27,31
0,1,4,8,11,12,23,28,30,39
0,1,4,8,11,12,20,23,27,39
0,1,4,8,11,12,20,24,28,30
0,1,4,8,11,12,20,27,28,39
0,1,4,8,11,12,23,27,31,39
0,1,4,8,11,12,24,31,36,37
0,1,4,8,11,12,23,28,30,36
0,1,4,8,11,12,23,28,29,36
0,1,4,8,11,12,23,28,35,36
0,1,4,8,11,12,20,31,32,39
0,1,4,8,11,12,20,21,28,35
0,1,4,8,11,12,20,27,32,34
0,1,4,8,11,12,20,27,32,35
0,1,4,8,11,12,20,22,28,35
0,1,4,8,11,12,23,24,32,33
0,1,4,8,11,12,23,24,35,36
0,1,4,8,11,12,20,26,27,32
0,1,4,8,11,12,20,27,32,33
0,1,4,8,11,12,24,26,32,39
0,1,4,8,11,12,23,24,26,36
0,1,4,8,11,12,20,23,30,32
0,1,4,8,11,12,24,27,30,32
0,1,4,8,11,12,24,33,36,39
0,1,4,8,11,12,22,24,36,39
0,1,4,8,11,12,23,24,32,35
0,1,4,8,11,12,23,25,28,31
0,1,4,8,11,12,20,25,28,37
0,1,4,8,11,12,20,29,32,35
0,1,4,8,11,12,24,25,27,32
0,1,4,8,11,12,24,25,32,39
0,1,4,8,11,12,20,28,31,37
0,1,4,8,11,12,21,24,27,32
0,1,4,8,11,12,21,24,31,39
0,1,4,8,11,12,20,32,35,38
0,1,4,8,11,12,20,24,28,32
0,1,4,8,11,12,23,25,35,39
0,1,4,8,11,12,23,24,25,28
0,1,4,8,11,12,22,23,24,28
0,1,4,8,11,12,22,24,28,32
0,1,4,8,11,12,24,28,32,36
0,1,4,8,11,12,22,28,32,35
0,1,4,8,11,12,20,28,32,36
0,1,4,8,11,12,20,23,27,33
0,1,4,8,11,12,20,23,33,36
0,1,4,8,11,12,20,24,32,36
0,1,4,8,11,12,22,23,31,35
0,1,4,8,11,12,22,31,35,39
0,1,4,8,11,12,20,22,31,35
0,1,4,8,11,12,20,22,32,36
0,1,4,8,11,12,20,22,28,32
0,1,4,8,11,12,24,27,31,35
0,1,4,8,11,12,28,31,35,39
0,1,4,8,11,12,22,24,32,36
0,1,4,8,11,12,20,23,24,39
0,1,4,8,11,12,23,24,27,33
0,1,4,8,11,12,27,31,32,33
0,1,4,8,11,12,20,30,31,36
0,1,4,8,11,12,27,30,31,32
0,1,4,8,11,12,20,23,36,39
0,1,4,8,11,12,23,32,36,39
0,1,4,8,11,12,20,24,33,35
0,1,4,8,11,12,20,29,31,35
0,1,4,8,11,12,21,24,28,31
0,1,4,8,11,12,28,32,35,39
0,1,4,8,11,12,20,24,31,33
0,1,4,8,11,12,20,24,29,39
0,1,4,8,11,12,20,23,29,39
0,1,4,8,11,12,23,27,28,29
0,1,4,8,11,12,20,21,31,36
0,1,4,8,11,12,27,28,32,38
0,1,4,8,11,12,27,31,32,36
0,1,4,8,11,12,27,31,36,38
0,1,4,8,11,12,25,27,31,36
0,1,4,8,11,12,24,28,31,35
0,1,4,8,11,12,22,23,28,32
0,1,4,8,11,12,23,24,28,39
0,1,4,8,11,12,23,26,27,32
0,1,4,8,11,12,23,24,28,34
0,1,4,8,11,12,23,27,28,32
0,1,4,8,11,12,21,23,27,32
0,1,4,8,11,12,23,27,32,34
0,1,4,8,11,12,20,21,24,25
0,1,4,8,11,12,20,21,24,39
0,1,4,8,11,12,22,23,26,27
0,1,4,8,11,12,23,26,27,28
0,1,4,8,11,12,32,35,36,39
0,1,4,8,11,12,23,25,26,27
0,1,4,8,11,12,23,26,27,29
0,1,4,8,11,12,23,26,36,39
0,1,4,8,11,12,22,26,35,39
0,1,4,8,11,12,25,26,35,36
0,1,4,8,11,12,22,27,36,38
0,1,4,8,11,12,23,25,27,29
0,1,4,8,11,12,23,25,33,35
0,1,4,8,11,12,23,26,29,36
0,1,4,8,11,12,26,27,29,39
0,1,4,8,11,12,23,26,33,36
0,1,4,8,11,12,26,29,36,39
0,1,4,8,11,12,22,27,36,39
0,1,4,8,11,12,22,27,34,39
0,1,4,8,11,12,22,27,30,33
0,1,4,8,11,12,22,23,31,34
0,1,4,8,11,12,23,26,34,35
0,1,4,8,11,12,22,23,24,27
0,1,4,8,11,12,22,24,27,30
0,1,4,8,11,12,22,24,27,34
0,1,4,8,11,12,22,27,30,35
0,1,4,8,11,12,23,24,25,34
0,1,4,8,11,12,23,24,34,35
0,1,4,8,11,12,21,23,24,31
0,1,4,8,11,12,21,24,27,34
0,1,4,8,11,12,21,24,31,34
0,1,4,8,11,12,21,23,24,25
0,1,4,8,11,12,24,25,34,35
0,1,4,8,11,12,23,24,33,34
0,1,4,8,11,12,22,26,34,38
0,1,4,8,11,12,21,23,25,27
0,1,4,8,11,12,22,27,29,34
0,1,4,8,11,12,22,25,26,27
0,1,4,8,11,12,22,25,26,28
0,1,4,8,11,12,22,25,35,38
0,1,4,8,11,12,22,35,38,39
0,1,4,8,11,12,31,34,35,38
0,1,4,8,11,12,22,27,28,35
0,1,4,8,11,12,22,27,29,35
0,1,4,8,11,12,22,26,27,28
0,1,4,8,11,12,22,25,27,39
0,1,4,8,11,12,21,27,29,35
0,1,4,8,11,12,25,27,35,38
0,1,4,8,11,12,25,28,31,38
0,1,4,8,11,12,25,28,35,38
0,1,4,8,11,12,21,28,31,38
0,1,4,8,11,12,21,25,27,31
0,1,4,8,11,12,28,31,35,38
0,1,4,8,11,12,27,28,29,38
0,1,4,8,11,12,28,29,35,39
0,1,4,8,11,12,28,29,38,39
0,1,4,8,11,12,26,29,30,35
0,1,4,8,11,12,21,22,26,31
0,1,4,8,11,12,26,29,30,31
0,1,4,8,11,12,22,23,25,26
0,1,4,8,11,12,22,23,33,38
0,1,4,8,11,12,22,23,29,38
0,1,4,8,11,12,22,26,33,35
0,1,4,8,11,12,23,25,34,38
0,1,4,8,11,12,22,26,32,38
0,1,4,8,11,12,22,23,32,38
0,1,4,8,11,12,23,34,38,39
0,1,4,8,11,12,22,23,34,35
0,1,4,8,11,12,23,25,31,38
0,1,4,8,11,12,21,22,26,35
0,1,4,8,11,12,21,25,30,34
0,1,4,8,11,12,21,30,34,39
0,1,4,8,11,12,21,22,31,35
0,1,4,8,11,12,22,32,34,38
0,1,4,8,11,12,23,31,35,39
0,1,4,8,11,12,23,32,34,38
0,1,4,8,11,12,21,23,32,35
0,1,4,8,11,12,23,32,35,38
0,1,4,8,11,12,21,23,35,38
0,1,4,8,11,12,22,23,26,39
0,1,4,8,11,12,22,23,32,33
0,1,4,8,11,12,26,31,32,39
0,1,4,8,11,12,26,30,31,32
0,1,4,8,11,12,22,23,26,32
0,1,4,8,11,12,22,23,33,39
0,1,4,8,11,12,30,33,34,35
0,1,4,8,11,12,22,23,32,39
0,1,4,8,11,12,21,22,31,32
0,1,4,8,11,12,21,23,25,32
0,1,4,8,11,12,22,25,31,35
0,1,4,8,11,12,22,23,25,39
0,1,4,8,11,12,22,32,35,39
0,1,4,8,11,12,22,23,29,35
0,1,4,8,11,12,22,29,32,39
0,1,4,8,11,12,22,25,32,35
0,1,4,8,11,12,23,25,29,30
0,1,4,8,11,12,22,23,29,33
0,1,4,8,11,12,23,25,29,34
0,1,4,8,11,12,20,21,22,23
0,1,4,8,11,12,20,25,32,33
0,1,4,8,11,12,22,23,29,30
0,1,4,8,11,12,22,25,30,33
0,1,4,8,11,12,20,22,30,32
0,1,4,8,11,12,20,21,23,32
0,1,4,8,11,12,20,23,25,34
0,1,4,8,11,12,20,23,25,32
0,1,4,8,11,12,21,22,23,24
0,1,4,8,11,12,21,26,33,34
0,1,4,8,11,12,21,22,23,30
0,1,4,8,11,12,22,23,33,34
0,1,4,8,11,12,22,23,30,37
0,1,4,8,11,12,22,23,25,30
0,1,4,8,11,12,20,23,24,29
0,1,4,8,11,12,20,23,24,25
0,1,4,8,11,12,20,23,25,37
0,1,4,8,11,12,20,21,23,33
0,1,4,8,11,12,21,23,29,36
0,1,4,8,11,12,20,21,30,36
0,1,4,8,11,12,20,24,29,33
0,1,4,8,11,12,21,23,32,36
0,1,4,8,11,12,21,32,36,37
0,1,4,8,11,12,20,23,24,37
0,1,4,8,11,12,20,33,36,37
0,1,4,8,11,12,20,25,29,36
0,1,4,8,11,12,28,32,37,39
0,1,4,8,11,12,29,32,33,36
0,1,4,8,11,12,20,29,33,39
0,1,4,8,11,12,20,25,32,37
0,1,4,8,11,12,20,26,32,36
0,1,4,8,11,12,20,25,32,39
0,1,4,8,11,12,20,21,29,32
0,1,4,8,11,12,20,29,32,37
0,1,4,8,11,12,21,33,36,39
0,1,4,8,11,12,20,21,22,25
0,1,4,8,11,12,21,29,33,37
0,1,4,8,11,12,21,28,33,36
0,1,4,8,11,12,21,30,32,36
0,1,4,8,11,12,20,21,25,36
0,1,4,8,11,12,20,21,25,39
0,1,4,8,11,12,26,29,33,36
0,1,4,8,11,12,22,25,30,37
0,1,4,8,11,12,21,22,25,32
0,1,4,8,11,12,21,22,26,32
0,1,4,8,11,12,21,25,26,30
0,1,4,8,11,12,21,25,30,32
0,1,4,8,11,12,21,25,29,33
0,1,4,8,11,12,20,22,26,36
0,1,4,8,11,12,20,29,36,39
0,1,4,8,11,12,29,32,36,39
0,1,4,8,11,12,21,25,30,39
0,1,4,8,11,12,22,25,30,39
0,1,4,8,11,12,21,24,26,35
0,1,4,8,11,12,21,26,35,38
0,1,4,8,11,12,21,26,29,32
0,1,4,8,11,12,21,26,33,38
0,1,4,8,11,12,21,25,29,38
0,1,4,8,11,12,22,25,29,38
0,1,4,8,11,12,21,25,34,38
0,1,4,8,11,12,21,25,29,37
0,1,4,8,11,12,21,26,35,37
0,1,4,8,11,12,21,26,28,37
0,1,4,8,11,12,21,22,25,26
0,1,4,8,11,12,21,22,25,33
0,1,4,8,11,12,21,25,33,37
0,1,4,8,11,12,21,22,28,29
0,1,4,8,11,12,21,22,33,34
0,1,4,8,11,12,21,22,24,32
0,1,4,8,11,12,21,22,24,33
0,1,4,8,11,12,22,25,33,34
0,1,4,8,11,12,24,26,29,32
0,1,4,8,11,12,24,26,29,36
0,1,4,8,11,12,24,25,26,36
0,1,4,8,11,12,25,26,32,33
0,1,4,8,11,12,25,29,33,37
0,1,4,8,11,12,24,25,33,36
0,1,4,8,11,12,24,25,26,28
0,1,4,8,11,12,24,26,28,33
0,1,4,8,11,12,25,29,32,36
0,1,4,8,11,12,26,28,32,37
0,1,4,8,11,12,25,26,32,36
0,1,4,8,11,12,21,35,36,37
0,1,4,8,11,12,24,25,33,34
0,1,4,8,11,12,21,28,33,34
0,1,4,8,11,12,24,25,35,36
0,1,4,8,11,12,22,24,32,34
0,1,4,8,11,12,22,24,26,28
0,1,4,8,11,12,24,25,29,35
0,1,4,8,11,12,24,25,28,35
0,1,4,8,11,12,24,28,33,35
0,1,4,8,11,12,21,28,33,35
0,1,4,8,11,12,21,22,24,29
0,1,4,8,11,12,21,22,29,36
0,1,4,8,11,12,22,25,29,32
0,1,4,8,11,12,25,26,29,35
0,1,4,8,11,12,29,33,34,35
0,1,4,8,11,12,22,36,37,38
0,1,4,8,11,12,25,26,33,36
0,1,4,8,11,12,22,29,34,36
0,1,4,8,11,12,22,29,34,37
0,1,4,8,11,12,25,26,34,35
0,1,4,8,11,12,22,33,34,35
0,1,4,8,11,12,25,26,33,34
0,1,4,8,11,12,22,29,34,35
0,1,4,8,11,12,21,24,29,32
0,1,4,8,11,12,21,24,29,36
0,1,4,8,11,12,25,28,32,35
0,1,4,8,11,12,24,29,32,35
0,1,4,8,11,12,24,29,32,37
0,1,4,8,11,12,21,36,37,38
0,1,4,8,11,12,21,25,28,38
0,1,4,8,11,12,21,28,29,38
0,1,4,8,11,12,22,25,28,30
0,1,4,8,11,12,20,22,25,28
0,1,4,8,11,12,20,22,25,32
0,1,4,8,11,12,20,25,32,38
0,1,4,8,11,12,25,30,32,38
0,1,4,8,11,12,22,25,30,32
0,1,4,8,11,12,20,25,28,31
0,1,4,8,11,12,20,25,28,33
0,1,4,8,11,12,20,21,31,32
0,1,4,8,11,12,21,31,33,34
0,1,4,8,11,12,25,30,31,33
0,1,4,8,11,12,22,24,30,37
0,1,4,8,11,12,25,30,31,38
0,1,4,8,11,12,20,21,28,33
0,1,4,8,11,12,24,29,31,37
0,1,4,8,11,12,21,31,34,38
0,1,4,8,11,12,21,22,24,25
0,1,4,8,11,12,21,22,25,38
0,1,4,8,11,12,28,31,32,33
0,1,4,8,11,12,20,21,31,37
0,1,4,8,11,12,21,22,37,38
0,1,4,8,11,12,20,21,25,31
0,1,4,8,11,12,20,24,29,31
0,1,4,8,11,12,21,22,25,31
0,1,4,8,11,12,25,29,30,31
0,1,4,8,11,12,20,24,31,37
0,1,4,8,11,12,21,25,28,32
0,1,4,8,11,12,28,32,33,34
0,1,4,8,11,12,24,25,28,34
0,1,4,8,11,12,21,22,32,38
0,1,4,8,11,12,29,32,33,34
0,1,4,8,11,12,21,25,32,34
0,1,4,8,11,12,22,24,28,33
0,1,4,8,11,12,21,22,28,32
0,1,4,8,11,12,21,24,25,34
0,1,4,8,11,12,22,24,33,37
0,1,4,8,11,12,21,22,32,33
0,1,4,8,11,12,21,24,32,33
0,1,4,8,11,12,20,25,34,37
0,1,4,8,11,12,20,21,32,33
0,1,4,8,11,12,24,29,30,37
0,1,5,6,10,11,22,23,29,30
0,1,5,6,10,11,21,22,23,35
0,1,5,6,10,14,15,23,30,38
0,1,5,6,10,11,21,22,23,30
0,1,5,6,10,11,21,22,29,30
0,1,5,6,10,11,22,23,34,35
0,1,5,6,10,14,22,23,30,34
0,1,5,6,10,14,22,23,30,38
0,1,5,9,10,21,22,29,30,33
0,1,5,6,12,13,22,23,24,25
0,1,5,6,12,13,25,26,34,38
0,1,5,6,10,11,30,31,32,39
0,1,5,6,10,14,15,27,32,34
0,1,5,6,10,11,30,31,32,38
0,1,5,6,10,14,22,26,30,38
0,1,5,6,12,13,31,32,33,34
0,1,5,6,10,11,31,32,38,39
0,1,5,9,10,22,30,31,38,39
0,1,5,6,10,11,30,31,38,39
0,1,5,6,11,12,25,31,32,38
0,1,5,6,10,14,15,26,31,34
0,1,5,6,10,14,15,26,31,39
0,1,5,6,10,14,26,30,31,38
0,1,5,6,10,14,15,26,31,38
0,1,5,6,12,13,30,31,32,33
0,1,5,9,10,21,29,30,37,38
0,1,5,6,10,11,30,31,37,38
0,1,5,6,12,13,24,25,33,37
0,1,5,6,12,13,21,25,29,37
0,1,5,6,10,11,21,22,34,35
0,1,5,6,12,13,34,35,36,37
0,1,5,9,10,21,22,25,33,34
0,1,5,6,11,12,21,22,28,34
0,1,5,6,10,14,15,23,30,35
0,1,5,6,11,12,22,28,34,36
0,1,5,6,10,14,21,23,30,34
0,1,5,6,10,11,21,28,34,35
0,1,5,6,10,14,20,27,31,39
0,1,5,6,11,12,20,26,32,33
0,1,5,6,11,12,25,32,38,39
0,1,5,6,10,14,15,26,34,39
0,1,5,6,12,13,21,25,32,33
0,1,5,6,10,11,25,26,37,38
0,1,5,6,11,12,20,26,32,38
0,1,5,6,10,14,25,27,34,38
0,1,5,6,12,13,21,28,29,37
0,1,5,6,10,11,20,21,22,33
0,1,5,6,10,11,21,22,33,34
0,1,5,6,10,14,21,22,29,33
0,1,5,6,10,14,15,22,29,34
0,1,5,6,11,12,20,22,28,34
0,1,5,6,10,14,20,27,29,36
0,1,5,6,10,11,20,21,27,34
0,1,5,6,11,12,21,22,28,35
0,1,5,6,10,14,21,23,27,34
0,1,5,6,11,12,21,27,29,35
0,1,5,6,10,11,20,21,28,39
0,1,5,6,10,14,15,21,23,28
0,1,5,6,10,11,20,27,28,39
0,1,5,6,12,13,20,23,27,39
0,1,5,6,12,13,23,27,34,35
0,1,5,6,12,13,20,27,33,34
0,1,5,6,12,13,20,23,32,33
0,1,5,6,12,13,20,26,27,34
0,1,5,6,12,13,20,23,35,39
0,1,5,6,12,13,23,27,31,35
0,1,5,6,12,13,20,23,32,34
0,1,5,6,12,13,20,34,35,39
0,1,5,6,12,13,23,27,33,35
0,1,5,6,12,13,23,32,33,38
0,1,5,6,12,13,23,24,25,39
0,1,5,6,12,13,23,25,31,33
0,1,5,6,12,13,23,31,32,33
0,1,5,6,12,13,23,26,31,32
0,1,5,6,12,13,23,26,32,33
0,1,5,6,12,13,23,26,33,34
0,1,5,6,12,13,20,26,32,38
0,1,5,6,12,13,20,24,26,31
0,1,5,9,13,14,20,24,31,33
0,1,5,6,12,13,20,23,32,35
0,1,5,6,12,13,20,23,25,32
0,1,5,6,12,13,20,23,31,33
0,1,5,6,12,13,20,23,27,31
0,1,5,6,12,13,20,23,33,38
0,1,5,6,12,13,20,23,26,30
0,1,5,6,12,13,20,23,27,34
0,1,5,6,12,13,20,23,27,35
0,1,5,6,12,13,23,27,35,39
0,1,5,9,13,14,20,22,24,31
0,1,5,9,13,14,20,22,27,31
0,1,5,6,12,13,20,27,30,34
0,1,5,6,12,13,20,27,31,33
0,1,5,6,12,13,20,26,30,34
0,1,5,6,12,13,20,25,27,30
0,1,5,6,12,13,20,27,32,35
0,1,5,6,12,13,32,33,34,35
0,1,5,9,10,20,23,31,32,39
0,1,5,6,12,13,20,27,35,39
0,1,5,6,12,13,20,27,31,39
0,1,5,6,12,13,20,26,27,31
0,1,5,6,12,13,26,32,33,39
0,1,5,9,13,22,26,30,34,38
0,1,5,6,12,13,20,25,26,31
0,1,5,6,12,13,20,24,25,26
0,1,5,6,12,13,20,24,26,32
0,1,5,6,12,13,20,24,32,34
0,1,5,6,12,13,20,31,32,33
0,1,5,6,12,13,20,25,27,32
0,1,5,6,12,13,20,27,32,39
0,1,5,6,12,13,20,24,32,33
0,1,5,6,12,13,20,23,24,27
0,1,5,6,12,13,20,24,33,39
0,1,5,9,13,20,23,27,31,39
0,1,5,6,10,14,20,24,31,33
0,1,5,6,12,13,20,24,26,33
0,1,5,6,12,13,24,27,33,39
0,1,5,6,12,13,20,27,32,34
0,1,5,6,12,20,24,29,33,38
0,1,5,6,12,13,20,25,27,34
0,1,5,6,12,13,20,27,34,38
0,1,5,6,12,13,20,24,25,39
0,1,5,6,12,13,26,27,32,38
0,1,5,6,12,20,23,24,29,38
0,1,5,6,12,23,27,32,33,38
0,1,5,6,12,20,23,32,34,38
0,1,5,6,13,14,27,28,32,33
0,1,6,7,12,13,21,27,33,35
0,1,6,7,12,13,20,26,32,34
0,1,5,6,12,13,33,34,38,39
0,1,5,6,12,23,26,28,32,37
0,1,5,6,12,13,32,33,37,38
0,1,5,6,12,23,26,32,37,38
0,1,5,6,13,14,26,27,31,32
0,1,5,6,12,13,25,26,33,37
0,1,5,6,12,13,25,26,33,38
0,1,5,6,12,23,24,25,28,29
0,1,5,6,12,23,24,28,37,39
0,1,5,6,12,13,24,25,29,33
0,1,5,6,12,13,22,23,24,33
0,1,5,6,12,13,24,25,29,30
0,1,5,6,12,13,24,30,33,37
0,1,5,6,12,13,20,21,24,34
0,1,5,6,12,13,20,21,24,37
0,1,5,6,12,13,20,21,28,29
0,1,5,6,12,13,20,21,29,32
0,1,5,6,12,13,20,37,38,39
0,1,5,6,12,13,20,24,28,32
0,1,5,6,12,13,20,21,22,23
0,1,5,6,12,13,20,21,22,36
0,1,5,6,12,13,20,24,28,34
0,1,5,6,12,13,28,29,33,34
0,1,5,6,12,13,20,21,24,25
0,1,5,6,12,13,20,21,25,35
0,1,5,6,12,13,20,21,25,26
0,1,5,6,12,13,20,21,25,36
0,1,5,6,12,13,20,21,25,34
0,1,5,6,12,13,20,21,28,34
0,1,5,6,12,13,20,21,28,33
0,1,5,6,12,13,20,21,32,33
0,1,5,6,12,13,20,25,32,33
0,1,5,6,12,13,21,24,33,34
0,1,5,6,12,13,20,27,28,39
0,1,5,6,12,13,21,24,33,35
0,1,5,6,12,13,20,21,24,35
0,1,5,6,12,13,20,21,35,36
0,1,5,6,12,13,20,21,22,30
0,1,5,6,12,13,20,22,28,30
0,1,5,6,12,13,20,21,30,34
0,1,5,6,12,13,20,27,28,35
0,1,5,6,12,13,20,21,26,31
0,1,5,6,12,13,20,21,26,35
0,1,5,6,12,20,25,28,34,39
0,1,5,6,12,13,20,21,22,39
0,1,5,6,12,13,20,26,31,34
0,1,5,6,12,20,21,25,36,39
0,1,5,6,12,13,20,23,29,36
0,1,5,6,12,13,20,27,31,35
0,1,5,6,12,13,21,26,28,31
0,1,5,6,12,13,20,26,28,34
0,1,5,6,12,13,22,26,32,39
0,1,5,6,12,13,22,26,31,33
0,1,5,6,12,13,20,26,31,35
0,1,5,6,12,20,25,27,31,36
0,1,5,6,12,13,21,34,36,39
0,1,5,6,12,13,20,28,34,36
0,1,5,6,12,13,20,22,29,35
0,1,5,6,12,13,22,24,29,33
0,1,5,6,12,13,22,24,30,34
0,1,5,6,12,13,20,24,28,33
0,1,5,6,12,13,20,24,33,35
0,1,5,6,12,13,21,24,28,34
0,1,5,6,12,20,25,30,34,36
0,1,5,6,12,21,25,28,30,34
0,1,5,6,12,21,25,30,34,36
0,1,5,6,12,13,26,28,31,33
0,1,5,6,12,13,23,25,32,38
0,1,5,6,12,13,23,25,32,39
0,1,5,6,12,22,26,28,32,37
0,1,5,6,12,22,26,28,33,37
0,1,5,6,12,13,21,25,27,34
0,1,5,6,12,13,21,28,32,34
0,1,5,6,12,13,21,25,28,34
0,1,5,9,13,14,21,25,32,34
0,1,5,6,12,23,28,32,34,39
0,1,5,6,12,13,25,32,34,37
0,1,5,6,12,13,32,34,37,39
0,1,5,6,12,13,25,29,33,37
0,1,5,6,12,13,21,25,33,34
0,1,5,6,12,13,33,34,35,36
0,1,5,9,13,20,21,24,28,32
0,1,5,6,12,13,20,27,28,32
0,1,5,6,12,13,20,27,28,36
0,1,5,6,12,13,26,27,32,37
0,1,5,6,12,13,20,25,26,36
0,1,5,6,12,13,20,25,26,37
0,1,5,6,12,13,20,25,28,36
0,1,5,6,13,14,20,21,25,26
0,1,5,6,12,20,26,31,32,37
0,1,5,6,12,13,27,28,32,33
0,1,5,6,12,13,20,26,27,33
0,1,5,6,12,20,22,26,31,37
0,1,5,6,12,13,20,21,22,26
0,1,5,6,12,13,20,27,33,36
0,1,5,9,13,14,20,24,33,35
0,1,5,6,12,13,20,28,32,36
0,1,5,6,12,13,20,27,29,32
0,1,5,6,12,13,27,29,32,34
0,1,5,6,12,13,21,22,26,27
0,1,5,6,12,20,21,25,26,31
0,1,5,6,12,20,25,26,31,34
0,1,5,6,12,13,20,22,26,34
0,1,5,6,12,13,20,21,27,34
0,1,5,6,12,13,20,22,29,36
0,1,5,6,12,20,25,31,34,36
0,1,5,6,12,21,25,30,35,39
0,1,5,6,12,13,21,24,33,36
0,1,5,6,12,13,24,26,31,33
0,1,5,6,12,13,24,26,32,38
0,1,5,6,12,13,20,24,32,36
0,1,5,6,12,13,21,24,26,39
0,1,5,6,12,13,24,26,33,37
0,1,5,6,12,13,20,25,32,37
0,1,5,6,12,13,24,26,31,36
0,1,5,6,12,13,24,26,29,31
0,1,5,6,12,13,24,26,29,39
0,1,5,6,12,13,20,21,25,33
0,1,5,6,12,13,20,26,32,36
0,1,5,6,12,13,20,25,32,36
0,1,5,9,13,14,20,24,26,33
0,1,5,6,12,13,20,26,33,36
0,1,5,6,12,13,20,27,28,37
0,1,5,6,12,13,25,26,27,28
0,1,5,6,12,13,21,24,32,34
0,1,5,6,12,13,21,24,34,39
0,1,5,6,12,13,22,24,29,34
0,1,5,6,12,13,22,24,29,37
0,1,5,6,12,13,22,24,30,33
0,1,5,6,12,13,20,22,25,28
0,1,5,6,12,13,20,22,25,35
0,1,6,7,12,13,20,22,28,34
0,1,5,6,12,13,20,22,27,30
0,1,5,6,12,13,22,31,34,39
0,1,5,6,12,13,22,25,32,33
0,1,5,6,12,13,22,30,31,32
0,1,5,6,12,13,23,24,25,31
0,1,5,6,12,13,23,24,32,38
0,1,6,7,12,13,25,31,33,39
0,1,5,6,12,13,21,22,28,29
0,1,5,6,12,13,21,24,29,33
0,1,5,6,12,13,24,28,32,33
0,1,5,6,12,21,23,27,29,33
0,1,5,6,13,14,21,29,33,37
0,1,5,6,12,13,21,25,32,37
0,1,5,6,12,13,21,25,33,37
0,1,5,6,12,13,28,32,33,37
0,1,5,6,21,22,23,24,27,38
0,1,5,9,13,14,21,32,36,37
0,1,5,6,13,22,24,28,33,37
0,1,5,6,12,13,21,24,28,37
0,1,5,6,12,13,21,24,25,28
0,1,5,6,12,13,21,25,32,38
0,1,5,9,13,14,20,22,26,33
0,1,5,6,12,22,25,31,36,37
0,1,5,6,12,22,25,27,31,36
0,1,5,6,12,25,27,31,32,36
0,1,5,9,14,20,22,26,31,33
0,1,5,6,12,22,27,31,33,37
0,1,5,6,12,13,25,28,32,36
0,1,5,6,12,13,23,25,28,33
0,1,5,6,12,13,24,28,32,36
0,1,5,9,14,20,22,24,31,33
0,1,5,6,12,22,27,28,32,33
0,1,5,6,12,13,21,30,33,38
0,1,5,6,12,13,21,22,28,32
0,1,5,6,12,13,21,22,25,28
0,1,5,6,12,13,21,22,36,37
0,1,5,6,12,13,31,33,36,38
0,1,5,6,13,14,21,25,33,37
0,1,5,6,12,13,25,31,32,38
0,1,5,9,13,21,25,29,33,37
0,1,5,6,12,13,21,23,28,33
0,1,5,6,12,13,21,26,28,33
0,1,5,6,12,13,21,28,29,38
0,1,5,6,12,13,26,27,28,29
0,1,5,6,12,13,21,23,28,36
0,1,5,6,12,13,22,28,33,36
0,1,5,6,12,13,21,23,26,28
0,1,5,6,12,13,21,22,23,28
0,1,5,6,12,13,21,22,27,28
0,1,5,6,12,13,21,23,27,34
0,1,5,6,12,13,21,23,28,30
0,1,5,6,12,21,23,27,32,36
0,1,5,6,12,13,21,22,28,35
0,1,5,6,12,13,22,28,29,33
0,1,5,6,12,13,21,23,30,34
0,1,5,6,12,13,21,23,29,35
0,1,5,6,12,13,23,30,33,37
0,1,5,9,13,14,21,23,25,30
0,1,5,6,12,13,22,23,29,38
0,1,5,6,12,13,22,23,37,38
0,1,5,6,12,13,21,22,37,38
0,1,5,6,12,13,22,33,37,38
0,1,5,6,13,22,26,31,33,37
0,1,5,9,13,14,22,27,29,31
0,1,5,6,12,13,21,27,30,34
0,1,5,6,12,13,21,27,34,37
0,1,5,6,26,27,30,31,32,33
0,1,5,9,13,14,21,25,26,30
0,1,5,9,14,22,27,29,36,38
0,1,5,6,12,27,32,33,37,38
0,1,5,6,12,13,21,28,34,37
0,1,5,9,13,14,21,25,34,36
0,1,5,9,14,21,23,25,32,34
0,1,5,9,13,14,21,22,26,37
0,1,5,6,12,13,21,27,28,34
0,1,5,6,12,21,23,27,32,34
0,1,5,6,12,13,21,26,27,33
0,1,5,6,12,13,27,33,34,38
0,1,5,6,12,26,28,32,33,37
0,1,5,9,14,21,23,27,32,34
0,1,5,6,12,23,28,32,34,38
0,1,5,6,12,21,23,27,32,38
0,1,5,6,12,21,27,32,33,38
0,1,5,6,13,14,21,22,26,27
0,1,5,6,12,13,21,22,23,27
0,1,5,6,12,13,21,23,26,34
0,1,5,6,12,13,21,23,26,36
0,1,5,6,12,13,21,23,36,38
0,1,5,6,12,13,21,22,23,29
0,1,5,6,12,13,21,22,29,35
0,1,5,6,12,13,21,22,23,30
0,1,5,6,12,13,22,29,30,37
0,1,5,6,12,13,21,22,26,34
0,1,5,6,12,20,22,26,31,36
0,1,5,9,14,20,22,29,31,35
0,1,5,6,12,13,21,25,31,34
0,1,5,6,12,13,21,22,25,38
0,1,5,6,12,13,21,22,23,26
0,1,5,6,12,13,29,30,34,35
0,1,5,6,12,20,21,22,25,36
0,1,5,6,13,14,29,30,34,35
0,1,5,6,12,13,21,26,29,35
0,1,6,7,12,13,21,23,29,35
0,1,5,6,12,13,22,25,31,34
0,1,5,6,12,13,22,23,24,30
0,1,5,6,12,13,21,26,29,34
0,1,5,6,12,13,21,22,25,35
0,1,5,6,12,13,22,25,29,36
0,1,5,6,12,13,21,22,31,37
0,1,5,6,12,21,22,31,36,37
0,1,5,6,12,13,21,25,31,38
0,1,5,6,12,13,21,25,26,30
0,1,5,6,20,21,34,35,36,37
0,1,5,9,13,14,25,29,30,34
0,1,5,6,12,13,25,26,30,31
0,1,5,6,12,20,25,29,31,36
0,1,5,6,12,13,21,24,26,29
0,1,5,6,12,13,21,24,29,36
0,1,5,6,12,13,24,25,30,31
0,1,5,6,12,13,25,30,37,38
0,1,5,6,12,13,23,24,25,26
0,1,5,6,12,13,26,30,31,35
0,1,5,6,12,13,23,24,30,34
0,1,5,6,12,13,24,26,30,38
0,1,5,6,12,20,24,26,29,31
0,1,5,6,12,20,24,26,30,35
0,1,5,6,12,20,24,26,31,35
0,1,5,6,12,13,23,25,31,34
0,1,5,6,12,13,23,25,30,35
0,1,5,6,12,20,26,29,35,38
0,1,5,6,12,13,25,31,34,38
0,1,5,6,12,20,25,26,30,31
0,1,5,6,10,16,21,25,32,34
0,1,5,10,11,15,26,29,36,39
0,1,5,14,15,21,27,29,33,39
0,1,5,6,10,15,21,26,34,39
0,1,5,6,10,11,25,26,32,39
0,1,5,6,11,15,20,26,33,39
0,1,5,6,11,15,20,26,27,33
0,1,5,6,10,15,21,26,28,33
0,1,5,6,10,16,21,28,32,39
0,1,5,10,11,15,23,26,33,36
0,1,5,14,15,20,26,28,34,36
0,1,5,14,15,20,22,26,32,34
0,1,5,6,10,15,27,32,34,39
0,1,5,6,10,16,20,27,31,38
0,1,5,14,15,25,27,33,35,39
0,1,5,6,10,16,25,27,34,38
0,1,5,6,10,15,20,25,27,32
0,1,5,6,10,15,20,25,33,38
0,1,5,6,10,16,20,24,31,33
0,1,5,10,11,15,25,28,35,38
0,1,5,14,15,20,26,28,32,38
0,1,5,6,10,11,24,25,31,38
0,1,5,6,11,15,25,26,32,39
0,1,5,6,11,15,26,32,33,39
0,1,5,6,10,16,21,23,30,34
0,1,5,14,15,22,28,30,36,38
0,1,5,6,10,15,23,28,30,35
0,1,5,6,10,15,26,31,33,38
0,1,5,6,10,16,24,26,33,37
0,1,5,10,11,15,21,28,31,38
0,1,5,14,15,21,25,31,33,39
0,1,5,6,10,11,24,31,37,38
0,1,5,6,11,15,25,32,38,39
0,1,5,6,10,11,21,27,28,34
0,1,5,6,10,16,23,27,34,36
0,1,5,6,10,15,21,23,28,36
0,1,5,14,15,21,23,29,31,35
0,1,5,6,11,15,22,28,29,35
0,1,5,6,10,15,21,29,34,36
0,1,5,10,11,15,21,24,31,34
0,1,5,14,15,22,24,28,34,36
0,1,5,6,10,16,20,27,29,36
0,1,5,6,11,15,21,22,28,35
0,1,5,6,10,14,15,25,33,38
0,1,5,6,10,11,29,30,37,38
0,1,5,6,10,11,23,29,30,36
0,1,5,6,11,12,23,24,30,31
0,1,5,6,10,14,23,25,29,36
0,1,5,6,11,12,23,29,31,37
0,1,5,6,10,16,25,29,36,38
0,1,5,6,10,15,23,25,30,38
0,1,5,10,11,15,20,23,30,33
0,1,5,14,15,23,25,31,33,37
0,1,5,6,11,12,24,25,38,39
0,1,5,6,10,11,24,25,37,38
0,1,5,9,10,24,25,28,36,37
0,1,5,6,10,14,25,33,37,38
0,1,5,6,10,14,25,29,33,37
0,1,5,6,12,13,24,25,32,37
0,1,5,6,13,14,32,33,37,38
0,1,6,7,12,13,20,26,32,38
0,1,5,6,20,23,34,37,38,39
0,1,5,6,12,13,20,24,28,29
0,1,5,6,12,13,20,24,25,29
0,1,5,6,12,23,28,29,34,37
0,1,5,6,12,23,25,28,34,37
0,1,5,6,12,23,25,29,34,39
0,1,5,6,12,20,24,29,34,38
0,1,5,6,12,20,23,24,29,32
0,1,5,6,12,23,24,29,32,38
0,1,5,6,12,23,29,32,34,38
0,1,5,6,12,13,20,24,28,30
0,1,5,6,12,13,23,24,28,29
0,1,5,6,12,13,24,25,30,35
0,1,5,6,12,13,23,24,35,38
0,1,5,6,12,13,24,30,35,38
0,1,5,6,12,13,23,25,29,31
0,1,5,6,12,23,24,25,29,34
0,1,5,6,12,23,25,29,31,34
0,1,5,6,12,23,24,29,34,38
0,1,5,6,13,14,23,24,38,39
0,1,5,6,12,24,29,30,35,38
0,1,5,6,12,20,24,25,29,30
0,1,5,6,12,20,24,29,35,38
0,1,5,6,12,13,23,24,25,35
0,1,5,6,12,13,23,25,31,37
0,1,6,7,12,13,24,26,32,38
0,1,6,7,12,13,23,25,31,37
0,1,5,6,12,20,23,25,34,35
0,1,5,6,12,20,23,29,34,35
0,1,5,6,12,13,20,23,29,35
0,1,5,6,12,20,23,25,31,34
0,1,5,6,12,13,20,23,29,31
0,1,5,6,12,13,30,31,35,36
0,1,5,6,12,13,20,28,30,36
0,1,5,6,12,13,20,30,31,35
0,1,5,6,12,20,23,25,29,34
0,1,5,6,12,20,25,29,30,31
0,1,5,6,12,20,25,29,30,34
0,1,5,6,12,20,25,29,31,35
0,1,5,6,12,20,25,30,34,35
0,1,5,6,12,13,20,24,35,39
0,1,5,6,25,28,29,30,31,34
0,1,5,6,12,20,25,34,36,39
0,1,5,6,12,13,20,31,35,39
0,1,5,6,12,13,20,24,28,36
0,1,5,6,12,20,25,28,34,36
0,1,5,6,12,13,20,24,25,36
0,1,5,6,30,33,34,35,36,39
0,1,5,6,12,20,24,25,30,35
0,1,5,9,13,14,24,28,29,33
0,1,5,6,12,13,24,25,32,36
0,1,5,6,12,13,23,24,30,37
0,1,5,6,12,13,23,29,32,36
0,1,5,6,12,13,20,23,36,39
0,1,5,6,12,13,23,25,29,36
0,1,5,6,12,13,24,28,31,35
0,1,5,6,12,13,24,25,28,31
0,1,5,6,12,13,23,29,35,39
0,1,5,6,12,23,25,28,30,34
0,1,5,6,12,23,25,30,34,39
0,1,5,9,13,14,23,24,28,39
0,1,5,6,12,28,30,34,35,39
0,1,5,6,12,13,23,29,30,36
0,1,5,6,12,13,20,29,35,36
0,1,5,9,14,20,24,29,31,38
0,1,5,6,12,20,29,34,35,39
0,1,5,6,12,13,23,30,31,35
0,1,5,6,13,14,20,24,28,36
0,1,5,6,13,20,24,29,31,35
0,1,5,9,14,23,25,29,34,36
0,1,5,6,12,13,20,23,25,38
0,1,5,6,12,13,20,23,30,35
0,1,5,6,12,13,20,23,31,35
0,1,5,9,13,14,20,23,27,31
0,1,5,6,12,13,23,25,28,30
0,1,5,6,12,13,25,29,32,38
0,1,5,9,13,14,20,25,29,36
0,1,5,9,14,20,27,29,33,38
0,1,5,6,12,23,24,28,29,38
0,1,5,6,12,13,25,28,32,39
0,1,5,6,12,20,24,25,34,39
0,1,5,9,13,14,28,32,33,37
0,1,5,9,13,14,20,29,32,36
0,1,5,6,13,14,25,29,33,37
0,1,5,9,13,14,25,28,32,36
0,1,5,6,12,13,24,25,32,38
0,1,5,9,13,20,24,28,32,36
0,1,5,6,12,13,24,25,38,39
0,1,5,9,14,23,25,32,34,38
0,1,5,6,12,13,23,25,28,36
0,1,5,6,12,13,23,25,28,38
0,1,5,6,12,13,23,24,25,32
0,1,5,6,12,13,24,25,36,37
0,1,5,6,12,13,20,23,30,31
0,1,5,6,12,13,24,29,30,36
0,1,5,6,12,13,23,29,31,36
0,1,5,6,12,13,23,29,31,37
0,1,5,6,12,13,21,24,30,36
0,1,5,6,12,20,24,29,30,35
0,1,5,6,12,20,29,31,35,37
0,1,6,7,12,13,24,30,32,38
0,1,5,6,13,14,24,25,29,30
0,1,5,6,12,13,21,23,30,37
0,1,5,6,12,20,22,26,31,35
0,1,5,9,14,24,26,30,35,37
0,1,5,6,12,20,21,26,31,35
0,1,5,6,12,20,21,26,35,37
0,1,5,6,12,21,26,31,35,37
0,1,5,6,12,20,21,26,29,35
0,1,6,7,12,13,23,29,31,37
0,1,5,6,12,20,26,29,31,35
0,1,5,6,12,13,20,24,30,37
0,1,5,6,12,13,21,24,30,37
0,1,5,9,13,14,21,25,30,32
0,1,5,6,21,22,25,26,27,28
0,1,5,9,13,14,20,21,25,36
0,1,5,6,12,13,20,23,27,36
0,1,5,6,12,13,20,27,31,36
0,1,5,6,12,20,22,27,31,36
0,1,5,6,12,13,20,24,31,37
0,1,5,9,13,14,21,24,28,37
0,1,5,9,14,21,26,28,35,37
0,1,5,6,12,13,23,24,27,28
0,1,5,6,12,13,31,32,36,37
0,1,5,6,12,13,20,29,30,31
0,1,5,6,12,13,20,22,29,37
0,1,5,6,12,13,20,22,35,37
0,1,5,6,12,13,23,24,31,36
0,1,5,6,12,13,24,29,36,37
0,1,5,6,12,13,23,24,31,32
0,1,5,6,12,13,29,30,31,32
0,1,5,6,12,20,21,24,30,35
0,1,5,6,12,20,21,30,35,36
0,1,5,9,14,21,25,30,32,39
0,1,5,6,12,20,21,24,26,35
0,1,5,6,26,29,30,31,32,35
0,1,5,9,13,14,20,24,25,29
0,1,5,6,12,13,21,24,28,35
0,1,5,6,12,13,20,21,24,27
0,1,5,6,12,13,21,28,29,36
0,1,5,6,12,13,21,22,23,24
0,1,5,6,12,13,21,28,31,35
0,1,5,6,12,13,20,23,28,32
0,1,5,6,12,13,23,27,28,32
0,1,5,6,13,14,20,21,35,36
0,1,5,6,12,13,20,21,27,28
0,1,5,6,12,13,21,28,32,35
0,1,5,9,13,14,21,23,28,32
0,1,5,6,12,13,21,27,31,35
0,1,5,6,13,14,20,28,32,36
0,1,5,6,10,16,21,28,30,37
0,1,5,6,10,11,21,22,28,35
0,1,5,6,11,15,22,29,35,36
0,1,5,6,10,15,22,30,35,37
0,1,5,10,11,15,22,25,32,35
0,1,5,14,15,23,25,29,35,37
0,1,5,6,12,13,21,22,30,36
0,1,5,6,12,21,23,28,32,37
0,1,5,6,12,21,26,32,35,37
0,1,5,6,12,21,26,27,32,35
0,1,5,6,12,13,22,23,27,28
0,1,5,6,13,14,21,22,36,37
0,1,6,7,12,13,22,24,30,36
0,1,5,6,13,14,24,28,32,36
0,1,5,6,12,13,23,24,28,36
0,1,5,6,12,13,23,24,27,37
0,1,5,6,12,13,23,24,28,37
0,1,5,6,12,22,23,27,28,37
0,1,5,9,14,26,28,32,37,39
0,1,5,6,12,13,24,27,31,37
0,1,5,9,13,14,28,31,35,39
0,1,5,6,12,22,24,28,33,38
0,1,5,9,14,22,24,31,33,37
0,1,5,6,12,13,23,27,31,39
0,1,5,6,12,13,23,27,28,39
0,1,5,6,12,22,24,27,33,36
0,1,5,6,12,13,23,28,31,36
0,1,5,6,12,13,24,27,36,37
0,1,5,6,12,22,23,24,27,28
0,1,5,6,12,22,23,28,37,39
0,1,5,6,22,33,36,37,38,39
0,1,5,9,13,14,27,31,32,36
0,1,5,6,12,13,23,24,37,38
0,1,5,6,12,22,28,31,33,37
0,1,5,6,12,22,23,28,31,37
0,1,5,6,12,23,28,33,37,39
0,1,5,6,12,13,23,31,38,39
0,1,5,6,12,13,28,31,38,39
0,1,5,6,12,13,23,24,38,39
0,1,5,9,13,14,24,27,31,35
0,1,5,9,13,23,27,31,35,39
0,1,5,9,14,22,24,28,33,35
0,1,5,6,12,13,24,27,31,38
0,1,5,6,12,23,24,27,33,38
0,1,5,6,12,23,24,33,38,39
0,1,5,6,12,13,22,24,28,31
0,1,5,6,12,13,22,28,31,35
0,1,5,6,12,23,24,27,29,38
0,1,5,6,29,32,33,34,35,38
0,1,5,9,13,14,23,27,28,32
0,1,5,6,12,13,23,24,27,30
0,1,5,6,12,13,22,28,35,38
0,1,5,6,10,11,22,28,29,35
0,1,5,10,11,15,22,29,32,39
0,1,5,14,15,22,24,30,32,36
0,1,5,6,10,15,22,24,29,37
0,1,5,6,10,16,24,28,35,37
0,1,5,6,13,14,22,23,37,38
0,1,5,6,12,13,22,24,28,35
0,1,5,6,12,13,23,30,34,37
0,1,5,6,12,22,24,28,33,37
0,1,5,6,12,23,28,34,37,39
0,1,5,6,13,14,23,24,28,29
0,1,5,6,12,13,22,27,29,34
0,1,5,6,12,13,22,23,28,29
0,1,5,6,12,13,23,28,35,36
0,1,5,6,12,13,22,23,30,31
0,1,5,6,12,13,28,29,30,31
0,1,5,6,12,13,22,24,27,29
0,1,5,6,11,15,22,23,29,36
0,1,5,6,12,22,27,28,33,36
0,1,5,6,12,22,27,33,36,38
0,1,5,6,28,31,32,33,34,37
0,1,5,9,13,14,22,26,27,31
0,1,5,6,12,13,22,23,34,35
0,1,5,6,12,13,22,23,30,35
0,1,5,6,12,13,22,24,31,35
0,1,5,6,12,13,22,24,31,38
0,1,5,6,12,13,22,29,31,34
0,1,5,6,12,13,29,31,34,36
0,1,5,6,11,15,23,24,30,37
0,1,5,6,11,15,23,30,36,37
0,1,5,6,11,15,23,29,30,36
0,1,5,6,10,15,24,29,31,36
0,1,5,6,10,16,22,24,31,35
0,1,5,14,15,23,29,31,37,39
0,1,5,14,15,24,26,30,36,38
0,1,5,6,10,16,22,29,31,38
0,1,5,6,10,15,23,31,36,38
0,1,5,6,12,13,24,31,35,38
0,1,5,9,13,14,22,24,26,31
0,1,5,6,12,13,23,30,36,39
0,1,5,6,12,13,22,23,26,36
0,1,5,6,12,13,22,23,27,36
0,1,5,6,12,13,26,27,31,36
0,1,5,6,12,21,25,26,27,30
0,1,5,6,12,21,25,26,30,39
0,1,5,9,13,14,20,24,35,39
0,1,5,9,14,20,25,27,34,36
0,1,5,6,12,25,30,31,35,36
0,1,5,6,12,13,24,25,26,27
0,1,5,6,12,13,24,31,32,39
0,1,5,6,12,13,23,30,31,38
0,1,5,6,10,11,23,24,30,37
0,1,5,6,11,15,24,30,31,37
0,1,5,6,11,15,24,31,37,38
0,1,5,6,13,14,31,32,36,37
0,1,5,6,12,13,24,25,31,35
0,1,5,6,12,13,23,24,35,36
0,1,5,6,12,13,36,37,38,39
0,1,5,6,12,13,35,36,37,38
0,1,5,6,12,21,22,26,30,36
0,1,5,6,13,14,30,31,35,36
0,1,5,6,12,21,22,27,30,36
0,1,5,6,12,21,27,30,32,36
0,1,5,6,12,13,23,26,30,37
0,1,5,6,10,11,24,30,31,37
0,1,5,6,11,15,25,31,32,38
0,1,5,6,11,15,24,25,31,38
0,1,5,6,12,21,24,30,35,36
0,1,5,6,12,21,26,30,31,35
0,1,5,6,12,21,24,26,30,35
0,1,5,6,12,13,24,30,31,37
0,1,5,6,12,13,24,31,32,36
0,1,5,6,12,13,25,31,32,36
0,1,5,6,13,14,20,24,25,39
0,1,5,6,12,13,22,24,27,32
0,1,5,6,12,13,23,30,32,35
0,1,5,6,12,13,30,32,35,37
0,1,5,6,12,21,26,30,32,36
0,1,5,6,12,13,25,32,35,39
0,1,5,6,12,13,24,26,30,37
0,1,5,6,12,13,22,24,31,39
0,1,5,6,12,13,22,24,32,37
0,1,5,6,12,13,23,25,32,36
0,1,5,6,12,13,22,27,30,35
0,1,5,6,12,13,23,26,30,36
0,1,5,6,12,13,23,27,30,36
0,1,5,9,13,14,23,27,34,36
0,1,5,6,10,15,24,32,37,39
0,1,5,6,10,16,23,30,32,39
0,1,5,14,15,25,27,31,37,39
0,1,5,6,10,16,26,30,37,39
0,1,5,6,10,15,24,26,31,39
0,1,5,14,15,24,26,32,34,38
0,1,5,14,15,20,24,30,32,38
0,1,5,6,10,15,25,30,32,37
0,1,5,6,10,16,23,25,32,36
0,1,5,6,12,13,22,24,37,39
0,1,5,6,12,21,23,27,32,37
0,1,5,9,14,21,23,30,32,36
0,1,5,6,12,22,23,26,32,37
0,1,5,6,12,22,23,32,37,38
0,1,5,6,20,21,22,23,26,27
0,1,5,9,13,14,20,31,35,36
0,1,5,6,12,21,26,27,31,32
0,1,5,6,12,13,26,32,35,39
0,1,5,6,12,13,26,27,31,32
0,1,5,6,12,21,25,27,30,36
0,1,5,6,12,21,25,27,31,36
0,1,5,6,12,13,26,27,31,39
0,1,5,6,12,21,25,26,30,31
0,1,5,6,12,25,30,31,36,39
0,1,5,9,14,25,27,31,36,38
0,1,5,6,12,21,22,26,27,36
0,1,5,6,21,32,35,36,37,38
0,1,5,9,13,14,26,30,31,35
0,1,5,6,12,13,25,26,27,38
0,1,5,6,12,13,25,27,30,32
0,1,5,6,12,13,26,31,38,39
0,1,5,6,12,13,22,25,30,32
0,1,5,6,12,21,25,30,36,39
0,1,5,6,20,21,22,25,36,39
0,1,5,9,13,14,30,34,35,39
0,1,5,6,12,22,27,32,36,38
0,1,5,6,12,13,22,25,31,38
0,1,5,6,12,13,22,31,37,38
0,1,5,6,13,14,25,26,30,31
0,1,5,6,12,24,25,30,33,39
0,1,5,6,12,24,30,33,35,39
0,1,5,6,12,13,20,25,26,39
0,1,5,6,12,13,20,21,30,39
0,1,5,6,12,13,20,26,29,30
0,1,5,6,12,13,25,26,29,39
0,1,5,6,12,13,22,26,33,39
0,1,5,6,12,13,25,26,30,39
0,1,5,6,12,13,20,26,29,33
0,1,5,6,12,20,24,29,33,35
0,1,5,6,12,20,24,33,35,39
0,1,5,6,12,13,25,29,30,34
0,1,5,9,13,14,21,30,34,37
0,1,5,9,14,21,28,30,34,39
0,1,5,6,12,24,25,29,30,39
0,1,5,9,13,14,22,33,37,38
0,1,5,6,12,20,24,25,26,29
0,1,5,6,13,14,33,34,38,39
0,1,5,6,12,24,27,29,33,38
0,1,5,6,12,24,27,33,38,39
0,1,5,6,13,14,28,29,33,34
0,1,4,7,13,14,20,21,28,39
0,1,4,7,10,11,25,28,36,39
0,1,4,7,8,11,14,17,26,29
0,1,4,7,8,11,14,17,26,33
0,1,4,8,11,12,21,24,25,26
0,1,4,8,11,12,21,24,25,38
0,1,4,8,11,12,21,24,34,37
0,1,4,8,11,12,21,34,37,38
0,1,4,8,11,12,20,21,26,27
0,1,4,8,11,12,20,29,33,34
0,1,4,8,11,12,20,24,25,29
0,1,4,8,11,12,20,28,29,36
0,1,4,8,11,12,20,24,27,37
0,1,4,8,11,12,20,24,29,38
0,1,4,8,11,12,21,24,28,37
0,1,4,8,11,12,20,25,27,36
0,1,5,6,12,13,20,22,26,33
0,1,5,6,12,13,20,22,29,33
0,1,4,8,11,12,20,29,33,38
0,1,5,6,12,13,21,28,35,39
0,1,4,8,11,12,24,27,28,29
0,1,4,8,11,12,24,27,28,33
0,1,4,8,11,12,20,21,24,37
0,1,4,8,11,12,24,28,29,30
0,1,4,8,11,12,20,21,24,30
0,1,4,8,11,12,20,21,29,37
0,1,4,8,11,12,21,26,30,37
0,1,4,8,11,12,21,29,30,37
0,1,4,8,11,12,21,25,26,27
0,1,4,8,11,12,25,28,29,30
0,1,4,8,11,12,25,28,29,34
0,1,5,6,12,25,28,30,34,39
0,1,5,6,13,14,20,34,35,39
0,1,4,8,11,12,20,27,28,37
0,1,4,8,11,12,20,28,29,37
0,1,4,8,11,12,21,30,33,36
0,1,4,8,11,12,20,26,28,34
0,1,4,8,11,12,21,24,27,29
0,1,4,8,11,12,20,25,26,33
0,1,4,8,11,12,25,26,36,37
0,1,4,8,11,12,28,29,36,37
0,1,4,8,11,12,27,28,36,37
0,1,4,8,11,12,20,25,27,33
0,1,5,6,10,14,15,22,27,34
0,1,5,6,12,13,20,21,38,39
0,1,5,6,10,11,25,26,38,39
0,1,5,6,12,13,20,22,25,27
0,1,6,7,12,13,21,27,33,39
0,1,5,6,12,13,21,26,33,34
0,1,5,6,12,13,20,27,35,38
0,1,5,6,12,13,20,27,38,39
0,1,5,6,12,13,26,27,34,39
0,1,5,6,12,13,20,33,35,38
0,1,4,7,10,11,20,25,28,37
0,1,4,7,10,13,14,20,28,34
0,1,4,7,13,14,20,21,22,29
0,1,4,8,11,12,21,26,27,28
0,1,4,8,11,12,21,26,27,34
0,1,4,8,11,12,28,29,37,38
0,1,4,8,11,12,21,28,29,30
0,1,4,8,11,12,29,30,37,38
0,1,4,8,11,12,21,24,26,38
0,1,5,6,10,15,22,27,29,34
0,1,5,6,10,11,20,27,33,34
0,1,5,6,10,16,20,22,29,33
0,1,5,6,11,15,21,28,34,35
0,1,5,10,11,15,24,27,34,37
0,1,5,14,15,21,27,29,35,37
0,1,5,6,10,11,20,26,27,33
0,1,5,6,10,15,20,22,27,35
0,1,5,6,10,16,22,26,33,35
0,1,5,10,11,15,20,27,30,37
0,1,5,14,15,20,22,28,30,34
0,1,5,6,11,15,21,27,28,34
0,1,5,6,10,16,26,28,35,39
0,1,5,6,10,15,20,28,33,35
0,1,5,14,15,21,23,27,33,35
0,1,5,6,10,11,20,26,33,39
0,1,5,6,11,15,20,21,27,34
0,1,5,6,11,15,20,27,33,34
0,1,4,8,11,12,25,30,33,36
0,1,4,8,11,12,25,26,27,29
0,1,4,8,11,12,25,27,29,34
0,1,4,8,11,12,27,29,33,34
0,1,4,8,11,12,26,27,33,37
0,1,4,8,11,12,25,30,33,38
0,1,4,8,11,12,27,29,33,38
0,1,4,8,11,12,25,27,30,33
0,1,4,7,8,11,17,25,26,34
0,1,4,8,11,12,25,26,34,37
0,1,4,8,11,12,26,29,37,38
0,1,5,6,12,22,24,30,33,39
0,1,5,6,12,13,22,28,30,34
0,1,5,6,12,22,24,28,33,35
0,1,5,6,12,24,28,30,34,39
0,1,5,9,14,23,28,30,37,39
0,1,5,6,12,22,24,28,33,39
0,1,5,6,12,22,28,33,34,39
0,1,5,6,12,13,22,28,30,39
0,1,5,6,12,13,22,28,29,30
0,1,5,6,12,13,22,29,30,39
0,1,5,6,12,13,22,28,34,39
0,1,5,6,12,24,29,33,35,39
0,1,5,9,13,14,22,23,27,38
0,1,5,6,12,28,33,34,38,39
0,1,5,6,12,13,28,34,35,39
0,1,6,7,12,13,22,28,30,36
0,1,5,6,12,13,21,25,34,38
0,1,5,6,12,13,22,29,35,38
0,1,5,6,12,20,24,25,29,38
0,1,5,9,14,22,24,26,33,35
0,1,5,6,12,24,29,30,34,35
0,1,5,6,20,23,24,25,26,29
0,1,5,9,13,14,23,34,38,39
0,1,5,6,12,20,21,25,26,35
0,1,5,9,14,24,26,33,35,39
0,1,5,6,20,21,24,35,38,39
0,1,5,9,13,14,29,33,34,38
0,1,4,8,11,12,20,25,34,36
0,1,4,8,11,12,20,24,25,26
0,1,4,8,11,12,30,33,34,37
0,1,4,7,8,11,14,17,26,36
0,1,4,8,11,12,25,26,30,36
0,1,4,8,11,12,25,29,34,36
0,1,4,8,11,12,26,30,33,37
0,1,4,8,11,12,20,30,33,37
0,1,4,8,11,12,20,24,33,37
0,1,4,7,8,14,21,28,29,36
0,1,4,7,13,14,21,27,28,29
0,1,4,8,11,12,24,25,33,37
0,1,4,8,11,12,24,25,36,37
0,1,4,8,11,12,25,26,34,38
0,1,4,8,11,12,21,26,28,34
0,1,4,8,11,12,25,26,37,38
0,1,4,7,8,11,14,17,21,24
0,1,4,8,11,12,21,24,29,38
0,1,4,8,11,12,24,25,28,29
0,1,4,8,11,12,24,25,28,36
0,1,4,8,11,12,25,28,36,37
0,1,5,6,12,13,22,27,34,35
0,1,5,6,12,13,27,28,29,30
0,1,5,6,13,14,22,23,27,28
0,1,5,6,12,13,21,22,29,30
0,1,5,6,12,13,21,22,29,34
0,1,5,6,12,13,28,30,33,35
